Friday_of_Week,NFCI,ANFCI,Risk,Credit,Leverage,Nonfinancial_Leverage
01/08/1971,0.594,0.588,0.622,-1.114,-1.024,-1.407
01/15/1971,0.626,0.636,0.651,-1.116,-1.042,-1.424
01/22/1971,0.663,0.702,0.686,-1.119,-1.058,-1.439
01/29/1971,0.704,0.78,0.725,-1.124,-1.073,-1.452
02/05/1971,0.747,0.862,0.767,-1.131,-1.085,-1.462
02/12/1971,0.79,0.938,0.81,-1.141,-1.094,-1.47
02/19/1971,0.832,0.999,0.853,-1.154,-1.099,-1.475
02/26/1971,0.874,1.039,0.897,-1.171,-1.101,-1.478
03/05/1971,0.917,1.059,0.943,-1.193,-1.098,-1.477
03/12/1971,0.963,1.063,0.994,-1.219,-1.09,-1.474
03/19/1971,1.014,1.061,1.051,-1.251,-1.077,-1.468
03/26/1971,1.073,1.07,1.118,-1.288,-1.06,-1.46
04/02/1971,1.139,1.107,1.194,-1.33,-1.037,-1.449
04/09/1971,1.211,1.185,1.277,-1.376,-1.01,-1.437
04/16/1971,1.286,1.31,1.362,-1.427,-0.979,-1.423
04/23/1971,1.356,1.472,1.444,-1.48,-0.943,-1.408
04/30/1971,1.415,1.652,1.515,-1.536,-0.905,-1.392
05/07/1971,1.454,1.818,1.566,-1.591,-0.864,-1.375
05/14/1971,1.465,1.935,1.589,-1.646,-0.821,-1.357
05/21/1971,1.444,1.973,1.578,-1.698,-0.777,-1.339
05/28/1971,1.392,1.918,1.536,-1.746,-0.732,-1.321
06/04/1971,1.313,1.767,1.465,-1.789,-0.686,-1.303
06/11/1971,1.214,1.526,1.374,-1.826,-0.641,-1.285
06/18/1971,1.112,1.23,1.279,-1.856,-0.596,-1.267
06/25/1971,1.024,0.92,1.196,-1.878,-0.552,-1.249
07/02/1971,0.966,0.645,1.14,-1.891,-0.51,-1.231
07/09/1971,0.954,0.464,1.127,-1.896,-0.469,-1.214
07/16/1971,0.997,0.422,1.166,-1.891,-0.431,-1.198
07/23/1971,1.097,0.546,1.26,-1.878,-0.395,-1.181
07/30/1971,1.249,0.833,1.402,-1.856,-0.362,-1.166
08/06/1971,1.439,1.247,1.58,-1.826,-0.333,-1.151
08/13/1971,1.647,1.724,1.773,-1.789,-0.308,-1.136
08/20/1971,1.851,2.191,1.961,-1.747,-0.286,-1.122
08/27/1971,2.024,2.573,2.118,-1.701,-0.269,-1.109
09/03/1971,2.153,2.824,2.231,-1.653,-0.256,-1.096
09/10/1971,2.223,2.917,2.286,-1.605,-0.247,-1.083
09/17/1971,2.232,2.862,2.283,-1.557,-0.243,-1.071
09/24/1971,2.185,2.682,2.225,-1.512,-0.245,-1.059
10/01/1971,2.092,2.42,2.124,-1.471,-0.251,-1.047
10/08/1971,1.967,2.12,1.992,-1.436,-0.261,-1.035
10/15/1971,1.828,1.829,1.849,-1.407,-0.277,-1.024
10/22/1971,1.691,1.588,1.711,-1.385,-0.298,-1.013
10/29/1971,1.57,1.424,1.59,-1.37,-0.323,-1.002
11/05/1971,1.474,1.352,1.497,-1.364,-0.351,-0.991
11/12/1971,1.408,1.365,1.434,-1.365,-0.383,-0.981
11/19/1971,1.371,1.447,1.402,-1.375,-0.418,-0.97
11/26/1971,1.355,1.569,1.392,-1.392,-0.454,-0.959
12/03/1971,1.353,1.701,1.398,-1.416,-0.491,-0.949
12/10/1971,1.356,1.815,1.408,-1.447,-0.528,-0.938
12/17/1971,1.354,1.886,1.414,-1.483,-0.563,-0.927
12/24/1971,1.338,1.896,1.406,-1.525,-0.596,-0.916
12/31/1971,1.306,1.843,1.383,-1.571,-0.626,-0.905
01/07/1972,1.248,1.718,1.333,-1.62,-0.652,-0.893
01/14/1972,1.172,1.551,1.267,-1.671,-0.674,-0.881
01/21/1972,1.081,1.355,1.184,-1.724,-0.691,-0.869
01/28/1972,0.981,1.155,1.091,-1.777,-0.704,-0.856
02/04/1972,0.878,0.974,0.996,-1.831,-0.711,-0.842
02/11/1972,0.778,0.822,0.903,-1.883,-0.712,-0.827
02/18/1972,0.685,0.703,0.815,-1.933,-0.708,-0.812
02/25/1972,0.602,0.618,0.737,-1.98,-0.698,-0.796
03/03/1972,0.531,0.562,0.669,-2.025,-0.684,-0.779
03/10/1972,0.471,0.533,0.612,-2.067,-0.663,-0.762
03/17/1972,0.42,0.524,0.562,-2.105,-0.638,-0.743
03/24/1972,0.375,0.525,0.518,-2.139,-0.609,-0.725
03/31/1972,0.332,0.524,0.475,-2.17,-0.575,-0.705
04/07/1972,0.288,0.508,0.43,-2.198,-0.537,-0.685
04/14/1972,0.242,0.468,0.383,-2.222,-0.497,-0.665
04/21/1972,0.193,0.399,0.332,-2.243,-0.454,-0.644
04/28/1972,0.145,0.307,0.281,-2.262,-0.409,-0.624
05/05/1972,0.101,0.203,0.232,-2.279,-0.362,-0.603
05/12/1972,0.063,0.101,0.191,-2.294,-0.314,-0.582
05/19/1972,0.037,0.019,0.16,-2.31,-0.266,-0.561
05/26/1972,0.027,-0.028,0.145,-2.325,-0.218,-0.541
06/02/1972,0.035,-0.03,0.148,-2.342,-0.17,-0.52
06/09/1972,0.06,0.016,0.17,-2.36,-0.123,-0.5
06/16/1972,0.101,0.105,0.208,-2.38,-0.076,-0.48
06/23/1972,0.153,0.226,0.259,-2.402,-0.03,-0.46
06/30/1972,0.209,0.361,0.314,-2.427,0.015,-0.441
07/07/1972,0.261,0.491,0.367,-2.455,0.059,-0.422
07/14/1972,0.302,0.595,0.41,-2.486,0.102,-0.403
07/21/1972,0.326,0.657,0.438,-2.52,0.143,-0.385
07/28/1972,0.33,0.663,0.447,-2.556,0.184,-0.367
08/04/1972,0.311,0.609,0.434,-2.594,0.224,-0.35
08/11/1972,0.273,0.497,0.402,-2.634,0.263,-0.334
08/18/1972,0.218,0.34,0.354,-2.674,0.301,-0.318
08/25/1972,0.153,0.157,0.296,-2.714,0.338,-0.303
09/01/1972,0.085,-0.027,0.234,-2.754,0.375,-0.288
09/08/1972,0.02,-0.188,0.175,-2.791,0.412,-0.274
09/15/1972,-0.036,-0.31,0.123,-2.827,0.448,-0.26
09/22/1972,-0.081,-0.385,0.081,-2.859,0.485,-0.246
09/29/1972,-0.115,-0.417,0.049,-2.887,0.522,-0.233
10/06/1972,-0.138,-0.415,0.026,-2.912,0.56,-0.22
10/13/1972,-0.155,-0.395,0.008,-2.933,0.598,-0.207
10/20/1972,-0.168,-0.367,-0.007,-2.951,0.638,-0.193
10/27/1972,-0.181,-0.344,-0.022,-2.967,0.68,-0.18
11/03/1972,-0.196,-0.333,-0.04,-2.98,0.724,-0.166
11/10/1972,-0.214,-0.338,-0.06,-2.991,0.771,-0.152
11/17/1972,-0.234,-0.364,-0.082,-3.001,0.821,-0.137
11/24/1972,-0.255,-0.411,-0.104,-3.011,0.874,-0.121
12/01/1972,-0.272,-0.473,-0.122,-3.02,0.931,-0.105
12/08/1972,-0.282,-0.541,-0.13,-3.03,0.991,-0.088
12/15/1972,-0.279,-0.603,-0.126,-3.039,1.056,-0.07
12/22/1972,-0.257,-0.643,-0.102,-3.049,1.124,-0.052
12/29/1972,-0.212,-0.646,-0.053,-3.059,1.196,-0.032
01/05/1973,-0.139,-0.6,0.023,-3.07,1.271,-0.011
01/12/1973,-0.037,-0.495,0.128,-3.08,1.349,0.011
01/19/1973,0.092,-0.332,0.26,-3.091,1.43,0.034
01/26/1973,0.244,-0.114,0.413,-3.102,1.512,0.059
02/02/1973,0.412,0.144,0.583,-3.112,1.595,0.084
02/09/1973,0.586,0.42,0.757,-3.121,1.679,0.111
02/16/1973,0.755,0.686,0.926,-3.13,1.763,0.139
02/23/1973,0.91,0.914,1.081,-3.137,1.845,0.168
03/02/1973,1.041,1.083,1.211,-3.143,1.925,0.198
03/09/1973,1.144,1.183,1.312,-3.146,2.004,0.228
03/16/1973,1.214,1.214,1.382,-3.147,2.079,0.26
03/23/1973,1.257,1.194,1.423,-3.145,2.151,0.292
03/30/1973,1.274,1.142,1.439,-3.141,2.22,0.324
04/06/1973,1.271,1.079,1.434,-3.134,2.284,0.356
04/13/1973,1.255,1.022,1.416,-3.123,2.344,0.388
04/20/1973,1.23,0.979,1.39,-3.11,2.399,0.419
04/27/1973,1.202,0.951,1.361,-3.093,2.449,0.45
05/04/1973,1.174,0.93,1.333,-3.072,2.493,0.479
05/11/1973,1.15,0.908,1.309,-3.047,2.532,0.507
05/18/1973,1.131,0.879,1.291,-3.016,2.564,0.533
05/25/1973,1.12,0.84,1.282,-2.98,2.592,0.558
06/01/1973,1.121,0.799,1.284,-2.937,2.613,0.582
06/08/1973,1.135,0.767,1.3,-2.887,2.63,0.604
06/15/1973,1.165,0.756,1.333,-2.829,2.642,0.624
06/22/1973,1.214,0.775,1.383,-2.762,2.65,0.643
06/29/1973,1.283,0.831,1.452,-2.687,2.656,0.661
07/06/1973,1.371,0.923,1.54,-2.603,2.658,0.677
07/13/1973,1.478,1.048,1.644,-2.51,2.659,0.692
07/20/1973,1.598,1.195,1.76,-2.41,2.659,0.706
07/27/1973,1.728,1.359,1.884,-2.302,2.658,0.718
08/03/1973,1.86,1.531,2.008,-2.186,2.656,0.73
08/10/1973,1.989,1.7,2.129,-2.066,2.655,0.74
08/17/1973,2.109,1.857,2.239,-1.94,2.654,0.75
08/24/1973,2.216,1.995,2.336,-1.812,2.653,0.759
08/31/1973,2.304,2.104,2.413,-1.681,2.654,0.768
09/07/1973,2.368,2.177,2.467,-1.551,2.655,0.775
09/14/1973,2.406,2.21,2.495,-1.424,2.658,0.783
09/21/1973,2.419,2.202,2.499,-1.302,2.663,0.79
09/28/1973,2.408,2.145,2.48,-1.186,2.67,0.797
10/05/1973,2.376,2.033,2.441,-1.08,2.679,0.803
10/12/1973,2.331,1.875,2.39,-0.985,2.69,0.81
10/19/1973,2.278,1.682,2.332,-0.902,2.702,0.816
10/26/1973,2.227,1.488,2.276,-0.833,2.717,0.822
11/02/1973,2.183,1.33,2.228,-0.776,2.732,0.828
11/09/1973,2.149,1.247,2.191,-0.732,2.748,0.834
11/16/1973,2.127,1.256,2.166,-0.7,2.765,0.839
11/23/1973,2.109,1.346,2.145,-0.678,2.781,0.845
11/30/1973,2.087,1.478,2.122,-0.665,2.797,0.85
12/07/1973,2.048,1.596,2.084,-0.66,2.813,0.855
12/14/1973,1.985,1.653,2.023,-0.662,2.827,0.859
12/21/1973,1.89,1.616,1.931,-0.669,2.842,0.862
12/28/1973,1.762,1.482,1.807,-0.681,2.855,0.864
01/04/1974,1.601,1.266,1.652,-0.698,2.869,0.866
01/11/1974,1.419,1.003,1.475,-0.718,2.882,0.866
01/18/1974,1.224,0.719,1.286,-0.741,2.896,0.865
01/25/1974,1.029,0.434,1.097,-0.765,2.911,0.862
02/01/1974,0.846,0.165,0.919,-0.791,2.927,0.858
02/08/1974,0.687,-0.077,0.765,-0.816,2.943,0.852
02/15/1974,0.561,-0.278,0.645,-0.838,2.96,0.845
02/22/1974,0.477,-0.42,0.566,-0.858,2.978,0.835
03/01/1974,0.441,-0.491,0.536,-0.872,2.997,0.824
03/08/1974,0.456,-0.485,0.556,-0.88,3.016,0.81
03/15/1974,0.523,-0.405,0.629,-0.881,3.036,0.796
03/22/1974,0.643,-0.266,0.753,-0.874,3.055,0.779
03/29/1974,0.813,-0.081,0.926,-0.859,3.075,0.761
04/05/1974,1.028,0.141,1.143,-0.836,3.093,0.742
04/12/1974,1.284,0.402,1.4,-0.805,3.111,0.722
04/19/1974,1.575,0.7,1.689,-0.766,3.128,0.702
04/26/1974,1.895,1.036,2.006,-0.721,3.143,0.681
05/03/1974,2.236,1.403,2.344,-0.67,3.157,0.659
05/10/1974,2.594,1.795,2.698,-0.613,3.169,0.638
05/17/1974,2.96,2.201,3.062,-0.552,3.179,0.617
05/24/1974,3.326,2.618,3.425,-0.486,3.188,0.596
05/31/1974,3.684,3.052,3.783,-0.418,3.194,0.576
06/07/1974,4.026,3.505,4.126,-0.346,3.198,0.556
06/14/1974,4.342,3.963,4.444,-0.273,3.2,0.537
06/21/1974,4.623,4.403,4.727,-0.199,3.199,0.519
06/28/1974,4.857,4.783,4.964,-0.124,3.195,0.502
07/05/1974,5.035,5.06,5.143,-0.051,3.187,0.487
07/12/1974,5.15,5.206,5.259,0.02,3.176,0.472
07/19/1974,5.202,5.215,5.309,0.089,3.16,0.459
07/26/1974,5.195,5.109,5.298,0.156,3.138,0.447
08/02/1974,5.139,4.928,5.235,0.22,3.111,0.436
08/09/1974,5.043,4.713,5.129,0.282,3.078,0.427
08/16/1974,4.921,4.511,4.995,0.344,3.038,0.419
08/23/1974,4.781,4.351,4.84,0.404,2.992,0.411
08/30/1974,4.632,4.251,4.676,0.464,2.939,0.405
09/06/1974,4.478,4.206,4.506,0.523,2.88,0.399
09/13/1974,4.32,4.195,4.332,0.58,2.815,0.393
09/20/1974,4.16,4.181,4.157,0.636,2.744,0.388
09/27/1974,3.993,4.116,3.977,0.687,2.668,0.381
10/04/1974,3.819,3.97,3.791,0.733,2.587,0.374
10/11/1974,3.638,3.73,3.6,0.772,2.503,0.365
10/18/1974,3.457,3.425,3.411,0.802,2.416,0.354
10/25/1974,3.286,3.101,3.233,0.822,2.326,0.341
11/01/1974,3.13,2.811,3.071,0.831,2.235,0.325
11/08/1974,2.998,2.6,2.933,0.83,2.141,0.307
11/15/1974,2.89,2.486,2.822,0.818,2.046,0.285
11/22/1974,2.803,2.459,2.732,0.795,1.95,0.261
11/29/1974,2.733,2.493,2.662,0.762,1.851,0.233
12/06/1974,2.671,2.552,2.601,0.718,1.751,0.202
12/13/1974,2.607,2.598,2.54,0.665,1.649,0.168
12/20/1974,2.535,2.606,2.474,0.601,1.545,0.132
12/27/1974,2.446,2.549,2.393,0.528,1.44,0.094
01/03/1975,2.337,2.42,2.294,0.444,1.333,0.054
01/10/1975,2.206,2.218,2.176,0.35,1.224,0.012
01/17/1975,2.058,1.961,2.042,0.248,1.115,-0.031
01/24/1975,1.899,1.674,1.898,0.136,1.006,-0.075
01/31/1975,1.735,1.389,1.75,0.018,0.896,-0.119
02/07/1975,1.571,1.131,1.603,-0.107,0.787,-0.164
02/14/1975,1.415,0.917,1.465,-0.237,0.677,-0.208
02/21/1975,1.268,0.749,1.338,-0.369,0.569,-0.252
02/28/1975,1.131,0.617,1.222,-0.503,0.46,-0.296
03/07/1975,1.006,0.511,1.118,-0.635,0.353,-0.34
03/14/1975,0.89,0.42,1.025,-0.765,0.247,-0.383
03/21/1975,0.783,0.339,0.939,-0.891,0.142,-0.425
03/28/1975,0.681,0.264,0.858,-1.01,0.039,-0.467
04/04/1975,0.582,0.193,0.777,-1.123,-0.061,-0.508
04/11/1975,0.485,0.121,0.694,-1.227,-0.158,-0.548
04/18/1975,0.389,0.043,0.609,-1.323,-0.251,-0.587
04/25/1975,0.295,-0.047,0.521,-1.41,-0.34,-0.624
05/02/1975,0.205,-0.145,0.433,-1.488,-0.424,-0.661
05/09/1975,0.121,-0.247,0.347,-1.557,-0.503,-0.696
05/16/1975,0.045,-0.341,0.267,-1.619,-0.577,-0.731
05/23/1975,-0.022,-0.42,0.196,-1.673,-0.646,-0.764
05/30/1975,-0.076,-0.475,0.137,-1.721,-0.708,-0.796
06/06/1975,-0.118,-0.503,0.092,-1.763,-0.765,-0.826
06/13/1975,-0.146,-0.51,0.061,-1.8,-0.816,-0.856
06/20/1975,-0.164,-0.505,0.043,-1.834,-0.861,-0.884
06/27/1975,-0.172,-0.496,0.037,-1.864,-0.901,-0.911
07/04/1975,-0.173,-0.49,0.039,-1.892,-0.935,-0.937
07/11/1975,-0.17,-0.495,0.046,-1.918,-0.965,-0.961
07/18/1975,-0.164,-0.51,0.055,-1.942,-0.991,-0.984
07/25/1975,-0.156,-0.534,0.066,-1.963,-1.012,-1.006
08/01/1975,-0.147,-0.562,0.077,-1.981,-1.031,-1.025
08/08/1975,-0.134,-0.587,0.09,-1.996,-1.047,-1.044
08/15/1975,-0.118,-0.604,0.105,-2.006,-1.062,-1.06
08/22/1975,-0.097,-0.607,0.123,-2.011,-1.075,-1.075
08/29/1975,-0.071,-0.592,0.144,-2.011,-1.089,-1.089
09/05/1975,-0.042,-0.56,0.168,-2.007,-1.102,-1.101
09/12/1975,-0.009,-0.512,0.195,-1.997,-1.116,-1.112
09/19/1975,0.025,-0.454,0.222,-1.984,-1.13,-1.122
09/26/1975,0.059,-0.395,0.248,-1.969,-1.146,-1.131
10/03/1975,0.091,-0.342,0.272,-1.952,-1.163,-1.139
10/10/1975,0.117,-0.302,0.291,-1.936,-1.182,-1.147
10/17/1975,0.137,-0.274,0.303,-1.922,-1.202,-1.154
10/24/1975,0.149,-0.256,0.308,-1.911,-1.225,-1.16
10/31/1975,0.152,-0.245,0.305,-1.903,-1.248,-1.167
11/07/1975,0.145,-0.24,0.292,-1.898,-1.274,-1.173
11/14/1975,0.128,-0.241,0.271,-1.897,-1.3,-1.179
11/21/1975,0.101,-0.25,0.239,-1.899,-1.329,-1.186
11/28/1975,0.062,-0.27,0.197,-1.903,-1.358,-1.192
12/05/1975,0.011,-0.305,0.145,-1.908,-1.388,-1.197
12/12/1975,-0.048,-0.355,0.085,-1.915,-1.419,-1.203
12/19/1975,-0.115,-0.419,0.018,-1.923,-1.45,-1.208
12/26/1975,-0.187,-0.496,-0.053,-1.933,-1.481,-1.213
01/02/1976,-0.263,-0.585,-0.125,-1.944,-1.511,-1.217
01/09/1976,-0.338,-0.681,-0.197,-1.958,-1.54,-1.22
01/16/1976,-0.409,-0.778,-0.265,-1.973,-1.567,-1.223
01/23/1976,-0.475,-0.867,-0.327,-1.99,-1.592,-1.224
01/30/1976,-0.534,-0.944,-0.383,-2.009,-1.614,-1.224
02/06/1976,-0.586,-1.003,-0.432,-2.029,-1.632,-1.222
02/13/1976,-0.629,-1.04,-0.474,-2.05,-1.646,-1.219
02/20/1976,-0.666,-1.059,-0.509,-2.071,-1.657,-1.214
02/27/1976,-0.696,-1.064,-0.537,-2.092,-1.663,-1.208
03/05/1976,-0.719,-1.06,-0.56,-2.111,-1.665,-1.2
03/12/1976,-0.735,-1.051,-0.575,-2.13,-1.663,-1.191
03/19/1976,-0.743,-1.037,-0.583,-2.147,-1.657,-1.18
03/26/1976,-0.745,-1.018,-0.584,-2.163,-1.648,-1.167
04/02/1976,-0.738,-0.992,-0.576,-2.178,-1.635,-1.153
04/09/1976,-0.722,-0.956,-0.558,-2.191,-1.619,-1.139
04/16/1976,-0.698,-0.909,-0.533,-2.204,-1.601,-1.123
04/23/1976,-0.666,-0.85,-0.5,-2.216,-1.58,-1.108
04/30/1976,-0.629,-0.779,-0.462,-2.227,-1.557,-1.091
05/07/1976,-0.589,-0.697,-0.421,-2.236,-1.533,-1.075
05/14/1976,-0.549,-0.611,-0.381,-2.243,-1.507,-1.059
05/21/1976,-0.514,-0.526,-0.347,-2.246,-1.48,-1.043
05/28/1976,-0.486,-0.452,-0.319,-2.247,-1.451,-1.028
06/04/1976,-0.467,-0.399,-0.302,-2.243,-1.423,-1.013
06/11/1976,-0.46,-0.375,-0.297,-2.236,-1.393,-0.999
06/18/1976,-0.464,-0.381,-0.303,-2.224,-1.363,-0.986
06/25/1976,-0.479,-0.418,-0.321,-2.209,-1.333,-0.973
07/02/1976,-0.501,-0.478,-0.347,-2.19,-1.303,-0.962
07/09/1976,-0.53,-0.554,-0.379,-2.168,-1.274,-0.951
07/16/1976,-0.561,-0.638,-0.416,-2.143,-1.246,-0.942
07/23/1976,-0.593,-0.723,-0.454,-2.115,-1.22,-0.934
07/30/1976,-0.624,-0.803,-0.491,-2.086,-1.196,-0.927
08/06/1976,-0.652,-0.874,-0.527,-2.054,-1.174,-0.921
08/13/1976,-0.675,-0.933,-0.558,-2.02,-1.155,-0.916
08/20/1976,-0.694,-0.977,-0.586,-1.985,-1.14,-0.912
08/27/1976,-0.709,-1.007,-0.608,-1.949,-1.129,-0.909
09/03/1976,-0.718,-1.025,-0.624,-1.911,-1.121,-0.907
09/10/1976,-0.724,-1.035,-0.636,-1.873,-1.117,-0.906
09/17/1976,-0.726,-1.04,-0.643,-1.835,-1.117,-0.905
09/24/1976,-0.725,-1.045,-0.646,-1.798,-1.12,-0.904
10/01/1976,-0.721,-1.051,-0.645,-1.762,-1.127,-0.904
10/08/1976,-0.715,-1.06,-0.642,-1.727,-1.138,-0.903
10/15/1976,-0.707,-1.068,-0.636,-1.696,-1.15,-0.902
10/22/1976,-0.699,-1.072,-0.63,-1.667,-1.166,-0.901
10/29/1976,-0.689,-1.069,-0.623,-1.642,-1.182,-0.898
11/05/1976,-0.68,-1.058,-0.617,-1.621,-1.2,-0.895
11/12/1976,-0.672,-1.039,-0.612,-1.604,-1.219,-0.89
11/19/1976,-0.667,-1.013,-0.61,-1.592,-1.237,-0.884
11/26/1976,-0.666,-0.988,-0.612,-1.586,-1.255,-0.877
12/03/1976,-0.672,-0.969,-0.617,-1.585,-1.272,-0.869
12/10/1976,-0.684,-0.964,-0.628,-1.59,-1.287,-0.86
12/17/1976,-0.704,-0.976,-0.643,-1.601,-1.3,-0.85
12/24/1976,-0.73,-1.008,-0.662,-1.618,-1.311,-0.839
12/31/1976,-0.762,-1.057,-0.686,-1.64,-1.319,-0.827
01/07/1977,-0.798,-1.117,-0.712,-1.666,-1.324,-0.814
01/14/1977,-0.835,-1.18,-0.739,-1.695,-1.327,-0.801
01/21/1977,-0.87,-1.237,-0.765,-1.726,-1.328,-0.788
01/28/1977,-0.901,-1.284,-0.788,-1.757,-1.327,-0.775
02/04/1977,-0.925,-1.315,-0.806,-1.786,-1.325,-0.761
02/11/1977,-0.941,-1.329,-0.816,-1.813,-1.322,-0.748
02/18/1977,-0.948,-1.327,-0.819,-1.837,-1.318,-0.734
02/25/1977,-0.946,-1.31,-0.813,-1.856,-1.315,-0.721
03/04/1977,-0.934,-1.281,-0.798,-1.87,-1.312,-0.708
03/11/1977,-0.914,-1.246,-0.775,-1.878,-1.309,-0.695
03/18/1977,-0.886,-1.21,-0.745,-1.881,-1.307,-0.682
03/25/1977,-0.854,-1.176,-0.709,-1.879,-1.305,-0.67
04/01/1977,-0.817,-1.148,-0.669,-1.871,-1.302,-0.657
04/08/1977,-0.777,-1.125,-0.627,-1.858,-1.3,-0.644
04/15/1977,-0.735,-1.104,-0.584,-1.839,-1.297,-0.63
04/22/1977,-0.693,-1.084,-0.543,-1.817,-1.292,-0.616
04/29/1977,-0.652,-1.059,-0.504,-1.79,-1.286,-0.602
05/06/1977,-0.613,-1.033,-0.469,-1.759,-1.278,-0.587
05/13/1977,-0.577,-1.006,-0.439,-1.725,-1.267,-0.571
05/20/1977,-0.547,-0.985,-0.416,-1.689,-1.254,-0.554
05/27/1977,-0.523,-0.971,-0.399,-1.652,-1.238,-0.537
06/03/1977,-0.505,-0.97,-0.389,-1.614,-1.22,-0.518
06/10/1977,-0.494,-0.981,-0.386,-1.576,-1.199,-0.499
06/17/1977,-0.489,-1.002,-0.388,-1.54,-1.176,-0.479
06/24/1977,-0.489,-1.033,-0.393,-1.505,-1.151,-0.458
07/01/1977,-0.493,-1.072,-0.401,-1.474,-1.123,-0.437
07/08/1977,-0.499,-1.113,-0.411,-1.446,-1.094,-0.414
07/15/1977,-0.505,-1.151,-0.42,-1.422,-1.063,-0.392
07/22/1977,-0.51,-1.178,-0.427,-1.401,-1.031,-0.369
07/29/1977,-0.512,-1.19,-0.431,-1.385,-0.999,-0.346
08/05/1977,-0.511,-1.185,-0.431,-1.371,-0.967,-0.323
08/12/1977,-0.506,-1.165,-0.428,-1.361,-0.935,-0.3
08/19/1977,-0.497,-1.135,-0.42,-1.353,-0.904,-0.277
08/26/1977,-0.485,-1.101,-0.408,-1.346,-0.874,-0.254
09/02/1977,-0.47,-1.066,-0.392,-1.341,-0.845,-0.231
09/09/1977,-0.451,-1.029,-0.372,-1.336,-0.817,-0.208
09/16/1977,-0.429,-0.989,-0.347,-1.332,-0.792,-0.186
09/23/1977,-0.403,-0.945,-0.319,-1.326,-0.768,-0.163
09/30/1977,-0.376,-0.895,-0.287,-1.319,-0.746,-0.141
10/07/1977,-0.348,-0.843,-0.255,-1.311,-0.725,-0.118
10/14/1977,-0.32,-0.79,-0.222,-1.3,-0.707,-0.096
10/21/1977,-0.293,-0.74,-0.191,-1.286,-0.691,-0.074
10/28/1977,-0.269,-0.693,-0.163,-1.268,-0.676,-0.053
11/04/1977,-0.248,-0.649,-0.139,-1.246,-0.663,-0.031
11/11/1977,-0.232,-0.609,-0.121,-1.219,-0.652,-0.011
11/18/1977,-0.221,-0.572,-0.109,-1.186,-0.642,0.01
11/25/1977,-0.215,-0.544,-0.103,-1.147,-0.634,0.029
12/02/1977,-0.215,-0.526,-0.104,-1.101,-0.626,0.048
12/09/1977,-0.221,-0.523,-0.112,-1.05,-0.62,0.066
12/16/1977,-0.23,-0.536,-0.125,-0.992,-0.616,0.083
12/23/1977,-0.244,-0.561,-0.142,-0.929,-0.613,0.099
12/30/1977,-0.259,-0.595,-0.163,-0.861,-0.612,0.114
01/06/1978,-0.274,-0.633,-0.184,-0.791,-0.612,0.128
01/13/1978,-0.286,-0.67,-0.202,-0.719,-0.616,0.14
01/20/1978,-0.294,-0.7,-0.217,-0.647,-0.621,0.15
01/27/1978,-0.295,-0.721,-0.223,-0.576,-0.63,0.159
02/03/1978,-0.288,-0.73,-0.221,-0.508,-0.642,0.167
02/10/1978,-0.273,-0.723,-0.208,-0.444,-0.657,0.172
02/17/1978,-0.249,-0.701,-0.185,-0.384,-0.674,0.176
02/24/1978,-0.216,-0.663,-0.15,-0.329,-0.695,0.179
03/03/1978,-0.175,-0.614,-0.106,-0.279,-0.718,0.18
03/10/1978,-0.127,-0.561,-0.053,-0.233,-0.742,0.181
03/17/1978,-0.074,-0.509,0.006,-0.192,-0.768,0.18
03/24/1978,-0.017,-0.461,0.071,-0.154,-0.795,0.179
03/31/1978,0.042,-0.417,0.139,-0.119,-0.821,0.179
04/07/1978,0.104,-0.374,0.21,-0.088,-0.845,0.179
04/14/1978,0.167,-0.33,0.282,-0.06,-0.868,0.18
04/21/1978,0.23,-0.282,0.354,-0.036,-0.887,0.182
04/28/1978,0.294,-0.232,0.425,-0.014,-0.903,0.187
05/05/1978,0.357,-0.183,0.494,0.006,-0.914,0.194
05/12/1978,0.417,-0.135,0.56,0.022,-0.92,0.203
05/19/1978,0.474,-0.092,0.621,0.037,-0.921,0.215
05/26/1978,0.525,-0.053,0.674,0.05,-0.916,0.23
06/02/1978,0.569,-0.021,0.719,0.063,-0.906,0.248
06/09/1978,0.606,0.005,0.754,0.075,-0.891,0.268
06/16/1978,0.632,0.023,0.778,0.087,-0.87,0.291
06/23/1978,0.648,0.033,0.789,0.101,-0.844,0.315
06/30/1978,0.652,0.034,0.788,0.115,-0.812,0.342
07/07/1978,0.644,0.028,0.774,0.131,-0.776,0.369
07/14/1978,0.626,0.014,0.75,0.147,-0.735,0.398
07/21/1978,0.6,-0.01,0.717,0.164,-0.69,0.427
07/28/1978,0.568,-0.046,0.681,0.18,-0.642,0.456
08/04/1978,0.534,-0.098,0.643,0.197,-0.59,0.484
08/11/1978,0.503,-0.163,0.611,0.214,-0.535,0.513
08/18/1978,0.483,-0.231,0.592,0.23,-0.477,0.54
08/25/1978,0.48,-0.287,0.591,0.246,-0.416,0.567
09/01/1978,0.5,-0.313,0.615,0.262,-0.353,0.592
09/08/1978,0.549,-0.291,0.671,0.278,-0.288,0.617
09/15/1978,0.63,-0.208,0.759,0.295,-0.222,0.64
09/22/1978,0.743,-0.061,0.881,0.313,-0.155,0.663
09/29/1978,0.886,0.147,1.034,0.332,-0.088,0.685
10/06/1978,1.052,0.403,1.21,0.353,-0.023,0.706
10/13/1978,1.233,0.693,1.401,0.374,0.041,0.727
10/20/1978,1.418,0.991,1.595,0.396,0.101,0.747
10/27/1978,1.595,1.274,1.781,0.418,0.158,0.767
11/03/1978,1.752,1.508,1.943,0.441,0.211,0.786
11/10/1978,1.879,1.678,2.075,0.463,0.26,0.806
11/17/1978,1.971,1.77,2.168,0.485,0.304,0.826
11/24/1978,2.021,1.777,2.215,0.506,0.342,0.846
12/01/1978,2.03,1.717,2.218,0.528,0.376,0.867
12/08/1978,2,1.608,2.178,0.548,0.404,0.887
12/15/1978,1.935,1.468,2.1,0.568,0.429,0.908
12/22/1978,1.84,1.312,1.989,0.587,0.448,0.93
12/29/1978,1.72,1.146,1.853,0.605,0.464,0.951
01/05/1979,1.583,0.972,1.698,0.621,0.475,0.973
01/12/1979,1.435,0.793,1.532,0.635,0.483,0.994
01/19/1979,1.282,0.611,1.363,0.646,0.487,1.015
01/26/1979,1.13,0.437,1.196,0.656,0.487,1.036
02/02/1979,0.983,0.278,1.036,0.663,0.483,1.057
02/09/1979,0.846,0.14,0.888,0.668,0.477,1.077
02/16/1979,0.719,0.02,0.752,0.673,0.469,1.096
02/23/1979,0.605,-0.086,0.63,0.678,0.458,1.114
03/02/1979,0.506,-0.185,0.523,0.684,0.447,1.131
03/09/1979,0.422,-0.28,0.431,0.692,0.435,1.147
03/16/1979,0.354,-0.367,0.356,0.703,0.423,1.163
03/23/1979,0.302,-0.441,0.295,0.717,0.412,1.177
03/30/1979,0.266,-0.493,0.25,0.735,0.402,1.19
04/06/1979,0.245,-0.522,0.22,0.757,0.394,1.203
04/13/1979,0.239,-0.532,0.204,0.783,0.386,1.214
04/20/1979,0.246,-0.53,0.202,0.812,0.381,1.224
04/27/1979,0.266,-0.523,0.213,0.844,0.376,1.234
05/04/1979,0.298,-0.512,0.237,0.88,0.373,1.242
05/11/1979,0.34,-0.491,0.272,0.919,0.371,1.25
05/18/1979,0.393,-0.453,0.317,0.961,0.37,1.257
05/25/1979,0.454,-0.391,0.373,1.004,0.369,1.264
06/01/1979,0.523,-0.308,0.437,1.049,0.368,1.27
06/08/1979,0.598,-0.215,0.508,1.095,0.367,1.275
06/15/1979,0.677,-0.127,0.586,1.14,0.367,1.28
06/22/1979,0.757,-0.054,0.668,1.183,0.367,1.286
06/29/1979,0.838,0.001,0.753,1.224,0.368,1.291
07/06/1979,0.918,0.043,0.842,1.261,0.37,1.296
07/13/1979,0.999,0.084,0.934,1.295,0.373,1.302
07/20/1979,1.082,0.133,1.031,1.326,0.376,1.308
07/27/1979,1.168,0.195,1.134,1.354,0.381,1.314
08/03/1979,1.26,0.267,1.245,1.38,0.388,1.322
08/10/1979,1.358,0.35,1.362,1.405,0.395,1.329
08/17/1979,1.463,0.445,1.486,1.429,0.404,1.338
08/24/1979,1.577,0.56,1.616,1.454,0.414,1.347
08/31/1979,1.696,0.701,1.749,1.481,0.424,1.357
09/07/1979,1.82,0.87,1.882,1.509,0.435,1.367
09/14/1979,1.946,1.062,2.015,1.54,0.447,1.377
09/21/1979,2.07,1.263,2.141,1.573,0.458,1.388
09/28/1979,2.187,1.455,2.256,1.608,0.468,1.399
10/05/1979,2.294,1.63,2.357,1.644,0.478,1.41
10/12/1979,2.385,1.781,2.437,1.68,0.486,1.42
10/19/1979,2.455,1.905,2.492,1.716,0.494,1.43
10/26/1979,2.5,1.998,2.519,1.752,0.501,1.44
11/02/1979,2.517,2.053,2.517,1.786,0.507,1.448
11/09/1979,2.503,2.053,2.483,1.817,0.511,1.457
11/16/1979,2.46,1.995,2.422,1.845,0.514,1.465
11/23/1979,2.391,1.882,2.336,1.87,0.517,1.472
11/30/1979,2.3,1.736,2.233,1.891,0.52,1.478
12/07/1979,2.196,1.584,2.122,1.91,0.524,1.485
12/14/1979,2.086,1.452,2.011,1.926,0.53,1.491
12/21/1979,1.98,1.353,1.91,1.941,0.54,1.497
12/28/1979,1.885,1.279,1.826,1.957,0.555,1.503
01/04/1980,1.808,1.214,1.767,1.976,0.575,1.509
01/11/1980,1.761,1.147,1.741,2.001,0.604,1.515
01/18/1980,1.75,1.077,1.752,2.035,0.641,1.522
01/25/1980,1.783,1.022,1.805,2.08,0.688,1.528
02/01/1980,1.866,1.017,1.903,2.139,0.746,1.535
02/08/1980,2,1.084,2.044,2.213,0.813,1.543
02/15/1980,2.186,1.24,2.224,2.305,0.89,1.55
02/22/1980,2.417,1.483,2.436,2.414,0.975,1.558
02/29/1980,2.684,1.799,2.668,2.538,1.066,1.565
03/07/1980,2.969,2.157,2.905,2.674,1.159,1.572
03/14/1980,3.256,2.541,3.131,2.816,1.251,1.579
03/21/1980,3.52,2.92,3.33,2.96,1.338,1.584
03/28/1980,3.741,3.258,3.483,3.096,1.415,1.588
04/04/1980,3.904,3.531,3.581,3.22,1.479,1.589
04/11/1980,3.992,3.691,3.612,3.324,1.525,1.588
04/18/1980,3.999,3.714,3.576,3.402,1.552,1.584
04/25/1980,3.926,3.601,3.475,3.45,1.556,1.577
05/02/1980,3.78,3.377,3.318,3.464,1.537,1.565
05/09/1980,3.569,3.091,3.114,3.445,1.495,1.55
05/16/1980,3.31,2.802,2.878,3.391,1.43,1.53
05/23/1980,3.018,2.545,2.62,3.307,1.345,1.506
05/30/1980,2.706,2.32,2.352,3.195,1.242,1.478
06/06/1980,2.389,2.113,2.084,3.061,1.124,1.446
06/13/1980,2.078,1.889,1.824,2.909,0.993,1.41
06/20/1980,1.78,1.623,1.577,2.747,0.854,1.371
06/27/1980,1.508,1.329,1.35,2.58,0.708,1.329
07/04/1980,1.271,1.042,1.154,2.415,0.561,1.286
07/11/1980,1.075,0.794,0.992,2.257,0.414,1.242
07/18/1980,0.928,0.623,0.872,2.112,0.27,1.197
07/25/1980,0.828,0.527,0.792,1.984,0.134,1.153
08/01/1980,0.773,0.496,0.75,1.874,0.005,1.109
08/08/1980,0.76,0.513,0.743,1.786,-0.112,1.067
08/15/1980,0.778,0.556,0.764,1.72,-0.216,1.027
08/22/1980,0.819,0.614,0.804,1.675,-0.308,0.988
08/29/1980,0.88,0.692,0.86,1.65,-0.385,0.952
09/05/1980,0.953,0.782,0.929,1.644,-0.448,0.918
09/12/1980,1.033,0.86,1.004,1.654,-0.498,0.887
09/19/1980,1.122,0.921,1.09,1.68,-0.533,0.858
09/26/1980,1.221,0.952,1.187,1.718,-0.556,0.831
10/03/1980,1.334,0.956,1.299,1.767,-0.566,0.807
10/10/1980,1.462,0.947,1.428,1.825,-0.564,0.786
10/17/1980,1.614,0.966,1.584,1.889,-0.55,0.767
10/24/1980,1.789,1.024,1.763,1.958,-0.526,0.751
10/31/1980,1.987,1.142,1.967,2.031,-0.491,0.737
11/07/1980,2.206,1.313,2.19,2.106,-0.446,0.726
11/14/1980,2.432,1.518,2.419,2.182,-0.392,0.718
11/21/1980,2.658,1.752,2.646,2.258,-0.331,0.711
11/28/1980,2.875,2.003,2.858,2.334,-0.263,0.707
12/05/1980,3.06,2.234,3.036,2.406,-0.191,0.706
12/12/1980,3.2,2.427,3.165,2.476,-0.118,0.706
12/19/1980,3.294,2.57,3.245,2.54,-0.044,0.708
12/26/1980,3.319,2.603,3.254,2.597,0.028,0.712
01/02/1981,3.286,2.53,3.205,2.647,0.096,0.718
01/09/1981,3.196,2.351,3.1,2.686,0.159,0.726
01/16/1981,3.061,2.1,2.951,2.716,0.217,0.735
01/23/1981,2.89,1.817,2.769,2.734,0.268,0.745
01/30/1981,2.7,1.549,2.571,2.74,0.315,0.756
02/06/1981,2.499,1.314,2.365,2.736,0.355,0.769
02/13/1981,2.304,1.128,2.169,2.723,0.392,0.782
02/20/1981,2.127,0.982,1.993,2.701,0.424,0.796
02/27/1981,1.968,0.846,1.84,2.672,0.454,0.811
03/06/1981,1.841,0.728,1.719,2.64,0.482,0.826
03/13/1981,1.746,0.638,1.632,2.606,0.509,0.842
03/20/1981,1.687,0.589,1.583,2.573,0.536,0.857
03/27/1981,1.666,0.596,1.571,2.543,0.565,0.872
04/03/1981,1.683,0.661,1.595,2.519,0.596,0.886
04/10/1981,1.733,0.757,1.65,2.503,0.631,0.899
04/17/1981,1.818,0.872,1.737,2.495,0.67,0.91
04/24/1981,1.926,0.972,1.843,2.497,0.713,0.92
05/01/1981,2.055,1.065,1.967,2.508,0.76,0.928
05/08/1981,2.204,1.173,2.109,2.525,0.812,0.934
05/15/1981,2.364,1.316,2.262,2.546,0.867,0.939
05/22/1981,2.53,1.503,2.422,2.57,0.926,0.941
05/29/1981,2.704,1.745,2.593,2.593,0.987,0.942
06/05/1981,2.872,2.009,2.763,2.614,1.049,0.941
06/12/1981,3.036,2.279,2.933,2.632,1.113,0.938
06/19/1981,3.184,2.528,3.092,2.645,1.178,0.935
06/26/1981,3.312,2.749,3.233,2.655,1.244,0.931
07/03/1981,3.412,2.938,3.349,2.662,1.312,0.927
07/10/1981,3.484,3.093,3.434,2.669,1.382,0.922
07/17/1981,3.524,3.207,3.487,2.676,1.453,0.918
07/24/1981,3.533,3.259,3.504,2.687,1.526,0.915
07/31/1981,3.516,3.253,3.49,2.702,1.6,0.912
08/07/1981,3.473,3.188,3.447,2.723,1.675,0.911
08/14/1981,3.412,3.092,3.38,2.749,1.75,0.91
08/21/1981,3.339,2.997,3.299,2.78,1.823,0.911
08/28/1981,3.262,2.932,3.21,2.818,1.895,0.913
09/04/1981,3.184,2.897,3.118,2.861,1.963,0.916
09/11/1981,3.113,2.885,3.031,2.909,2.028,0.92
09/18/1981,3.046,2.864,2.945,2.96,2.088,0.925
09/25/1981,2.984,2.824,2.863,3.014,2.143,0.93
10/02/1981,2.929,2.778,2.787,3.069,2.192,0.935
10/09/1981,2.873,2.729,2.71,3.124,2.236,0.939
10/16/1981,2.82,2.704,2.636,3.175,2.273,0.942
10/23/1981,2.766,2.7,2.562,3.222,2.304,0.944
10/30/1981,2.706,2.693,2.486,3.262,2.329,0.943
11/06/1981,2.637,2.655,2.404,3.293,2.347,0.941
11/13/1981,2.56,2.575,2.32,3.314,2.36,0.936
11/20/1981,2.475,2.458,2.235,3.324,2.367,0.928
11/27/1981,2.387,2.34,2.151,3.324,2.37,0.918
12/04/1981,2.301,2.258,2.075,3.316,2.37,0.904
12/11/1981,2.219,2.222,2.004,3.301,2.369,0.888
12/18/1981,2.142,2.219,1.939,3.282,2.368,0.868
12/25/1981,2.074,2.225,1.881,3.262,2.368,0.847
01/01/1982,2.012,2.202,1.826,3.243,2.37,0.823
01/08/1982,1.961,2.142,1.778,3.227,2.374,0.797
01/15/1982,1.926,2.067,1.742,3.215,2.379,0.769
01/22/1982,1.907,2.006,1.717,3.208,2.385,0.741
01/29/1982,1.906,1.994,1.709,3.205,2.391,0.711
02/05/1982,1.917,2.028,1.711,3.206,2.396,0.681
02/12/1982,1.941,2.096,1.725,3.209,2.399,0.651
02/19/1982,1.971,2.167,1.747,3.213,2.398,0.62
02/26/1982,2.005,2.213,1.775,3.216,2.395,0.589
03/05/1982,2.036,2.219,1.803,3.218,2.387,0.559
03/12/1982,2.063,2.199,1.829,3.218,2.376,0.529
03/19/1982,2.087,2.181,1.855,3.216,2.362,0.5
03/26/1982,2.109,2.178,1.88,3.212,2.346,0.47
04/02/1982,2.127,2.192,1.904,3.206,2.328,0.442
04/09/1982,2.151,2.223,1.933,3.197,2.31,0.413
04/16/1982,2.179,2.259,1.968,3.187,2.291,0.386
04/23/1982,2.215,2.293,2.012,3.174,2.272,0.358
04/30/1982,2.264,2.337,2.068,3.159,2.254,0.331
05/07/1982,2.326,2.411,2.14,3.141,2.236,0.305
05/14/1982,2.404,2.533,2.227,3.122,2.219,0.278
05/21/1982,2.495,2.711,2.329,3.102,2.202,0.252
05/28/1982,2.593,2.926,2.436,3.081,2.184,0.225
06/04/1982,2.689,3.148,2.542,3.06,2.166,0.199
06/11/1982,2.781,3.351,2.64,3.041,2.147,0.172
06/18/1982,2.858,3.497,2.723,3.023,2.127,0.145
06/25/1982,2.917,3.568,2.785,3.008,2.104,0.118
07/02/1982,2.957,3.566,2.825,2.995,2.078,0.09
07/09/1982,2.982,3.506,2.849,2.984,2.047,0.062
07/16/1982,2.997,3.41,2.863,2.973,2.011,0.034
07/23/1982,3.016,3.315,2.88,2.962,1.968,0.005
07/30/1982,3.047,3.249,2.912,2.949,1.918,-0.025
08/06/1982,3.098,3.244,2.965,2.933,1.861,-0.055
08/13/1982,3.171,3.324,3.04,2.913,1.796,-0.085
08/20/1982,3.256,3.488,3.13,2.888,1.724,-0.116
08/27/1982,3.344,3.727,3.224,2.857,1.646,-0.147
09/03/1982,3.418,4.004,3.304,2.821,1.561,-0.179
09/10/1982,3.46,4.255,3.351,2.78,1.471,-0.21
09/17/1982,3.452,4.416,3.348,2.734,1.377,-0.242
09/24/1982,3.379,4.425,3.277,2.684,1.278,-0.274
10/01/1982,3.236,4.252,3.135,2.63,1.176,-0.305
10/08/1982,3.025,3.911,2.924,2.572,1.072,-0.336
10/15/1982,2.76,3.45,2.659,2.51,0.966,-0.367
10/22/1982,2.463,2.944,2.36,2.444,0.86,-0.397
10/29/1982,2.154,2.46,2.049,2.374,0.754,-0.426
11/05/1982,1.854,2.053,1.747,2.3,0.649,-0.455
11/12/1982,1.578,1.747,1.468,2.223,0.546,-0.482
11/19/1982,1.335,1.544,1.224,2.142,0.446,-0.508
11/26/1982,1.131,1.43,1.019,2.058,0.349,-0.533
12/03/1982,0.964,1.376,0.852,1.971,0.256,-0.557
12/10/1982,0.828,1.351,0.717,1.882,0.167,-0.58
12/17/1982,0.716,1.329,0.608,1.792,0.081,-0.602
12/24/1982,0.62,1.282,0.515,1.702,-0.001,-0.623
12/31/1982,0.532,1.2,0.433,1.612,-0.082,-0.643
01/07/1983,0.451,1.086,0.357,1.525,-0.16,-0.662
01/14/1983,0.375,0.955,0.287,1.44,-0.238,-0.68
01/21/1983,0.304,0.826,0.222,1.358,-0.314,-0.697
01/28/1983,0.239,0.715,0.163,1.279,-0.391,-0.713
02/04/1983,0.182,0.629,0.111,1.204,-0.467,-0.729
02/11/1983,0.133,0.562,0.067,1.132,-0.544,-0.743
02/18/1983,0.095,0.509,0.033,1.062,-0.621,-0.757
02/25/1983,0.066,0.466,0.009,0.994,-0.697,-0.77
03/04/1983,0.045,0.425,-0.007,0.927,-0.772,-0.782
03/11/1983,0.03,0.399,-0.015,0.861,-0.847,-0.793
03/18/1983,0.02,0.389,-0.018,0.796,-0.92,-0.803
03/25/1983,0.01,0.388,-0.02,0.732,-0.99,-0.813
04/01/1983,-0.002,0.387,-0.023,0.668,-1.058,-0.821
04/08/1983,-0.019,0.37,-0.03,0.606,-1.121,-0.828
04/15/1983,-0.041,0.325,-0.042,0.546,-1.18,-0.834
04/22/1983,-0.067,0.251,-0.06,0.488,-1.234,-0.839
04/29/1983,-0.097,0.158,-0.081,0.433,-1.282,-0.842
05/06/1983,-0.128,0.062,-0.104,0.382,-1.323,-0.844
05/13/1983,-0.156,-0.021,-0.124,0.335,-1.356,-0.844
05/20/1983,-0.178,-0.084,-0.14,0.293,-1.382,-0.842
05/27/1983,-0.193,-0.132,-0.151,0.255,-1.399,-0.839
06/03/1983,-0.2,-0.166,-0.155,0.221,-1.409,-0.835
06/10/1983,-0.198,-0.192,-0.151,0.193,-1.41,-0.828
06/17/1983,-0.19,-0.211,-0.142,0.171,-1.404,-0.821
06/24/1983,-0.176,-0.219,-0.129,0.153,-1.391,-0.812
07/01/1983,-0.158,-0.211,-0.112,0.142,-1.371,-0.801
07/08/1983,-0.138,-0.192,-0.096,0.135,-1.347,-0.79
07/15/1983,-0.119,-0.169,-0.081,0.135,-1.32,-0.777
07/22/1983,-0.102,-0.153,-0.069,0.139,-1.29,-0.763
07/29/1983,-0.09,-0.152,-0.062,0.149,-1.259,-0.749
08/05/1983,-0.082,-0.163,-0.061,0.163,-1.228,-0.734
08/12/1983,-0.079,-0.182,-0.065,0.179,-1.198,-0.718
08/19/1983,-0.082,-0.203,-0.073,0.199,-1.17,-0.701
08/26/1983,-0.086,-0.22,-0.084,0.22,-1.143,-0.684
09/02/1983,-0.092,-0.236,-0.095,0.242,-1.119,-0.666
09/09/1983,-0.096,-0.259,-0.104,0.263,-1.097,-0.648
09/16/1983,-0.098,-0.29,-0.109,0.283,-1.077,-0.63
09/23/1983,-0.094,-0.325,-0.108,0.301,-1.058,-0.61
09/30/1983,-0.085,-0.357,-0.1,0.316,-1.04,-0.591
10/07/1983,-0.069,-0.374,-0.084,0.327,-1.024,-0.571
10/14/1983,-0.047,-0.371,-0.061,0.335,-1.007,-0.55
10/21/1983,-0.021,-0.349,-0.033,0.339,-0.991,-0.529
10/28/1983,0.006,-0.321,-0.003,0.339,-0.973,-0.508
11/04/1983,0.034,-0.29,0.029,0.334,-0.954,-0.487
11/11/1983,0.059,-0.264,0.057,0.326,-0.933,-0.465
11/18/1983,0.08,-0.235,0.081,0.314,-0.91,-0.442
11/25/1983,0.096,-0.198,0.1,0.299,-0.885,-0.419
12/02/1983,0.105,-0.152,0.111,0.28,-0.857,-0.396
12/09/1983,0.107,-0.101,0.113,0.259,-0.826,-0.372
12/16/1983,0.1,-0.06,0.106,0.235,-0.794,-0.348
12/23/1983,0.083,-0.045,0.089,0.209,-0.76,-0.324
12/30/1983,0.056,-0.067,0.061,0.18,-0.725,-0.299
01/06/1984,0.023,-0.119,0.027,0.149,-0.69,-0.274
01/13/1984,-0.016,-0.192,-0.013,0.115,-0.656,-0.249
01/20/1984,-0.058,-0.273,-0.054,0.079,-0.623,-0.224
01/27/1984,-0.099,-0.347,-0.093,0.041,-0.593,-0.199
02/03/1984,-0.135,-0.41,-0.126,0.002,-0.566,-0.174
02/10/1984,-0.166,-0.461,-0.151,-0.038,-0.541,-0.149
02/17/1984,-0.187,-0.498,-0.165,-0.078,-0.52,-0.125
02/24/1984,-0.197,-0.52,-0.167,-0.116,-0.503,-0.1
03/02/1984,-0.195,-0.523,-0.156,-0.152,-0.488,-0.075
03/09/1984,-0.179,-0.503,-0.13,-0.185,-0.475,-0.051
03/16/1984,-0.147,-0.463,-0.089,-0.213,-0.465,-0.026
03/23/1984,-0.099,-0.407,-0.033,-0.236,-0.455,-0.002
03/30/1984,-0.034,-0.338,0.041,-0.253,-0.447,0.023
04/06/1984,0.048,-0.259,0.131,-0.264,-0.44,0.047
04/13/1984,0.145,-0.166,0.234,-0.269,-0.432,0.071
04/20/1984,0.255,-0.052,0.351,-0.267,-0.424,0.095
04/27/1984,0.376,0.086,0.478,-0.26,-0.415,0.118
05/04/1984,0.504,0.242,0.611,-0.246,-0.406,0.142
05/11/1984,0.635,0.407,0.747,-0.227,-0.394,0.165
05/18/1984,0.764,0.565,0.878,-0.202,-0.381,0.189
05/25/1984,0.883,0.709,0.999,-0.17,-0.366,0.212
06/01/1984,0.99,0.84,1.105,-0.132,-0.348,0.234
06/08/1984,1.079,0.96,1.19,-0.089,-0.328,0.257
06/15/1984,1.147,1.072,1.252,-0.04,-0.305,0.279
06/22/1984,1.192,1.167,1.288,0.012,-0.279,0.301
06/29/1984,1.209,1.228,1.295,0.068,-0.251,0.322
07/06/1984,1.196,1.235,1.27,0.125,-0.221,0.342
07/13/1984,1.154,1.177,1.216,0.183,-0.188,0.362
07/20/1984,1.09,1.065,1.138,0.238,-0.154,0.382
07/27/1984,1.008,0.918,1.044,0.291,-0.119,0.4
08/03/1984,0.917,0.769,0.942,0.338,-0.083,0.418
08/10/1984,0.824,0.642,0.84,0.379,-0.047,0.435
08/17/1984,0.734,0.55,0.742,0.413,-0.01,0.451
08/24/1984,0.649,0.489,0.65,0.44,0.027,0.466
08/31/1984,0.572,0.448,0.566,0.46,0.063,0.48
09/07/1984,0.502,0.417,0.491,0.474,0.098,0.493
09/14/1984,0.438,0.385,0.421,0.481,0.131,0.506
09/21/1984,0.378,0.346,0.356,0.483,0.161,0.518
09/28/1984,0.321,0.3,0.294,0.479,0.187,0.529
10/05/1984,0.265,0.25,0.233,0.471,0.209,0.54
10/12/1984,0.209,0.195,0.173,0.458,0.225,0.55
10/19/1984,0.155,0.137,0.114,0.441,0.235,0.56
10/26/1984,0.103,0.077,0.059,0.42,0.239,0.57
11/02/1984,0.055,0.017,0.008,0.395,0.237,0.579
11/09/1984,0.009,-0.041,-0.039,0.365,0.229,0.589
11/16/1984,-0.035,-0.094,-0.082,0.332,0.215,0.598
11/23/1984,-0.078,-0.139,-0.121,0.294,0.197,0.607
11/30/1984,-0.12,-0.177,-0.159,0.253,0.176,0.617
12/07/1984,-0.161,-0.207,-0.193,0.21,0.151,0.626
12/14/1984,-0.202,-0.236,-0.226,0.165,0.125,0.635
12/21/1984,-0.244,-0.268,-0.257,0.12,0.099,0.644
12/28/1984,-0.283,-0.305,-0.287,0.077,0.072,0.654
01/04/1985,-0.32,-0.348,-0.314,0.035,0.047,0.663
01/11/1985,-0.353,-0.391,-0.336,-0.002,0.024,0.672
01/18/1985,-0.376,-0.423,-0.351,-0.035,0.003,0.681
01/25/1985,-0.39,-0.441,-0.359,-0.061,-0.013,0.689
02/01/1985,-0.394,-0.44,-0.357,-0.08,-0.026,0.697
02/08/1985,-0.387,-0.422,-0.347,-0.093,-0.034,0.705
02/15/1985,-0.372,-0.395,-0.332,-0.097,-0.037,0.712
02/22/1985,-0.352,-0.363,-0.314,-0.095,-0.036,0.719
03/01/1985,-0.33,-0.331,-0.296,-0.086,-0.03,0.726
03/08/1985,-0.308,-0.301,-0.282,-0.071,-0.022,0.731
03/15/1985,-0.29,-0.275,-0.273,-0.05,-0.011,0.736
03/22/1985,-0.278,-0.254,-0.271,-0.026,0.001,0.74
03/29/1985,-0.273,-0.241,-0.278,-0,0.014,0.744
04/05/1985,-0.278,-0.244,-0.294,0.026,0.026,0.747
04/12/1985,-0.291,-0.265,-0.318,0.051,0.036,0.749
04/19/1985,-0.312,-0.304,-0.348,0.073,0.043,0.75
04/26/1985,-0.338,-0.357,-0.382,0.09,0.048,0.751
05/03/1985,-0.368,-0.413,-0.415,0.1,0.051,0.751
05/10/1985,-0.398,-0.465,-0.447,0.103,0.051,0.751
05/17/1985,-0.426,-0.501,-0.473,0.099,0.049,0.75
05/24/1985,-0.448,-0.516,-0.491,0.085,0.046,0.749
05/31/1985,-0.464,-0.508,-0.498,0.064,0.042,0.747
06/07/1985,-0.472,-0.475,-0.496,0.035,0.038,0.746
06/14/1985,-0.471,-0.422,-0.482,-0,0.033,0.744
06/21/1985,-0.461,-0.355,-0.459,-0.041,0.029,0.743
06/28/1985,-0.444,-0.281,-0.428,-0.084,0.026,0.742
07/05/1985,-0.42,-0.207,-0.392,-0.128,0.022,0.742
07/12/1985,-0.391,-0.14,-0.353,-0.172,0.018,0.742
07/19/1985,-0.358,-0.079,-0.311,-0.214,0.013,0.743
07/26/1985,-0.321,-0.023,-0.268,-0.253,0.007,0.746
08/02/1985,-0.283,0.032,-0.226,-0.288,-0.001,0.749
08/09/1985,-0.245,0.088,-0.186,-0.318,-0.012,0.754
08/16/1985,-0.209,0.144,-0.149,-0.343,-0.025,0.759
08/23/1985,-0.177,0.198,-0.117,-0.363,-0.042,0.766
08/30/1985,-0.151,0.245,-0.091,-0.378,-0.062,0.774
09/06/1985,-0.134,0.282,-0.073,-0.389,-0.086,0.783
09/13/1985,-0.128,0.303,-0.065,-0.396,-0.112,0.793
09/20/1985,-0.133,0.306,-0.068,-0.399,-0.141,0.803
09/27/1985,-0.148,0.291,-0.081,-0.399,-0.171,0.813
10/04/1985,-0.174,0.256,-0.105,-0.397,-0.203,0.823
10/11/1985,-0.206,0.205,-0.136,-0.392,-0.234,0.833
10/18/1985,-0.241,0.143,-0.171,-0.386,-0.264,0.842
10/25/1985,-0.275,0.08,-0.207,-0.378,-0.293,0.85
11/01/1985,-0.305,0.028,-0.238,-0.371,-0.319,0.857
11/08/1985,-0.327,-0.003,-0.263,-0.365,-0.343,0.862
11/15/1985,-0.339,-0.008,-0.279,-0.359,-0.363,0.866
11/22/1985,-0.342,0.013,-0.283,-0.356,-0.381,0.868
11/29/1985,-0.335,0.05,-0.278,-0.355,-0.395,0.869
12/06/1985,-0.322,0.092,-0.264,-0.357,-0.406,0.868
12/13/1985,-0.305,0.127,-0.245,-0.362,-0.413,0.866
12/20/1985,-0.288,0.147,-0.224,-0.37,-0.418,0.862
12/27/1985,-0.272,0.156,-0.203,-0.38,-0.419,0.857
01/03/1986,-0.261,0.15,-0.186,-0.392,-0.418,0.851
01/10/1986,-0.254,0.132,-0.174,-0.405,-0.415,0.845
01/17/1986,-0.253,0.101,-0.169,-0.42,-0.409,0.838
01/24/1986,-0.258,0.058,-0.171,-0.434,-0.402,0.83
01/31/1986,-0.266,0.002,-0.179,-0.449,-0.394,0.823
02/07/1986,-0.277,-0.059,-0.19,-0.463,-0.384,0.816
02/14/1986,-0.288,-0.111,-0.203,-0.476,-0.374,0.809
02/21/1986,-0.298,-0.143,-0.216,-0.49,-0.363,0.802
02/28/1986,-0.307,-0.148,-0.228,-0.503,-0.353,0.796
03/07/1986,-0.315,-0.129,-0.237,-0.515,-0.344,0.79
03/14/1986,-0.322,-0.099,-0.246,-0.528,-0.336,0.784
03/21/1986,-0.331,-0.071,-0.254,-0.541,-0.329,0.78
03/28/1986,-0.344,-0.058,-0.264,-0.554,-0.322,0.775
04/04/1986,-0.361,-0.065,-0.276,-0.566,-0.316,0.771
04/11/1986,-0.382,-0.087,-0.291,-0.578,-0.311,0.767
04/18/1986,-0.405,-0.111,-0.307,-0.588,-0.305,0.764
04/25/1986,-0.43,-0.129,-0.324,-0.595,-0.297,0.762
05/02/1986,-0.452,-0.132,-0.34,-0.599,-0.287,0.759
05/09/1986,-0.469,-0.118,-0.354,-0.598,-0.273,0.758
05/16/1986,-0.48,-0.09,-0.366,-0.593,-0.256,0.756
05/23/1986,-0.485,-0.049,-0.374,-0.582,-0.235,0.756
05/30/1986,-0.484,0.004,-0.38,-0.566,-0.21,0.755
06/06/1986,-0.477,0.064,-0.383,-0.546,-0.18,0.755
06/13/1986,-0.467,0.127,-0.387,-0.522,-0.147,0.756
06/20/1986,-0.457,0.185,-0.391,-0.497,-0.11,0.757
06/27/1986,-0.452,0.226,-0.4,-0.473,-0.072,0.759
07/04/1986,-0.453,0.242,-0.414,-0.45,-0.031,0.762
07/11/1986,-0.461,0.234,-0.433,-0.43,0.011,0.766
07/18/1986,-0.477,0.201,-0.456,-0.416,0.053,0.771
07/25/1986,-0.5,0.149,-0.483,-0.407,0.096,0.776
08/01/1986,-0.526,0.089,-0.51,-0.403,0.14,0.783
08/08/1986,-0.551,0.028,-0.533,-0.405,0.183,0.791
08/15/1986,-0.573,-0.027,-0.551,-0.41,0.227,0.801
08/22/1986,-0.588,-0.065,-0.56,-0.419,0.27,0.811
08/29/1986,-0.595,-0.08,-0.56,-0.43,0.313,0.823
09/05/1986,-0.594,-0.071,-0.551,-0.439,0.356,0.836
09/12/1986,-0.585,-0.041,-0.534,-0.447,0.397,0.85
09/19/1986,-0.573,-0.005,-0.515,-0.451,0.436,0.865
09/26/1986,-0.56,0.026,-0.496,-0.45,0.474,0.88
10/03/1986,-0.549,0.04,-0.481,-0.444,0.51,0.896
10/10/1986,-0.542,0.03,-0.471,-0.431,0.543,0.912
10/17/1986,-0.541,-0.002,-0.469,-0.413,0.573,0.927
10/24/1986,-0.543,-0.045,-0.471,-0.39,0.6,0.943
10/31/1986,-0.548,-0.091,-0.478,-0.363,0.622,0.958
11/07/1986,-0.554,-0.132,-0.488,-0.333,0.64,0.972
11/14/1986,-0.558,-0.162,-0.499,-0.301,0.653,0.985
11/21/1986,-0.559,-0.176,-0.508,-0.269,0.66,0.996
11/28/1986,-0.557,-0.174,-0.515,-0.238,0.66,1.007
12/05/1986,-0.55,-0.153,-0.518,-0.209,0.653,1.017
12/12/1986,-0.54,-0.118,-0.518,-0.182,0.639,1.025
12/19/1986,-0.529,-0.073,-0.516,-0.159,0.618,1.032
12/26/1986,-0.516,-0.029,-0.511,-0.138,0.589,1.037
01/02/1987,-0.507,-0.001,-0.507,-0.122,0.555,1.041
01/09/1987,-0.5,0.007,-0.502,-0.109,0.515,1.043
01/16/1987,-0.495,-0.007,-0.496,-0.102,0.471,1.044
01/23/1987,-0.493,-0.036,-0.489,-0.098,0.423,1.043
01/30/1987,-0.493,-0.072,-0.477,-0.099,0.375,1.041
02/06/1987,-0.49,-0.106,-0.46,-0.104,0.326,1.038
02/13/1987,-0.483,-0.134,-0.434,-0.113,0.278,1.033
02/20/1987,-0.467,-0.153,-0.395,-0.124,0.231,1.026
02/27/1987,-0.441,-0.168,-0.343,-0.139,0.188,1.019
03/06/1987,-0.402,-0.173,-0.275,-0.155,0.147,1.01
03/13/1987,-0.346,-0.156,-0.188,-0.173,0.109,1
03/20/1987,-0.271,-0.107,-0.08,-0.191,0.075,0.99
03/27/1987,-0.178,-0.018,0.047,-0.209,0.044,0.979
04/03/1987,-0.067,0.112,0.191,-0.226,0.016,0.967
04/10/1987,0.054,0.276,0.344,-0.241,-0.009,0.956
04/17/1987,0.182,0.465,0.502,-0.253,-0.032,0.945
04/24/1987,0.305,0.661,0.653,-0.261,-0.052,0.934
05/01/1987,0.415,0.848,0.786,-0.266,-0.07,0.924
05/08/1987,0.506,1.017,0.897,-0.267,-0.087,0.915
05/15/1987,0.571,1.146,0.977,-0.265,-0.101,0.906
05/22/1987,0.611,1.228,1.025,-0.26,-0.114,0.899
05/29/1987,0.618,1.246,1.036,-0.253,-0.124,0.892
06/05/1987,0.599,1.207,1.014,-0.246,-0.132,0.886
06/12/1987,0.557,1.126,0.965,-0.239,-0.136,0.882
06/19/1987,0.495,1.019,0.892,-0.234,-0.135,0.878
06/26/1987,0.422,0.908,0.804,-0.231,-0.128,0.876
07/03/1987,0.341,0.803,0.709,-0.231,-0.114,0.874
07/10/1987,0.261,0.7,0.612,-0.236,-0.09,0.873
07/17/1987,0.182,0.591,0.52,-0.243,-0.056,0.873
07/24/1987,0.109,0.47,0.439,-0.254,-0.011,0.874
07/31/1987,0.048,0.348,0.373,-0.268,0.047,0.876
08/07/1987,0.006,0.243,0.332,-0.282,0.119,0.878
08/14/1987,-0.015,0.173,0.317,-0.295,0.204,0.881
08/21/1987,-0.006,0.158,0.337,-0.306,0.301,0.884
08/28/1987,0.037,0.198,0.394,-0.313,0.41,0.888
09/04/1987,0.115,0.29,0.488,-0.315,0.527,0.893
09/11/1987,0.219,0.421,0.61,-0.31,0.652,0.897
09/18/1987,0.347,0.592,0.756,-0.299,0.779,0.902
09/25/1987,0.49,0.799,0.915,-0.281,0.905,0.907
10/02/1987,0.64,1.041,1.08,-0.258,1.026,0.912
10/09/1987,0.785,1.289,1.237,-0.229,1.137,0.916
10/16/1987,0.916,1.508,1.375,-0.198,1.234,0.921
10/23/1987,1.023,1.665,1.487,-0.166,1.313,0.925
10/30/1987,1.1,1.734,1.565,-0.135,1.371,0.929
11/06/1987,1.14,1.716,1.605,-0.106,1.406,0.932
11/13/1987,1.151,1.652,1.613,-0.083,1.419,0.934
11/20/1987,1.139,1.581,1.596,-0.064,1.409,0.936
11/27/1987,1.107,1.524,1.555,-0.049,1.379,0.938
12/04/1987,1.059,1.491,1.497,-0.04,1.33,0.939
12/11/1987,0.994,1.452,1.417,-0.033,1.265,0.939
12/18/1987,0.918,1.393,1.323,-0.03,1.187,0.939
12/25/1987,0.831,1.297,1.215,-0.028,1.098,0.939
01/01/1988,0.736,1.168,1.097,-0.028,1.002,0.938
01/08/1988,0.638,1.023,0.974,-0.029,0.902,0.937
01/15/1988,0.543,0.887,0.852,-0.03,0.8,0.936
01/22/1988,0.449,0.764,0.734,-0.032,0.699,0.934
01/29/1988,0.362,0.657,0.623,-0.034,0.601,0.933
02/05/1988,0.284,0.56,0.525,-0.038,0.507,0.932
02/12/1988,0.219,0.47,0.444,-0.043,0.421,0.931
02/19/1988,0.169,0.391,0.382,-0.05,0.342,0.93
02/26/1988,0.134,0.329,0.339,-0.058,0.273,0.93
03/04/1988,0.113,0.293,0.316,-0.066,0.213,0.93
03/11/1988,0.107,0.288,0.309,-0.076,0.163,0.93
03/18/1988,0.115,0.311,0.319,-0.086,0.123,0.93
03/25/1988,0.132,0.349,0.339,-0.096,0.093,0.931
04/01/1988,0.156,0.396,0.368,-0.105,0.071,0.932
04/08/1988,0.184,0.444,0.401,-0.114,0.058,0.933
04/15/1988,0.21,0.487,0.431,-0.121,0.052,0.935
04/22/1988,0.233,0.523,0.457,-0.127,0.051,0.937
04/29/1988,0.247,0.547,0.475,-0.133,0.055,0.939
05/06/1988,0.254,0.56,0.486,-0.137,0.063,0.941
05/13/1988,0.257,0.562,0.492,-0.142,0.073,0.944
05/20/1988,0.256,0.555,0.495,-0.147,0.085,0.946
05/27/1988,0.255,0.545,0.499,-0.151,0.098,0.949
06/03/1988,0.258,0.543,0.508,-0.157,0.111,0.951
06/10/1988,0.266,0.55,0.522,-0.162,0.123,0.953
06/17/1988,0.28,0.571,0.544,-0.168,0.134,0.955
06/24/1988,0.302,0.603,0.573,-0.174,0.144,0.957
07/01/1988,0.329,0.642,0.609,-0.18,0.151,0.959
07/08/1988,0.359,0.678,0.647,-0.186,0.157,0.96
07/15/1988,0.388,0.711,0.683,-0.189,0.159,0.96
07/22/1988,0.412,0.737,0.714,-0.191,0.16,0.961
07/29/1988,0.428,0.753,0.734,-0.19,0.157,0.96
08/05/1988,0.435,0.755,0.742,-0.185,0.152,0.959
08/12/1988,0.432,0.738,0.736,-0.177,0.145,0.958
08/19/1988,0.419,0.697,0.716,-0.166,0.136,0.956
08/26/1988,0.397,0.631,0.683,-0.151,0.126,0.954
09/02/1988,0.369,0.55,0.64,-0.133,0.114,0.951
09/09/1988,0.337,0.465,0.592,-0.114,0.102,0.947
09/16/1988,0.306,0.392,0.543,-0.094,0.089,0.944
09/23/1988,0.278,0.338,0.497,-0.075,0.077,0.94
09/30/1988,0.253,0.301,0.456,-0.057,0.065,0.936
10/07/1988,0.233,0.275,0.422,-0.043,0.055,0.933
10/14/1988,0.215,0.251,0.394,-0.031,0.045,0.929
10/21/1988,0.199,0.225,0.371,-0.022,0.036,0.926
10/28/1988,0.186,0.197,0.354,-0.016,0.029,0.923
11/04/1988,0.175,0.176,0.34,-0.012,0.023,0.921
11/11/1988,0.166,0.165,0.33,-0.009,0.018,0.92
11/18/1988,0.159,0.165,0.322,-0.005,0.015,0.919
11/25/1988,0.155,0.172,0.314,-0.001,0.012,0.92
12/02/1988,0.15,0.179,0.306,0.005,0.011,0.92
12/09/1988,0.147,0.18,0.298,0.012,0.011,0.922
12/16/1988,0.144,0.177,0.288,0.021,0.012,0.924
12/23/1988,0.142,0.174,0.279,0.031,0.012,0.927
12/30/1988,0.141,0.174,0.273,0.042,0.013,0.93
01/06/1989,0.143,0.18,0.272,0.054,0.013,0.934
01/13/1989,0.15,0.19,0.277,0.066,0.012,0.938
01/20/1989,0.164,0.203,0.294,0.077,0.01,0.941
01/27/1989,0.187,0.223,0.323,0.088,0.007,0.945
02/03/1989,0.224,0.262,0.369,0.099,0.002,0.949
02/10/1989,0.273,0.327,0.431,0.111,-0.004,0.952
02/17/1989,0.336,0.428,0.507,0.123,-0.012,0.956
02/24/1989,0.408,0.558,0.593,0.136,-0.02,0.958
03/03/1989,0.486,0.706,0.682,0.151,-0.029,0.961
03/10/1989,0.562,0.85,0.765,0.167,-0.037,0.962
03/17/1989,0.63,0.974,0.837,0.184,-0.044,0.964
03/24/1989,0.684,1.062,0.889,0.202,-0.051,0.964
03/31/1989,0.717,1.109,0.916,0.22,-0.055,0.964
04/07/1989,0.727,1.117,0.915,0.237,-0.058,0.964
04/14/1989,0.712,1.09,0.888,0.253,-0.06,0.963
04/21/1989,0.673,1.028,0.834,0.267,-0.06,0.961
04/28/1989,0.619,0.938,0.765,0.28,-0.059,0.96
05/05/1989,0.552,0.821,0.684,0.29,-0.057,0.957
05/12/1989,0.483,0.691,0.602,0.299,-0.054,0.955
05/19/1989,0.417,0.562,0.523,0.307,-0.05,0.952
05/26/1989,0.361,0.457,0.456,0.315,-0.047,0.949
06/02/1989,0.319,0.391,0.402,0.323,-0.043,0.946
06/09/1989,0.291,0.368,0.363,0.33,-0.039,0.943
06/16/1989,0.274,0.377,0.335,0.338,-0.036,0.941
06/23/1989,0.263,0.397,0.315,0.346,-0.033,0.938
06/30/1989,0.254,0.403,0.296,0.354,-0.029,0.936
07/07/1989,0.244,0.383,0.278,0.362,-0.026,0.935
07/14/1989,0.231,0.331,0.259,0.37,-0.022,0.934
07/21/1989,0.217,0.264,0.241,0.377,-0.018,0.934
07/28/1989,0.205,0.204,0.228,0.384,-0.014,0.934
08/04/1989,0.198,0.168,0.221,0.391,-0.008,0.936
08/11/1989,0.201,0.17,0.224,0.398,-0.001,0.938
08/18/1989,0.213,0.21,0.238,0.407,0.008,0.941
08/25/1989,0.235,0.28,0.262,0.418,0.019,0.944
09/01/1989,0.266,0.368,0.294,0.431,0.033,0.948
09/08/1989,0.3,0.462,0.327,0.445,0.049,0.952
09/15/1989,0.334,0.55,0.358,0.462,0.068,0.956
09/22/1989,0.361,0.623,0.379,0.48,0.089,0.96
09/29/1989,0.378,0.673,0.387,0.498,0.113,0.964
10/06/1989,0.381,0.692,0.379,0.517,0.138,0.968
10/13/1989,0.368,0.675,0.353,0.536,0.165,0.97
10/20/1989,0.34,0.625,0.311,0.554,0.192,0.972
10/27/1989,0.299,0.549,0.255,0.57,0.221,0.972
11/03/1989,0.249,0.462,0.19,0.584,0.249,0.971
11/10/1989,0.197,0.378,0.122,0.597,0.278,0.968
11/17/1989,0.145,0.306,0.057,0.607,0.306,0.964
11/24/1989,0.099,0.251,-0.001,0.616,0.333,0.958
12/01/1989,0.063,0.211,-0.047,0.624,0.358,0.951
12/08/1989,0.038,0.183,-0.079,0.63,0.381,0.943
12/15/1989,0.024,0.162,-0.098,0.635,0.402,0.934
12/22/1989,0.02,0.148,-0.104,0.64,0.419,0.924
12/29/1989,0.024,0.14,-0.1,0.645,0.432,0.913
01/05/1990,0.034,0.137,-0.09,0.652,0.44,0.902
01/12/1990,0.045,0.136,-0.078,0.66,0.443,0.892
01/19/1990,0.055,0.129,-0.068,0.67,0.44,0.882
01/26/1990,0.062,0.115,-0.062,0.683,0.43,0.872
02/02/1990,0.064,0.087,-0.064,0.697,0.414,0.864
02/09/1990,0.062,0.047,-0.071,0.714,0.391,0.857
02/16/1990,0.056,0.003,-0.082,0.731,0.363,0.852
02/23/1990,0.05,-0.041,-0.095,0.747,0.33,0.848
03/02/1990,0.045,-0.078,-0.105,0.763,0.291,0.845
03/09/1990,0.045,-0.105,-0.11,0.776,0.25,0.844
03/16/1990,0.05,-0.117,-0.108,0.786,0.206,0.844
03/23/1990,0.061,-0.116,-0.1,0.794,0.162,0.846
03/30/1990,0.076,-0.102,-0.086,0.798,0.119,0.848
04/06/1990,0.092,-0.075,-0.071,0.801,0.078,0.85
04/13/1990,0.105,-0.042,-0.059,0.801,0.043,0.853
04/20/1990,0.111,-0.009,-0.054,0.799,0.014,0.856
04/27/1990,0.109,0.014,-0.059,0.795,-0.007,0.859
05/04/1990,0.094,0.015,-0.076,0.791,-0.017,0.861
05/11/1990,0.068,-0.009,-0.106,0.786,-0.016,0.862
05/18/1990,0.033,-0.056,-0.145,0.779,-0.004,0.863
05/25/1990,-0.008,-0.115,-0.191,0.772,0.02,0.862
06/01/1990,-0.051,-0.173,-0.24,0.765,0.057,0.861
06/08/1990,-0.091,-0.22,-0.286,0.759,0.104,0.858
06/15/1990,-0.124,-0.251,-0.326,0.753,0.161,0.854
06/22/1990,-0.147,-0.267,-0.355,0.749,0.225,0.849
06/29/1990,-0.157,-0.27,-0.372,0.748,0.295,0.843
07/06/1990,-0.154,-0.26,-0.375,0.75,0.369,0.837
07/13/1990,-0.139,-0.236,-0.365,0.757,0.443,0.829
07/20/1990,-0.112,-0.194,-0.343,0.769,0.515,0.82
07/27/1990,-0.075,-0.135,-0.31,0.787,0.583,0.811
08/03/1990,-0.031,-0.064,-0.269,0.81,0.645,0.801
08/10/1990,0.019,0.009,-0.221,0.838,0.698,0.79
08/17/1990,0.072,0.076,-0.171,0.871,0.741,0.779
08/24/1990,0.126,0.137,-0.117,0.908,0.774,0.768
08/31/1990,0.181,0.197,-0.065,0.949,0.794,0.756
09/07/1990,0.234,0.267,-0.014,0.992,0.804,0.744
09/14/1990,0.285,0.35,0.033,1.037,0.802,0.731
09/21/1990,0.333,0.443,0.076,1.083,0.788,0.719
09/28/1990,0.376,0.534,0.113,1.129,0.765,0.706
10/05/1990,0.409,0.599,0.138,1.173,0.731,0.692
10/12/1990,0.432,0.63,0.153,1.216,0.689,0.678
10/19/1990,0.447,0.629,0.159,1.255,0.64,0.663
10/26/1990,0.452,0.604,0.156,1.29,0.584,0.648
11/02/1990,0.452,0.572,0.149,1.32,0.522,0.632
11/09/1990,0.452,0.547,0.143,1.343,0.456,0.615
11/16/1990,0.452,0.534,0.14,1.359,0.386,0.598
11/23/1990,0.456,0.533,0.144,1.367,0.314,0.579
11/30/1990,0.467,0.547,0.157,1.366,0.24,0.559
12/07/1990,0.48,0.57,0.176,1.356,0.165,0.539
12/14/1990,0.495,0.607,0.198,1.338,0.089,0.517
12/21/1990,0.51,0.661,0.221,1.312,0.014,0.494
12/28/1990,0.517,0.714,0.237,1.278,-0.059,0.47
01/04/1991,0.509,0.744,0.239,1.239,-0.131,0.446
01/11/1991,0.488,0.741,0.226,1.194,-0.201,0.42
01/18/1991,0.449,0.686,0.194,1.146,-0.267,0.393
01/25/1991,0.391,0.578,0.141,1.094,-0.328,0.365
02/01/1991,0.322,0.448,0.077,1.041,-0.385,0.337
02/08/1991,0.247,0.317,0.007,0.985,-0.437,0.307
02/15/1991,0.172,0.209,-0.064,0.929,-0.482,0.277
02/22/1991,0.101,0.134,-0.129,0.873,-0.521,0.245
03/01/1991,0.036,0.085,-0.188,0.818,-0.553,0.213
03/08/1991,-0.021,0.047,-0.239,0.766,-0.578,0.18
03/15/1991,-0.071,0.01,-0.283,0.716,-0.597,0.146
03/22/1991,-0.114,-0.032,-0.319,0.669,-0.61,0.112
03/29/1991,-0.15,-0.075,-0.348,0.627,-0.617,0.078
04/05/1991,-0.179,-0.109,-0.371,0.59,-0.619,0.043
04/12/1991,-0.203,-0.131,-0.388,0.556,-0.618,0.008
04/19/1991,-0.223,-0.143,-0.4,0.526,-0.613,-0.027
04/26/1991,-0.236,-0.147,-0.407,0.5,-0.605,-0.062
05/03/1991,-0.245,-0.149,-0.409,0.477,-0.595,-0.096
05/10/1991,-0.248,-0.152,-0.405,0.457,-0.583,-0.13
05/17/1991,-0.247,-0.15,-0.398,0.439,-0.569,-0.164
05/24/1991,-0.243,-0.142,-0.388,0.423,-0.555,-0.196
05/31/1991,-0.238,-0.128,-0.377,0.408,-0.539,-0.228
06/07/1991,-0.236,-0.113,-0.371,0.394,-0.523,-0.259
06/14/1991,-0.239,-0.11,-0.37,0.382,-0.506,-0.29
06/21/1991,-0.251,-0.129,-0.38,0.37,-0.488,-0.319
06/28/1991,-0.27,-0.174,-0.399,0.36,-0.471,-0.347
07/05/1991,-0.3,-0.244,-0.429,0.35,-0.453,-0.374
07/12/1991,-0.335,-0.327,-0.467,0.342,-0.435,-0.4
07/19/1991,-0.375,-0.408,-0.51,0.335,-0.418,-0.424
07/26/1991,-0.416,-0.477,-0.556,0.328,-0.4,-0.448
08/02/1991,-0.453,-0.527,-0.599,0.323,-0.384,-0.469
08/09/1991,-0.486,-0.559,-0.638,0.318,-0.368,-0.49
08/16/1991,-0.511,-0.578,-0.671,0.313,-0.352,-0.509
08/23/1991,-0.53,-0.591,-0.696,0.309,-0.338,-0.527
08/30/1991,-0.542,-0.601,-0.715,0.304,-0.326,-0.544
09/06/1991,-0.55,-0.607,-0.728,0.298,-0.315,-0.56
09/13/1991,-0.555,-0.612,-0.737,0.291,-0.307,-0.575
09/20/1991,-0.559,-0.612,-0.743,0.282,-0.301,-0.589
09/27/1991,-0.562,-0.609,-0.746,0.273,-0.298,-0.603
10/04/1991,-0.565,-0.606,-0.748,0.261,-0.296,-0.617
10/11/1991,-0.57,-0.608,-0.75,0.249,-0.298,-0.631
10/18/1991,-0.576,-0.615,-0.752,0.235,-0.301,-0.646
10/25/1991,-0.583,-0.625,-0.754,0.222,-0.307,-0.66
11/01/1991,-0.591,-0.635,-0.76,0.209,-0.314,-0.676
11/08/1991,-0.601,-0.642,-0.766,0.198,-0.324,-0.692
11/15/1991,-0.611,-0.645,-0.775,0.189,-0.336,-0.709
11/22/1991,-0.62,-0.647,-0.785,0.182,-0.35,-0.726
11/29/1991,-0.63,-0.655,-0.795,0.177,-0.367,-0.745
12/06/1991,-0.641,-0.673,-0.805,0.172,-0.387,-0.764
12/13/1991,-0.651,-0.7,-0.814,0.166,-0.409,-0.784
12/20/1991,-0.659,-0.726,-0.819,0.159,-0.434,-0.805
12/27/1991,-0.665,-0.746,-0.818,0.149,-0.46,-0.825
01/03/1992,-0.667,-0.754,-0.813,0.135,-0.486,-0.846
01/10/1992,-0.668,-0.748,-0.802,0.118,-0.512,-0.867
01/17/1992,-0.665,-0.734,-0.786,0.097,-0.537,-0.887
01/24/1992,-0.662,-0.721,-0.768,0.073,-0.56,-0.907
01/31/1992,-0.659,-0.716,-0.751,0.047,-0.58,-0.927
02/07/1992,-0.657,-0.72,-0.734,0.021,-0.598,-0.945
02/14/1992,-0.656,-0.728,-0.721,-0.004,-0.611,-0.962
02/21/1992,-0.655,-0.734,-0.711,-0.027,-0.622,-0.979
02/28/1992,-0.657,-0.737,-0.705,-0.048,-0.629,-0.994
03/06/1992,-0.66,-0.736,-0.704,-0.066,-0.634,-1.008
03/13/1992,-0.664,-0.736,-0.708,-0.082,-0.636,-1.02
03/20/1992,-0.673,-0.742,-0.717,-0.096,-0.637,-1.032
03/27/1992,-0.685,-0.758,-0.731,-0.109,-0.637,-1.042
04/03/1992,-0.7,-0.782,-0.75,-0.12,-0.639,-1.052
04/10/1992,-0.719,-0.81,-0.772,-0.132,-0.642,-1.06
04/17/1992,-0.74,-0.838,-0.796,-0.143,-0.647,-1.067
04/24/1992,-0.762,-0.865,-0.821,-0.154,-0.656,-1.074
05/01/1992,-0.785,-0.89,-0.846,-0.165,-0.668,-1.079
05/08/1992,-0.806,-0.912,-0.869,-0.175,-0.684,-1.084
05/15/1992,-0.826,-0.931,-0.89,-0.185,-0.701,-1.088
05/22/1992,-0.845,-0.947,-0.909,-0.194,-0.721,-1.092
05/29/1992,-0.861,-0.957,-0.926,-0.202,-0.741,-1.096
06/05/1992,-0.875,-0.964,-0.942,-0.209,-0.761,-1.099
06/12/1992,-0.89,-0.97,-0.957,-0.213,-0.779,-1.101
06/19/1992,-0.903,-0.979,-0.972,-0.217,-0.795,-1.104
06/26/1992,-0.916,-0.992,-0.986,-0.218,-0.807,-1.107
07/03/1992,-0.926,-1.009,-1,-0.218,-0.814,-1.109
07/10/1992,-0.934,-1.024,-1.01,-0.216,-0.814,-1.112
07/17/1992,-0.939,-1.034,-1.02,-0.213,-0.809,-1.115
07/24/1992,-0.94,-1.034,-1.026,-0.209,-0.797,-1.118
07/31/1992,-0.939,-1.024,-1.03,-0.202,-0.781,-1.121
08/07/1992,-0.934,-1.008,-1.031,-0.195,-0.763,-1.125
08/14/1992,-0.926,-0.991,-1.028,-0.185,-0.743,-1.128
08/21/1992,-0.914,-0.975,-1.021,-0.175,-0.725,-1.132
08/28/1992,-0.899,-0.961,-1.008,-0.165,-0.71,-1.137
09/04/1992,-0.881,-0.945,-0.989,-0.155,-0.7,-1.141
09/11/1992,-0.859,-0.923,-0.963,-0.147,-0.697,-1.145
09/18/1992,-0.833,-0.89,-0.927,-0.141,-0.702,-1.149
09/25/1992,-0.804,-0.847,-0.884,-0.138,-0.713,-1.154
10/02/1992,-0.773,-0.799,-0.836,-0.139,-0.73,-1.157
10/09/1992,-0.743,-0.753,-0.787,-0.142,-0.751,-1.161
10/16/1992,-0.716,-0.713,-0.741,-0.147,-0.776,-1.163
10/23/1992,-0.695,-0.682,-0.704,-0.153,-0.803,-1.166
10/30/1992,-0.683,-0.661,-0.679,-0.16,-0.83,-1.167
11/06/1992,-0.681,-0.651,-0.67,-0.167,-0.858,-1.168
11/13/1992,-0.689,-0.654,-0.676,-0.172,-0.885,-1.168
11/20/1992,-0.708,-0.675,-0.697,-0.177,-0.913,-1.167
11/27/1992,-0.735,-0.717,-0.731,-0.18,-0.94,-1.165
12/04/1992,-0.77,-0.78,-0.775,-0.183,-0.969,-1.163
12/11/1992,-0.809,-0.856,-0.825,-0.185,-0.998,-1.16
12/18/1992,-0.847,-0.931,-0.872,-0.187,-1.029,-1.156
12/25/1992,-0.882,-0.995,-0.916,-0.19,-1.061,-1.151
01/01/1993,-0.91,-1.041,-0.951,-0.192,-1.094,-1.146
01/08/1993,-0.931,-1.066,-0.976,-0.195,-1.128,-1.141
01/15/1993,-0.946,-1.076,-0.993,-0.198,-1.162,-1.135
01/22/1993,-0.956,-1.079,-1.003,-0.2,-1.195,-1.13
01/29/1993,-0.959,-1.077,-1.006,-0.201,-1.227,-1.125
02/05/1993,-0.96,-1.075,-1.006,-0.202,-1.257,-1.119
02/12/1993,-0.959,-1.071,-1.004,-0.202,-1.284,-1.115
02/19/1993,-0.958,-1.066,-1,-0.202,-1.307,-1.11
02/26/1993,-0.959,-1.06,-0.998,-0.203,-1.327,-1.106
03/05/1993,-0.961,-1.054,-0.997,-0.206,-1.342,-1.102
03/12/1993,-0.964,-1.05,-0.997,-0.209,-1.351,-1.099
03/19/1993,-0.97,-1.047,-0.998,-0.215,-1.351,-1.096
03/26/1993,-0.977,-1.046,-1.002,-0.223,-1.343,-1.093
04/02/1993,-0.984,-1.044,-1.006,-0.232,-1.325,-1.091
04/09/1993,-0.99,-1.043,-1.012,-0.242,-1.298,-1.089
04/16/1993,-0.994,-1.042,-1.018,-0.253,-1.263,-1.086
04/23/1993,-0.996,-1.043,-1.024,-0.264,-1.22,-1.084
04/30/1993,-0.996,-1.048,-1.03,-0.274,-1.176,-1.082
05/07/1993,-0.992,-1.053,-1.034,-0.283,-1.132,-1.079
05/14/1993,-0.988,-1.057,-1.037,-0.292,-1.094,-1.077
05/21/1993,-0.984,-1.06,-1.039,-0.3,-1.065,-1.074
05/28/1993,-0.983,-1.062,-1.042,-0.306,-1.048,-1.071
06/04/1993,-0.985,-1.066,-1.046,-0.313,-1.044,-1.067
06/11/1993,-0.993,-1.075,-1.052,-0.319,-1.053,-1.064
06/18/1993,-1.005,-1.091,-1.06,-0.325,-1.074,-1.06
06/25/1993,-1.021,-1.113,-1.071,-0.33,-1.105,-1.055
07/02/1993,-1.038,-1.136,-1.083,-0.334,-1.141,-1.051
07/09/1993,-1.056,-1.157,-1.096,-0.337,-1.179,-1.047
07/16/1993,-1.071,-1.171,-1.109,-0.337,-1.217,-1.042
07/23/1993,-1.084,-1.179,-1.121,-0.335,-1.25,-1.037
07/30/1993,-1.093,-1.182,-1.132,-0.33,-1.278,-1.032
08/06/1993,-1.098,-1.183,-1.14,-0.322,-1.299,-1.028
08/13/1993,-1.099,-1.184,-1.146,-0.312,-1.312,-1.023
08/20/1993,-1.097,-1.185,-1.15,-0.3,-1.316,-1.018
08/27/1993,-1.092,-1.184,-1.15,-0.287,-1.31,-1.014
09/03/1993,-1.085,-1.177,-1.148,-0.274,-1.295,-1.009
09/10/1993,-1.076,-1.164,-1.142,-0.264,-1.27,-1.004
09/17/1993,-1.064,-1.145,-1.132,-0.256,-1.234,-1
09/24/1993,-1.051,-1.123,-1.121,-0.25,-1.186,-0.995
10/01/1993,-1.036,-1.101,-1.108,-0.249,-1.127,-0.99
10/08/1993,-1.02,-1.081,-1.094,-0.251,-1.058,-0.984
10/15/1993,-1.002,-1.062,-1.08,-0.257,-0.981,-0.979
10/22/1993,-0.984,-1.042,-1.066,-0.265,-0.899,-0.973
10/29/1993,-0.967,-1.021,-1.052,-0.277,-0.816,-0.966
11/05/1993,-0.952,-1.001,-1.041,-0.289,-0.736,-0.959
11/12/1993,-0.941,-0.986,-1.033,-0.303,-0.662,-0.952
11/19/1993,-0.937,-0.982,-1.031,-0.318,-0.596,-0.943
11/26/1993,-0.939,-0.991,-1.034,-0.332,-0.54,-0.935
12/03/1993,-0.947,-1.011,-1.043,-0.347,-0.494,-0.925
12/10/1993,-0.96,-1.038,-1.055,-0.362,-0.458,-0.915
12/17/1993,-0.976,-1.063,-1.068,-0.378,-0.429,-0.904
12/24/1993,-0.992,-1.082,-1.081,-0.394,-0.405,-0.893
12/31/1993,-1.005,-1.091,-1.091,-0.411,-0.385,-0.882
01/07/1994,-1.016,-1.09,-1.097,-0.428,-0.367,-0.87
01/14/1994,-1.022,-1.084,-1.098,-0.444,-0.35,-0.858
01/21/1994,-1.021,-1.071,-1.092,-0.461,-0.332,-0.846
01/28/1994,-1.014,-1.055,-1.08,-0.476,-0.315,-0.833
02/04/1994,-1,-1.033,-1.06,-0.49,-0.298,-0.821
02/11/1994,-0.978,-1.004,-1.032,-0.503,-0.283,-0.809
02/18/1994,-0.952,-0.965,-0.998,-0.513,-0.272,-0.796
02/25/1994,-0.921,-0.92,-0.959,-0.521,-0.265,-0.784
03/04/1994,-0.887,-0.868,-0.916,-0.525,-0.265,-0.772
03/11/1994,-0.853,-0.817,-0.871,-0.526,-0.271,-0.76
03/18/1994,-0.821,-0.77,-0.827,-0.523,-0.284,-0.748
03/25/1994,-0.792,-0.731,-0.785,-0.517,-0.303,-0.736
04/01/1994,-0.766,-0.702,-0.748,-0.507,-0.327,-0.724
04/08/1994,-0.747,-0.681,-0.719,-0.494,-0.355,-0.711
04/15/1994,-0.734,-0.665,-0.698,-0.478,-0.386,-0.699
04/22/1994,-0.726,-0.651,-0.685,-0.459,-0.416,-0.687
04/29/1994,-0.723,-0.643,-0.678,-0.44,-0.446,-0.674
05/06/1994,-0.721,-0.636,-0.676,-0.421,-0.474,-0.661
05/13/1994,-0.721,-0.635,-0.675,-0.402,-0.5,-0.648
05/20/1994,-0.722,-0.641,-0.678,-0.385,-0.522,-0.635
05/27/1994,-0.723,-0.647,-0.68,-0.37,-0.539,-0.621
06/03/1994,-0.722,-0.647,-0.681,-0.357,-0.552,-0.608
06/10/1994,-0.721,-0.64,-0.683,-0.347,-0.56,-0.594
06/17/1994,-0.719,-0.625,-0.685,-0.34,-0.563,-0.58
06/24/1994,-0.718,-0.608,-0.688,-0.335,-0.56,-0.566
07/01/1994,-0.719,-0.596,-0.694,-0.332,-0.553,-0.552
07/08/1994,-0.726,-0.6,-0.707,-0.331,-0.54,-0.538
07/15/1994,-0.738,-0.621,-0.726,-0.33,-0.522,-0.525
07/22/1994,-0.754,-0.656,-0.75,-0.331,-0.499,-0.512
07/29/1994,-0.771,-0.698,-0.776,-0.333,-0.471,-0.499
08/05/1994,-0.788,-0.74,-0.8,-0.335,-0.437,-0.486
08/12/1994,-0.801,-0.777,-0.82,-0.338,-0.398,-0.474
08/19/1994,-0.808,-0.802,-0.832,-0.341,-0.353,-0.462
08/26/1994,-0.807,-0.811,-0.835,-0.344,-0.304,-0.451
09/02/1994,-0.797,-0.803,-0.828,-0.348,-0.249,-0.44
09/09/1994,-0.779,-0.774,-0.811,-0.352,-0.192,-0.43
09/16/1994,-0.753,-0.727,-0.785,-0.355,-0.133,-0.419
09/23/1994,-0.724,-0.668,-0.753,-0.357,-0.073,-0.409
09/30/1994,-0.694,-0.607,-0.72,-0.357,-0.015,-0.399
10/07/1994,-0.665,-0.555,-0.688,-0.355,0.041,-0.388
10/14/1994,-0.641,-0.518,-0.66,-0.349,0.092,-0.378
10/21/1994,-0.62,-0.497,-0.636,-0.34,0.138,-0.367
10/28/1994,-0.6,-0.487,-0.614,-0.327,0.178,-0.356
11/04/1994,-0.58,-0.479,-0.593,-0.31,0.213,-0.345
11/11/1994,-0.558,-0.466,-0.571,-0.29,0.241,-0.332
11/18/1994,-0.532,-0.441,-0.547,-0.266,0.262,-0.32
11/25/1994,-0.503,-0.404,-0.52,-0.241,0.276,-0.306
12/02/1994,-0.473,-0.36,-0.494,-0.214,0.282,-0.293
12/09/1994,-0.444,-0.311,-0.469,-0.189,0.282,-0.278
12/16/1994,-0.421,-0.269,-0.45,-0.166,0.276,-0.263
12/23/1994,-0.407,-0.241,-0.44,-0.146,0.263,-0.248
12/30/1994,-0.405,-0.234,-0.442,-0.13,0.245,-0.233
01/06/1995,-0.416,-0.252,-0.457,-0.118,0.223,-0.218
01/13/1995,-0.439,-0.292,-0.485,-0.11,0.198,-0.203
01/20/1995,-0.47,-0.349,-0.522,-0.106,0.172,-0.188
01/27/1995,-0.505,-0.412,-0.563,-0.105,0.146,-0.174
02/03/1995,-0.542,-0.473,-0.606,-0.107,0.121,-0.161
02/10/1995,-0.575,-0.522,-0.645,-0.11,0.099,-0.149
02/17/1995,-0.602,-0.554,-0.679,-0.115,0.079,-0.138
02/24/1995,-0.622,-0.571,-0.704,-0.12,0.062,-0.128
03/03/1995,-0.634,-0.573,-0.72,-0.125,0.047,-0.119
03/10/1995,-0.639,-0.566,-0.729,-0.13,0.033,-0.111
03/17/1995,-0.64,-0.555,-0.733,-0.134,0.019,-0.105
03/24/1995,-0.64,-0.543,-0.734,-0.137,0.004,-0.1
03/31/1995,-0.64,-0.535,-0.735,-0.139,-0.012,-0.096
04/07/1995,-0.642,-0.532,-0.738,-0.14,-0.031,-0.093
04/14/1995,-0.649,-0.538,-0.744,-0.141,-0.05,-0.092
04/21/1995,-0.66,-0.556,-0.754,-0.141,-0.07,-0.092
04/28/1995,-0.673,-0.585,-0.766,-0.141,-0.089,-0.093
05/05/1995,-0.687,-0.619,-0.78,-0.141,-0.107,-0.095
05/12/1995,-0.701,-0.655,-0.792,-0.14,-0.123,-0.099
05/19/1995,-0.709,-0.683,-0.8,-0.14,-0.135,-0.103
05/26/1995,-0.713,-0.696,-0.803,-0.14,-0.142,-0.108
06/02/1995,-0.71,-0.692,-0.8,-0.141,-0.145,-0.114
06/09/1995,-0.703,-0.676,-0.794,-0.142,-0.143,-0.12
06/16/1995,-0.692,-0.652,-0.784,-0.145,-0.138,-0.127
06/23/1995,-0.682,-0.632,-0.774,-0.149,-0.133,-0.134
06/30/1995,-0.674,-0.62,-0.766,-0.154,-0.128,-0.141
07/07/1995,-0.669,-0.618,-0.761,-0.159,-0.127,-0.149
07/14/1995,-0.67,-0.626,-0.76,-0.164,-0.132,-0.156
07/21/1995,-0.675,-0.639,-0.763,-0.168,-0.145,-0.163
07/28/1995,-0.682,-0.652,-0.767,-0.171,-0.166,-0.169
08/04/1995,-0.692,-0.665,-0.774,-0.171,-0.195,-0.174
08/11/1995,-0.702,-0.676,-0.779,-0.169,-0.233,-0.179
08/18/1995,-0.709,-0.683,-0.782,-0.165,-0.277,-0.182
08/25/1995,-0.714,-0.684,-0.782,-0.16,-0.324,-0.185
09/01/1995,-0.715,-0.677,-0.779,-0.154,-0.372,-0.187
09/08/1995,-0.713,-0.664,-0.772,-0.147,-0.419,-0.188
09/15/1995,-0.709,-0.648,-0.763,-0.141,-0.462,-0.189
09/22/1995,-0.704,-0.629,-0.754,-0.136,-0.498,-0.188
09/29/1995,-0.699,-0.614,-0.746,-0.133,-0.527,-0.187
10/06/1995,-0.698,-0.609,-0.744,-0.13,-0.549,-0.185
10/13/1995,-0.7,-0.613,-0.746,-0.128,-0.564,-0.183
10/20/1995,-0.706,-0.626,-0.755,-0.125,-0.572,-0.181
10/27/1995,-0.715,-0.646,-0.768,-0.123,-0.574,-0.178
11/03/1995,-0.727,-0.672,-0.786,-0.119,-0.573,-0.175
11/10/1995,-0.739,-0.697,-0.804,-0.114,-0.571,-0.172
11/17/1995,-0.749,-0.715,-0.819,-0.109,-0.568,-0.169
11/24/1995,-0.754,-0.722,-0.831,-0.104,-0.565,-0.167
12/01/1995,-0.756,-0.716,-0.837,-0.099,-0.565,-0.164
12/08/1995,-0.754,-0.698,-0.84,-0.096,-0.567,-0.162
12/15/1995,-0.75,-0.67,-0.838,-0.094,-0.574,-0.16
12/22/1995,-0.746,-0.641,-0.836,-0.094,-0.584,-0.158
12/29/1995,-0.746,-0.622,-0.835,-0.097,-0.6,-0.157
01/05/1996,-0.752,-0.62,-0.838,-0.103,-0.62,-0.156
01/12/1996,-0.762,-0.636,-0.844,-0.112,-0.644,-0.155
01/19/1996,-0.777,-0.669,-0.852,-0.123,-0.671,-0.155
01/26/1996,-0.795,-0.712,-0.862,-0.136,-0.699,-0.155
02/02/1996,-0.811,-0.754,-0.869,-0.15,-0.726,-0.156
02/09/1996,-0.822,-0.782,-0.87,-0.165,-0.75,-0.157
02/16/1996,-0.826,-0.793,-0.864,-0.179,-0.767,-0.159
02/23/1996,-0.822,-0.786,-0.85,-0.192,-0.778,-0.16
03/01/1996,-0.809,-0.763,-0.828,-0.203,-0.78,-0.162
03/08/1996,-0.79,-0.733,-0.802,-0.213,-0.772,-0.164
03/15/1996,-0.766,-0.696,-0.772,-0.22,-0.757,-0.166
03/22/1996,-0.743,-0.659,-0.745,-0.225,-0.734,-0.168
03/29/1996,-0.721,-0.622,-0.721,-0.229,-0.705,-0.17
04/05/1996,-0.704,-0.589,-0.703,-0.231,-0.671,-0.171
04/12/1996,-0.691,-0.564,-0.693,-0.233,-0.634,-0.172
04/19/1996,-0.686,-0.553,-0.69,-0.234,-0.596,-0.173
04/26/1996,-0.687,-0.56,-0.695,-0.236,-0.559,-0.172
05/03/1996,-0.693,-0.581,-0.704,-0.238,-0.525,-0.171
05/10/1996,-0.701,-0.611,-0.716,-0.24,-0.495,-0.169
05/17/1996,-0.71,-0.643,-0.727,-0.243,-0.469,-0.167
05/24/1996,-0.716,-0.666,-0.734,-0.246,-0.449,-0.163
05/31/1996,-0.718,-0.677,-0.738,-0.25,-0.435,-0.159
06/07/1996,-0.716,-0.676,-0.736,-0.253,-0.426,-0.154
06/14/1996,-0.712,-0.667,-0.731,-0.256,-0.423,-0.148
06/21/1996,-0.707,-0.655,-0.725,-0.258,-0.426,-0.141
06/28/1996,-0.702,-0.645,-0.719,-0.261,-0.435,-0.135
07/05/1996,-0.7,-0.639,-0.714,-0.263,-0.45,-0.128
07/12/1996,-0.7,-0.638,-0.711,-0.264,-0.47,-0.12
07/19/1996,-0.705,-0.644,-0.712,-0.266,-0.494,-0.113
07/26/1996,-0.713,-0.656,-0.717,-0.268,-0.521,-0.106
08/02/1996,-0.723,-0.67,-0.722,-0.27,-0.549,-0.099
08/09/1996,-0.734,-0.687,-0.729,-0.272,-0.577,-0.092
08/16/1996,-0.742,-0.698,-0.734,-0.274,-0.604,-0.086
08/23/1996,-0.747,-0.7,-0.735,-0.275,-0.629,-0.08
08/30/1996,-0.747,-0.691,-0.734,-0.276,-0.652,-0.075
09/06/1996,-0.743,-0.673,-0.729,-0.276,-0.674,-0.07
09/13/1996,-0.738,-0.652,-0.725,-0.275,-0.697,-0.065
09/20/1996,-0.734,-0.634,-0.723,-0.272,-0.72,-0.062
09/27/1996,-0.733,-0.627,-0.722,-0.268,-0.746,-0.058
10/04/1996,-0.736,-0.636,-0.726,-0.263,-0.776,-0.055
10/11/1996,-0.744,-0.661,-0.734,-0.257,-0.807,-0.052
10/18/1996,-0.755,-0.698,-0.743,-0.252,-0.841,-0.049
10/25/1996,-0.767,-0.741,-0.753,-0.247,-0.874,-0.047
11/01/1996,-0.778,-0.782,-0.76,-0.243,-0.907,-0.045
11/08/1996,-0.785,-0.813,-0.763,-0.241,-0.935,-0.042
11/15/1996,-0.788,-0.824,-0.76,-0.24,-0.958,-0.04
11/22/1996,-0.784,-0.817,-0.75,-0.24,-0.975,-0.038
11/29/1996,-0.773,-0.794,-0.735,-0.241,-0.985,-0.035
12/06/1996,-0.758,-0.762,-0.716,-0.243,-0.989,-0.032
12/13/1996,-0.74,-0.73,-0.696,-0.243,-0.99,-0.03
12/20/1996,-0.722,-0.704,-0.679,-0.243,-0.991,-0.026
12/27/1996,-0.708,-0.687,-0.666,-0.241,-0.992,-0.023
01/03/1997,-0.698,-0.68,-0.657,-0.239,-0.999,-0.019
01/10/1997,-0.694,-0.677,-0.654,-0.235,-1.011,-0.015
01/17/1997,-0.695,-0.683,-0.656,-0.231,-1.032,-0.011
01/24/1997,-0.701,-0.695,-0.661,-0.226,-1.058,-0.006
01/31/1997,-0.711,-0.713,-0.669,-0.222,-1.09,-0.001
02/07/1997,-0.721,-0.734,-0.676,-0.218,-1.124,0.005
02/14/1997,-0.731,-0.753,-0.682,-0.215,-1.157,0.01
02/21/1997,-0.737,-0.763,-0.684,-0.212,-1.185,0.016
02/28/1997,-0.737,-0.761,-0.681,-0.209,-1.206,0.023
03/07/1997,-0.732,-0.745,-0.672,-0.207,-1.218,0.029
03/14/1997,-0.721,-0.718,-0.66,-0.204,-1.22,0.035
03/21/1997,-0.707,-0.685,-0.644,-0.203,-1.213,0.042
03/28/1997,-0.692,-0.651,-0.627,-0.202,-1.197,0.048
04/04/1997,-0.676,-0.62,-0.609,-0.203,-1.176,0.054
04/11/1997,-0.661,-0.592,-0.591,-0.204,-1.152,0.06
04/18/1997,-0.649,-0.568,-0.575,-0.206,-1.128,0.066
04/25/1997,-0.639,-0.547,-0.561,-0.208,-1.106,0.071
05/02/1997,-0.634,-0.529,-0.551,-0.21,-1.088,0.076
05/09/1997,-0.63,-0.516,-0.543,-0.212,-1.073,0.08
05/16/1997,-0.629,-0.508,-0.539,-0.212,-1.062,0.083
05/23/1997,-0.629,-0.506,-0.539,-0.21,-1.055,0.086
05/30/1997,-0.629,-0.508,-0.541,-0.207,-1.049,0.089
06/06/1997,-0.631,-0.515,-0.546,-0.203,-1.044,0.091
06/13/1997,-0.634,-0.524,-0.554,-0.198,-1.038,0.092
06/20/1997,-0.638,-0.536,-0.564,-0.194,-1.03,0.093
06/27/1997,-0.642,-0.551,-0.576,-0.191,-1.02,0.094
07/04/1997,-0.647,-0.569,-0.587,-0.19,-1.009,0.094
07/11/1997,-0.652,-0.587,-0.597,-0.19,-0.997,0.094
07/18/1997,-0.656,-0.604,-0.604,-0.193,-0.986,0.095
07/25/1997,-0.659,-0.616,-0.608,-0.197,-0.979,0.095
08/01/1997,-0.66,-0.62,-0.608,-0.203,-0.975,0.095
08/08/1997,-0.659,-0.615,-0.605,-0.209,-0.976,0.096
08/15/1997,-0.657,-0.601,-0.597,-0.215,-0.983,0.097
08/22/1997,-0.654,-0.582,-0.587,-0.221,-0.994,0.099
08/29/1997,-0.649,-0.562,-0.573,-0.226,-1.01,0.101
09/05/1997,-0.643,-0.543,-0.557,-0.23,-1.029,0.103
09/12/1997,-0.636,-0.525,-0.539,-0.232,-1.048,0.106
09/19/1997,-0.626,-0.506,-0.517,-0.232,-1.067,0.109
09/26/1997,-0.614,-0.484,-0.493,-0.231,-1.084,0.113
10/03/1997,-0.599,-0.461,-0.466,-0.228,-1.097,0.117
10/10/1997,-0.58,-0.437,-0.438,-0.221,-1.106,0.121
10/17/1997,-0.558,-0.417,-0.409,-0.212,-1.111,0.127
10/24/1997,-0.535,-0.403,-0.382,-0.199,-1.111,0.132
10/31/1997,-0.512,-0.397,-0.36,-0.183,-1.108,0.138
11/07/1997,-0.495,-0.4,-0.346,-0.165,-1.102,0.144
11/14/1997,-0.481,-0.405,-0.341,-0.145,-1.094,0.151
11/21/1997,-0.475,-0.415,-0.346,-0.125,-1.085,0.157
11/28/1997,-0.474,-0.426,-0.359,-0.108,-1.073,0.164
12/05/1997,-0.479,-0.438,-0.378,-0.094,-1.06,0.171
12/12/1997,-0.487,-0.449,-0.401,-0.086,-1.045,0.178
12/19/1997,-0.499,-0.461,-0.426,-0.084,-1.028,0.185
12/26/1997,-0.514,-0.472,-0.453,-0.09,-1.009,0.192
01/02/1998,-0.531,-0.48,-0.478,-0.102,-0.992,0.199
01/09/1998,-0.548,-0.485,-0.499,-0.118,-0.976,0.205
01/16/1998,-0.566,-0.494,-0.519,-0.137,-0.965,0.211
01/23/1998,-0.583,-0.507,-0.536,-0.156,-0.96,0.217
01/30/1998,-0.6,-0.527,-0.551,-0.173,-0.962,0.221
02/06/1998,-0.615,-0.551,-0.564,-0.185,-0.971,0.225
02/13/1998,-0.627,-0.573,-0.574,-0.194,-0.987,0.228
02/20/1998,-0.635,-0.586,-0.582,-0.198,-1.007,0.231
02/27/1998,-0.639,-0.588,-0.585,-0.198,-1.031,0.232
03/06/1998,-0.639,-0.576,-0.584,-0.195,-1.053,0.233
03/13/1998,-0.636,-0.559,-0.581,-0.191,-1.073,0.234
03/20/1998,-0.632,-0.546,-0.576,-0.188,-1.087,0.234
03/27/1998,-0.627,-0.537,-0.569,-0.186,-1.092,0.233
04/03/1998,-0.621,-0.534,-0.562,-0.184,-1.089,0.232
04/10/1998,-0.616,-0.532,-0.555,-0.184,-1.078,0.231
04/17/1998,-0.611,-0.529,-0.55,-0.182,-1.058,0.229
04/24/1998,-0.605,-0.521,-0.546,-0.179,-1.032,0.228
05/01/1998,-0.599,-0.511,-0.543,-0.174,-1.003,0.226
05/08/1998,-0.592,-0.506,-0.542,-0.165,-0.973,0.225
05/15/1998,-0.586,-0.505,-0.543,-0.153,-0.943,0.224
05/22/1998,-0.579,-0.51,-0.544,-0.138,-0.915,0.223
05/29/1998,-0.572,-0.511,-0.545,-0.122,-0.888,0.222
06/05/1998,-0.566,-0.506,-0.548,-0.105,-0.862,0.221
06/12/1998,-0.561,-0.492,-0.551,-0.088,-0.833,0.221
06/19/1998,-0.558,-0.473,-0.555,-0.074,-0.8,0.221
06/26/1998,-0.557,-0.456,-0.558,-0.064,-0.759,0.221
07/03/1998,-0.556,-0.451,-0.56,-0.056,-0.707,0.221
07/10/1998,-0.554,-0.459,-0.559,-0.052,-0.642,0.221
07/17/1998,-0.548,-0.473,-0.553,-0.049,-0.563,0.221
07/24/1998,-0.534,-0.478,-0.539,-0.045,-0.47,0.222
07/31/1998,-0.512,-0.465,-0.517,-0.039,-0.368,0.223
08/07/1998,-0.478,-0.426,-0.484,-0.03,-0.26,0.224
08/14/1998,-0.433,-0.362,-0.44,-0.015,-0.151,0.225
08/21/1998,-0.378,-0.286,-0.385,0.004,-0.046,0.226
08/28/1998,-0.315,-0.205,-0.321,0.029,0.048,0.227
09/04/1998,-0.25,-0.124,-0.252,0.056,0.128,0.229
09/11/1998,-0.185,-0.042,-0.181,0.086,0.19,0.231
09/18/1998,-0.125,0.047,-0.113,0.115,0.235,0.234
09/25/1998,-0.071,0.144,-0.051,0.144,0.264,0.237
10/02/1998,-0.028,0.236,-0.001,0.171,0.279,0.241
10/09/1998,0.002,0.307,0.034,0.196,0.285,0.245
10/16/1998,0.015,0.337,0.047,0.217,0.286,0.25
10/23/1998,0.01,0.32,0.038,0.235,0.289,0.256
10/30/1998,-0.008,0.266,0.011,0.249,0.297,0.263
11/06/1998,-0.034,0.196,-0.027,0.257,0.314,0.27
11/13/1998,-0.062,0.136,-0.071,0.261,0.343,0.278
11/20/1998,-0.091,0.094,-0.117,0.26,0.383,0.288
11/27/1998,-0.116,0.072,-0.158,0.253,0.433,0.298
12/04/1998,-0.137,0.06,-0.194,0.241,0.489,0.308
12/11/1998,-0.157,0.043,-0.223,0.223,0.549,0.32
12/18/1998,-0.174,0.015,-0.246,0.199,0.607,0.331
12/25/1998,-0.192,-0.02,-0.263,0.172,0.66,0.343
01/01/1999,-0.209,-0.052,-0.276,0.142,0.704,0.355
01/08/1999,-0.223,-0.074,-0.285,0.111,0.735,0.367
01/15/1999,-0.239,-0.088,-0.294,0.081,0.753,0.378
01/22/1999,-0.256,-0.099,-0.304,0.053,0.755,0.388
01/29/1999,-0.274,-0.115,-0.317,0.029,0.741,0.397
02/05/1999,-0.294,-0.139,-0.331,0.007,0.712,0.406
02/12/1999,-0.315,-0.171,-0.346,-0.011,0.67,0.413
02/19/1999,-0.335,-0.204,-0.361,-0.025,0.617,0.418
02/26/1999,-0.355,-0.231,-0.376,-0.036,0.56,0.422
03/05/1999,-0.371,-0.245,-0.389,-0.044,0.5,0.426
03/12/1999,-0.385,-0.249,-0.401,-0.051,0.442,0.427
03/19/1999,-0.397,-0.244,-0.411,-0.055,0.389,0.428
03/26/1999,-0.405,-0.234,-0.418,-0.059,0.343,0.428
04/02/1999,-0.412,-0.226,-0.424,-0.062,0.307,0.428
04/09/1999,-0.417,-0.222,-0.429,-0.064,0.28,0.427
04/16/1999,-0.421,-0.225,-0.432,-0.066,0.264,0.426
04/23/1999,-0.424,-0.233,-0.436,-0.068,0.259,0.425
04/30/1999,-0.427,-0.245,-0.438,-0.07,0.264,0.425
05/07/1999,-0.427,-0.255,-0.439,-0.071,0.278,0.425
05/14/1999,-0.423,-0.256,-0.436,-0.071,0.299,0.426
05/21/1999,-0.414,-0.245,-0.428,-0.069,0.326,0.428
05/28/1999,-0.402,-0.223,-0.416,-0.067,0.357,0.431
06/04/1999,-0.387,-0.193,-0.4,-0.063,0.39,0.435
06/11/1999,-0.37,-0.161,-0.38,-0.059,0.425,0.439
06/18/1999,-0.352,-0.133,-0.357,-0.054,0.461,0.445
06/25/1999,-0.332,-0.107,-0.33,-0.049,0.499,0.452
07/02/1999,-0.311,-0.083,-0.301,-0.044,0.539,0.459
07/09/1999,-0.287,-0.053,-0.269,-0.038,0.583,0.467
07/16/1999,-0.261,-0.013,-0.237,-0.033,0.63,0.475
07/23/1999,-0.236,0.034,-0.206,-0.027,0.682,0.484
07/30/1999,-0.212,0.081,-0.179,-0.021,0.738,0.492
08/06/1999,-0.191,0.124,-0.157,-0.015,0.796,0.5
08/13/1999,-0.174,0.156,-0.141,-0.009,0.854,0.508
08/20/1999,-0.161,0.175,-0.131,-0.004,0.909,0.515
08/27/1999,-0.15,0.186,-0.124,-0,0.958,0.522
09/03/1999,-0.139,0.198,-0.115,0.003,0.997,0.529
09/10/1999,-0.126,0.218,-0.104,0.005,1.023,0.534
09/17/1999,-0.113,0.246,-0.09,0.007,1.033,0.539
09/24/1999,-0.101,0.28,-0.074,0.007,1.027,0.543
10/01/1999,-0.091,0.315,-0.057,0.008,1.008,0.547
10/08/1999,-0.085,0.342,-0.043,0.009,0.979,0.55
10/15/1999,-0.087,0.347,-0.039,0.012,0.945,0.553
10/22/1999,-0.097,0.329,-0.044,0.017,0.912,0.555
10/29/1999,-0.112,0.292,-0.06,0.025,0.888,0.556
11/05/1999,-0.129,0.243,-0.084,0.036,0.876,0.558
11/12/1999,-0.147,0.195,-0.115,0.049,0.881,0.559
11/19/1999,-0.161,0.16,-0.147,0.064,0.902,0.561
11/26/1999,-0.169,0.148,-0.176,0.079,0.939,0.562
12/03/1999,-0.171,0.156,-0.201,0.092,0.988,0.563
12/10/1999,-0.17,0.172,-0.219,0.102,1.045,0.565
12/17/1999,-0.169,0.182,-0.233,0.105,1.106,0.567
12/24/1999,-0.169,0.179,-0.242,0.104,1.165,0.569
12/31/1999,-0.173,0.161,-0.247,0.096,1.219,0.572
01/07/2000,-0.182,0.131,-0.253,0.082,1.267,0.576
01/14/2000,-0.193,0.102,-0.257,0.066,1.305,0.58
01/21/2000,-0.204,0.083,-0.26,0.051,1.335,0.585
01/28/2000,-0.211,0.073,-0.261,0.037,1.354,0.59
02/04/2000,-0.213,0.072,-0.258,0.028,1.363,0.597
02/11/2000,-0.211,0.072,-0.253,0.023,1.361,0.604
02/18/2000,-0.203,0.075,-0.243,0.024,1.349,0.612
02/25/2000,-0.19,0.085,-0.228,0.029,1.324,0.621
03/03/2000,-0.174,0.105,-0.209,0.038,1.289,0.63
03/10/2000,-0.154,0.137,-0.185,0.049,1.243,0.641
03/17/2000,-0.132,0.177,-0.156,0.063,1.187,0.651
03/24/2000,-0.11,0.212,-0.126,0.077,1.124,0.663
03/31/2000,-0.089,0.233,-0.096,0.09,1.055,0.674
04/07/2000,-0.074,0.233,-0.07,0.103,0.984,0.685
04/14/2000,-0.059,0.227,-0.045,0.114,0.91,0.697
04/21/2000,-0.047,0.225,-0.021,0.125,0.836,0.708
04/28/2000,-0.033,0.241,0.004,0.134,0.764,0.718
05/05/2000,-0.017,0.277,0.029,0.144,0.694,0.728
05/12/2000,-0.002,0.325,0.052,0.154,0.628,0.737
05/19/2000,0.012,0.372,0.072,0.164,0.566,0.745
05/26/2000,0.024,0.407,0.086,0.175,0.509,0.753
06/02/2000,0.032,0.424,0.092,0.185,0.456,0.76
06/09/2000,0.033,0.425,0.087,0.196,0.406,0.765
06/16/2000,0.028,0.416,0.074,0.205,0.355,0.77
06/23/2000,0.016,0.398,0.053,0.213,0.302,0.775
06/30/2000,-0.002,0.372,0.024,0.219,0.244,0.778
07/07/2000,-0.026,0.331,-0.01,0.223,0.177,0.781
07/14/2000,-0.056,0.277,-0.047,0.226,0.103,0.783
07/21/2000,-0.086,0.214,-0.083,0.226,0.022,0.784
07/28/2000,-0.116,0.151,-0.116,0.226,-0.065,0.785
08/04/2000,-0.144,0.098,-0.145,0.224,-0.155,0.786
08/11/2000,-0.168,0.063,-0.168,0.221,-0.245,0.786
08/18/2000,-0.186,0.048,-0.184,0.217,-0.332,0.785
08/25/2000,-0.199,0.045,-0.193,0.213,-0.414,0.785
09/01/2000,-0.206,0.047,-0.196,0.209,-0.489,0.783
09/08/2000,-0.208,0.048,-0.193,0.207,-0.556,0.782
09/15/2000,-0.207,0.047,-0.187,0.205,-0.613,0.781
09/22/2000,-0.203,0.047,-0.18,0.207,-0.662,0.779
09/29/2000,-0.197,0.05,-0.174,0.212,-0.704,0.777
10/06/2000,-0.19,0.055,-0.17,0.222,-0.743,0.775
10/13/2000,-0.182,0.061,-0.167,0.24,-0.78,0.773
10/20/2000,-0.176,0.057,-0.168,0.265,-0.822,0.77
10/27/2000,-0.169,0.046,-0.17,0.297,-0.872,0.768
11/03/2000,-0.159,0.033,-0.171,0.338,-0.931,0.765
11/10/2000,-0.145,0.027,-0.171,0.384,-1.002,0.763
11/17/2000,-0.128,0.035,-0.168,0.435,-1.084,0.76
11/24/2000,-0.107,0.06,-0.162,0.487,-1.177,0.757
12/01/2000,-0.087,0.098,-0.155,0.536,-1.279,0.754
12/08/2000,-0.072,0.133,-0.15,0.578,-1.385,0.751
12/15/2000,-0.066,0.152,-0.15,0.608,-1.49,0.748
12/22/2000,-0.072,0.15,-0.155,0.623,-1.59,0.746
12/29/2000,-0.092,0.12,-0.17,0.623,-1.679,0.743
01/05/2001,-0.121,0.075,-0.192,0.61,-1.755,0.74
01/12/2001,-0.156,0.024,-0.221,0.588,-1.818,0.737
01/19/2001,-0.193,-0.023,-0.251,0.561,-1.867,0.734
01/26/2001,-0.226,-0.062,-0.279,0.531,-1.904,0.732
02/02/2001,-0.252,-0.093,-0.301,0.502,-1.931,0.73
02/09/2001,-0.271,-0.119,-0.314,0.474,-1.95,0.728
02/16/2001,-0.28,-0.141,-0.318,0.451,-1.963,0.726
02/23/2001,-0.279,-0.155,-0.312,0.431,-1.971,0.724
03/02/2001,-0.273,-0.162,-0.3,0.415,-1.976,0.723
03/09/2001,-0.264,-0.161,-0.285,0.401,-1.979,0.722
03/16/2001,-0.256,-0.152,-0.269,0.388,-1.979,0.721
03/23/2001,-0.252,-0.144,-0.258,0.373,-1.976,0.72
03/30/2001,-0.255,-0.147,-0.254,0.356,-1.972,0.72
04/06/2001,-0.265,-0.164,-0.258,0.337,-1.966,0.719
04/13/2001,-0.284,-0.197,-0.273,0.316,-1.958,0.718
04/20/2001,-0.308,-0.239,-0.294,0.295,-1.951,0.717
04/27/2001,-0.335,-0.28,-0.319,0.273,-1.945,0.716
05/04/2001,-0.362,-0.316,-0.345,0.253,-1.942,0.715
05/11/2001,-0.388,-0.342,-0.371,0.236,-1.942,0.713
05/18/2001,-0.407,-0.359,-0.392,0.222,-1.946,0.71
05/25/2001,-0.423,-0.375,-0.409,0.213,-1.952,0.708
06/01/2001,-0.435,-0.394,-0.424,0.208,-1.962,0.704
06/08/2001,-0.442,-0.416,-0.436,0.205,-1.972,0.7
06/15/2001,-0.448,-0.437,-0.447,0.205,-1.982,0.696
06/22/2001,-0.454,-0.455,-0.458,0.205,-1.99,0.69
06/29/2001,-0.461,-0.467,-0.469,0.205,-1.993,0.684
07/06/2001,-0.47,-0.476,-0.481,0.203,-1.992,0.677
07/13/2001,-0.48,-0.485,-0.493,0.199,-1.983,0.67
07/20/2001,-0.49,-0.498,-0.504,0.194,-1.969,0.661
07/27/2001,-0.5,-0.52,-0.511,0.189,-1.949,0.652
08/03/2001,-0.504,-0.542,-0.513,0.186,-1.924,0.643
08/10/2001,-0.5,-0.552,-0.506,0.186,-1.895,0.633
08/17/2001,-0.486,-0.544,-0.49,0.19,-1.864,0.622
08/24/2001,-0.462,-0.514,-0.466,0.2,-1.833,0.61
08/31/2001,-0.432,-0.468,-0.438,0.214,-1.804,0.599
09/07/2001,-0.399,-0.418,-0.41,0.231,-1.777,0.587
09/14/2001,-0.367,-0.374,-0.384,0.251,-1.755,0.575
09/21/2001,-0.345,-0.346,-0.369,0.271,-1.737,0.563
09/28/2001,-0.338,-0.343,-0.369,0.289,-1.723,0.552
10/05/2001,-0.34,-0.349,-0.375,0.302,-1.712,0.541
10/12/2001,-0.351,-0.365,-0.39,0.31,-1.701,0.53
10/19/2001,-0.367,-0.387,-0.408,0.314,-1.69,0.521
10/26/2001,-0.383,-0.411,-0.425,0.314,-1.677,0.513
11/02/2001,-0.395,-0.433,-0.437,0.311,-1.66,0.506
11/09/2001,-0.4,-0.45,-0.442,0.307,-1.638,0.5
11/16/2001,-0.398,-0.454,-0.44,0.302,-1.613,0.495
11/23/2001,-0.388,-0.437,-0.43,0.297,-1.582,0.492
11/30/2001,-0.374,-0.404,-0.418,0.292,-1.548,0.491
12/07/2001,-0.362,-0.364,-0.408,0.287,-1.51,0.49
12/14/2001,-0.356,-0.336,-0.403,0.28,-1.469,0.491
12/21/2001,-0.358,-0.332,-0.406,0.268,-1.426,0.493
12/28/2001,-0.371,-0.358,-0.417,0.252,-1.382,0.495
01/04/2002,-0.391,-0.406,-0.435,0.233,-1.337,0.498
01/11/2002,-0.416,-0.461,-0.458,0.212,-1.293,0.501
01/18/2002,-0.442,-0.507,-0.482,0.19,-1.252,0.504
01/25/2002,-0.463,-0.53,-0.503,0.169,-1.214,0.506
02/01/2002,-0.478,-0.532,-0.522,0.152,-1.182,0.509
02/08/2002,-0.488,-0.521,-0.534,0.138,-1.157,0.511
02/15/2002,-0.492,-0.507,-0.542,0.127,-1.142,0.512
02/22/2002,-0.492,-0.495,-0.545,0.12,-1.137,0.512
03/01/2002,-0.492,-0.489,-0.544,0.114,-1.143,0.512
03/08/2002,-0.491,-0.481,-0.54,0.107,-1.158,0.51
03/15/2002,-0.491,-0.471,-0.535,0.099,-1.179,0.508
03/22/2002,-0.495,-0.459,-0.532,0.088,-1.205,0.505
03/29/2002,-0.504,-0.449,-0.533,0.075,-1.233,0.501
04/05/2002,-0.517,-0.451,-0.539,0.058,-1.259,0.497
04/12/2002,-0.536,-0.469,-0.55,0.038,-1.284,0.492
04/19/2002,-0.557,-0.502,-0.566,0.017,-1.304,0.487
04/26/2002,-0.58,-0.543,-0.584,-0.004,-1.319,0.481
05/03/2002,-0.602,-0.584,-0.602,-0.022,-1.33,0.476
05/10/2002,-0.618,-0.611,-0.617,-0.037,-1.337,0.47
05/17/2002,-0.629,-0.626,-0.627,-0.045,-1.341,0.464
05/24/2002,-0.631,-0.627,-0.63,-0.046,-1.344,0.458
05/31/2002,-0.625,-0.622,-0.626,-0.04,-1.347,0.452
06/07/2002,-0.611,-0.616,-0.615,-0.027,-1.351,0.447
06/14/2002,-0.591,-0.609,-0.598,-0.007,-1.356,0.442
06/21/2002,-0.566,-0.599,-0.577,0.016,-1.361,0.437
06/28/2002,-0.539,-0.583,-0.553,0.043,-1.367,0.433
07/05/2002,-0.511,-0.559,-0.528,0.07,-1.371,0.429
07/12/2002,-0.484,-0.529,-0.502,0.095,-1.372,0.425
07/19/2002,-0.461,-0.499,-0.479,0.117,-1.371,0.422
07/26/2002,-0.44,-0.473,-0.458,0.136,-1.364,0.42
08/02/2002,-0.426,-0.459,-0.442,0.151,-1.352,0.418
08/09/2002,-0.415,-0.451,-0.43,0.163,-1.333,0.416
08/16/2002,-0.407,-0.448,-0.422,0.171,-1.308,0.415
08/23/2002,-0.399,-0.441,-0.414,0.177,-1.276,0.414
08/30/2002,-0.391,-0.429,-0.408,0.182,-1.24,0.414
09/06/2002,-0.38,-0.41,-0.401,0.185,-1.201,0.413
09/13/2002,-0.37,-0.391,-0.394,0.188,-1.162,0.413
09/20/2002,-0.36,-0.376,-0.389,0.191,-1.125,0.413
09/27/2002,-0.355,-0.37,-0.388,0.193,-1.091,0.413
10/04/2002,-0.354,-0.374,-0.391,0.193,-1.06,0.413
10/11/2002,-0.36,-0.387,-0.4,0.192,-1.031,0.413
10/18/2002,-0.372,-0.407,-0.414,0.189,-1.004,0.412
10/25/2002,-0.388,-0.428,-0.432,0.185,-0.975,0.411
11/01/2002,-0.406,-0.45,-0.453,0.178,-0.945,0.409
11/08/2002,-0.423,-0.47,-0.475,0.172,-0.911,0.407
11/15/2002,-0.439,-0.484,-0.494,0.164,-0.874,0.404
11/22/2002,-0.449,-0.49,-0.51,0.156,-0.834,0.4
11/29/2002,-0.456,-0.485,-0.522,0.148,-0.792,0.396
12/06/2002,-0.458,-0.472,-0.531,0.139,-0.749,0.391
12/13/2002,-0.462,-0.459,-0.538,0.129,-0.707,0.385
12/20/2002,-0.466,-0.45,-0.544,0.117,-0.666,0.379
12/27/2002,-0.472,-0.45,-0.549,0.103,-0.628,0.373
01/03/2003,-0.483,-0.462,-0.556,0.087,-0.594,0.366
01/10/2003,-0.496,-0.479,-0.563,0.07,-0.565,0.359
01/17/2003,-0.508,-0.496,-0.571,0.055,-0.542,0.351
01/24/2003,-0.518,-0.508,-0.577,0.042,-0.524,0.344
01/31/2003,-0.525,-0.514,-0.583,0.031,-0.514,0.336
02/07/2003,-0.529,-0.517,-0.587,0.023,-0.511,0.328
02/14/2003,-0.531,-0.521,-0.591,0.017,-0.516,0.319
02/21/2003,-0.534,-0.53,-0.595,0.012,-0.531,0.311
02/28/2003,-0.538,-0.544,-0.599,0.007,-0.553,0.303
03/07/2003,-0.545,-0.564,-0.605,0,-0.583,0.294
03/14/2003,-0.555,-0.589,-0.614,-0.008,-0.618,0.286
03/21/2003,-0.569,-0.619,-0.625,-0.018,-0.657,0.278
03/28/2003,-0.589,-0.656,-0.642,-0.029,-0.697,0.269
04/04/2003,-0.612,-0.699,-0.663,-0.04,-0.736,0.261
04/11/2003,-0.637,-0.743,-0.686,-0.051,-0.773,0.253
04/18/2003,-0.662,-0.784,-0.711,-0.059,-0.804,0.245
04/25/2003,-0.683,-0.814,-0.735,-0.065,-0.831,0.237
05/02/2003,-0.699,-0.83,-0.757,-0.068,-0.852,0.229
05/09/2003,-0.709,-0.83,-0.774,-0.067,-0.867,0.221
05/16/2003,-0.713,-0.82,-0.786,-0.065,-0.879,0.214
05/23/2003,-0.714,-0.805,-0.793,-0.062,-0.887,0.206
05/30/2003,-0.712,-0.789,-0.796,-0.06,-0.892,0.199
06/06/2003,-0.711,-0.773,-0.796,-0.061,-0.895,0.193
06/13/2003,-0.71,-0.761,-0.792,-0.067,-0.896,0.186
06/20/2003,-0.711,-0.754,-0.786,-0.077,-0.894,0.18
06/27/2003,-0.714,-0.749,-0.777,-0.092,-0.889,0.175
07/04/2003,-0.717,-0.748,-0.765,-0.11,-0.881,0.17
07/11/2003,-0.718,-0.749,-0.752,-0.129,-0.866,0.165
07/18/2003,-0.716,-0.749,-0.736,-0.148,-0.845,0.162
07/25/2003,-0.712,-0.747,-0.72,-0.165,-0.816,0.159
08/01/2003,-0.702,-0.739,-0.704,-0.179,-0.78,0.157
08/08/2003,-0.692,-0.728,-0.691,-0.189,-0.739,0.156
08/15/2003,-0.682,-0.715,-0.683,-0.195,-0.696,0.156
08/22/2003,-0.674,-0.705,-0.678,-0.199,-0.652,0.156
08/29/2003,-0.669,-0.701,-0.677,-0.201,-0.613,0.158
09/05/2003,-0.667,-0.703,-0.679,-0.203,-0.58,0.161
09/12/2003,-0.67,-0.71,-0.684,-0.204,-0.555,0.164
09/19/2003,-0.675,-0.719,-0.689,-0.206,-0.54,0.169
09/26/2003,-0.682,-0.726,-0.693,-0.21,-0.531,0.174
10/03/2003,-0.689,-0.731,-0.697,-0.216,-0.529,0.18
10/10/2003,-0.698,-0.736,-0.7,-0.223,-0.529,0.186
10/17/2003,-0.706,-0.742,-0.702,-0.231,-0.528,0.193
10/24/2003,-0.711,-0.751,-0.703,-0.239,-0.525,0.201
10/31/2003,-0.716,-0.761,-0.705,-0.246,-0.517,0.209
11/07/2003,-0.718,-0.768,-0.707,-0.252,-0.503,0.217
11/14/2003,-0.718,-0.768,-0.708,-0.257,-0.484,0.225
11/21/2003,-0.717,-0.76,-0.71,-0.261,-0.461,0.234
11/28/2003,-0.716,-0.746,-0.713,-0.265,-0.436,0.243
12/05/2003,-0.714,-0.728,-0.715,-0.27,-0.413,0.253
12/12/2003,-0.715,-0.715,-0.719,-0.276,-0.394,0.262
12/19/2003,-0.718,-0.708,-0.723,-0.284,-0.383,0.271
12/26/2003,-0.724,-0.708,-0.728,-0.293,-0.38,0.281
01/02/2004,-0.734,-0.713,-0.735,-0.304,-0.389,0.29
01/09/2004,-0.747,-0.72,-0.743,-0.315,-0.409,0.3
01/16/2004,-0.761,-0.728,-0.752,-0.324,-0.438,0.309
01/23/2004,-0.774,-0.738,-0.761,-0.332,-0.476,0.319
01/30/2004,-0.786,-0.751,-0.77,-0.337,-0.517,0.328
02/06/2004,-0.796,-0.766,-0.779,-0.339,-0.56,0.337
02/13/2004,-0.805,-0.782,-0.787,-0.339,-0.6,0.346
02/20/2004,-0.811,-0.794,-0.794,-0.337,-0.632,0.355
02/27/2004,-0.815,-0.8,-0.799,-0.335,-0.655,0.363
03/05/2004,-0.815,-0.799,-0.8,-0.333,-0.666,0.372
03/12/2004,-0.814,-0.794,-0.798,-0.334,-0.662,0.38
03/19/2004,-0.81,-0.789,-0.792,-0.336,-0.645,0.388
03/26/2004,-0.803,-0.787,-0.783,-0.34,-0.615,0.396
04/02/2004,-0.795,-0.787,-0.77,-0.346,-0.575,0.405
04/09/2004,-0.784,-0.785,-0.755,-0.352,-0.528,0.413
04/16/2004,-0.77,-0.774,-0.738,-0.356,-0.476,0.422
04/23/2004,-0.755,-0.754,-0.721,-0.359,-0.424,0.43
04/30/2004,-0.74,-0.726,-0.704,-0.358,-0.376,0.439
05/07/2004,-0.725,-0.698,-0.69,-0.354,-0.332,0.448
05/14/2004,-0.713,-0.678,-0.679,-0.348,-0.296,0.457
05/21/2004,-0.703,-0.671,-0.671,-0.341,-0.268,0.467
05/28/2004,-0.696,-0.675,-0.665,-0.333,-0.247,0.476
06/04/2004,-0.691,-0.685,-0.662,-0.326,-0.233,0.487
06/11/2004,-0.688,-0.691,-0.661,-0.319,-0.226,0.497
06/18/2004,-0.686,-0.688,-0.66,-0.314,-0.224,0.507
06/25/2004,-0.687,-0.68,-0.661,-0.311,-0.226,0.518
07/02/2004,-0.688,-0.671,-0.663,-0.308,-0.233,0.529
07/09/2004,-0.69,-0.667,-0.666,-0.305,-0.242,0.54
07/16/2004,-0.692,-0.672,-0.669,-0.302,-0.253,0.552
07/23/2004,-0.694,-0.684,-0.674,-0.297,-0.265,0.563
07/30/2004,-0.696,-0.7,-0.679,-0.291,-0.277,0.575
08/06/2004,-0.697,-0.713,-0.684,-0.284,-0.287,0.587
08/13/2004,-0.699,-0.72,-0.69,-0.275,-0.295,0.598
08/20/2004,-0.7,-0.723,-0.697,-0.266,-0.299,0.61
08/27/2004,-0.701,-0.723,-0.703,-0.257,-0.299,0.622
09/03/2004,-0.701,-0.719,-0.708,-0.249,-0.294,0.634
09/10/2004,-0.701,-0.714,-0.713,-0.243,-0.283,0.646
09/17/2004,-0.701,-0.702,-0.717,-0.239,-0.267,0.658
09/24/2004,-0.7,-0.684,-0.719,-0.238,-0.248,0.67
10/01/2004,-0.699,-0.66,-0.721,-0.238,-0.226,0.682
10/08/2004,-0.699,-0.636,-0.722,-0.241,-0.203,0.694
10/15/2004,-0.7,-0.619,-0.724,-0.245,-0.18,0.706
10/22/2004,-0.703,-0.616,-0.727,-0.25,-0.16,0.718
10/29/2004,-0.706,-0.626,-0.73,-0.254,-0.142,0.73
11/05/2004,-0.709,-0.645,-0.734,-0.258,-0.128,0.743
11/12/2004,-0.714,-0.667,-0.738,-0.261,-0.12,0.755
11/19/2004,-0.716,-0.683,-0.74,-0.262,-0.116,0.768
11/26/2004,-0.716,-0.691,-0.74,-0.262,-0.116,0.781
12/03/2004,-0.715,-0.691,-0.737,-0.26,-0.12,0.794
12/10/2004,-0.712,-0.687,-0.734,-0.257,-0.127,0.807
12/17/2004,-0.707,-0.681,-0.728,-0.253,-0.135,0.82
12/24/2004,-0.702,-0.678,-0.723,-0.249,-0.143,0.834
12/31/2004,-0.698,-0.677,-0.72,-0.245,-0.149,0.847
01/07/2005,-0.695,-0.679,-0.719,-0.242,-0.153,0.861
01/14/2005,-0.696,-0.682,-0.722,-0.24,-0.154,0.875
01/21/2005,-0.698,-0.685,-0.726,-0.238,-0.153,0.889
01/28/2005,-0.703,-0.69,-0.732,-0.238,-0.148,0.904
02/04/2005,-0.708,-0.696,-0.738,-0.239,-0.141,0.918
02/11/2005,-0.712,-0.7,-0.742,-0.241,-0.132,0.932
02/18/2005,-0.713,-0.697,-0.743,-0.241,-0.122,0.947
02/25/2005,-0.71,-0.687,-0.739,-0.241,-0.111,0.962
03/04/2005,-0.703,-0.666,-0.731,-0.238,-0.099,0.976
03/11/2005,-0.693,-0.64,-0.72,-0.233,-0.086,0.991
03/18/2005,-0.68,-0.612,-0.707,-0.225,-0.072,1.006
03/25/2005,-0.665,-0.589,-0.694,-0.215,-0.057,1.021
04/01/2005,-0.651,-0.573,-0.683,-0.201,-0.042,1.036
04/08/2005,-0.638,-0.566,-0.675,-0.186,-0.028,1.051
04/15/2005,-0.626,-0.564,-0.669,-0.169,-0.014,1.066
04/22/2005,-0.617,-0.566,-0.666,-0.153,-0.001,1.081
04/29/2005,-0.61,-0.567,-0.665,-0.138,0.012,1.097
05/06/2005,-0.605,-0.567,-0.665,-0.125,0.023,1.112
05/13/2005,-0.601,-0.565,-0.665,-0.115,0.035,1.128
05/20/2005,-0.599,-0.562,-0.666,-0.108,0.047,1.144
05/27/2005,-0.6,-0.558,-0.668,-0.105,0.059,1.16
06/03/2005,-0.6,-0.55,-0.669,-0.104,0.071,1.176
06/10/2005,-0.601,-0.54,-0.67,-0.105,0.085,1.193
06/17/2005,-0.603,-0.529,-0.671,-0.108,0.099,1.21
06/24/2005,-0.604,-0.521,-0.672,-0.111,0.114,1.228
07/01/2005,-0.606,-0.517,-0.675,-0.114,0.128,1.246
07/08/2005,-0.608,-0.517,-0.678,-0.115,0.143,1.265
07/15/2005,-0.611,-0.52,-0.683,-0.116,0.156,1.285
07/22/2005,-0.613,-0.523,-0.688,-0.115,0.167,1.305
07/29/2005,-0.614,-0.521,-0.691,-0.113,0.175,1.326
08/05/2005,-0.613,-0.511,-0.692,-0.11,0.18,1.347
08/12/2005,-0.61,-0.499,-0.691,-0.108,0.181,1.37
08/19/2005,-0.605,-0.483,-0.686,-0.105,0.176,1.392
08/26/2005,-0.599,-0.463,-0.678,-0.103,0.166,1.416
09/02/2005,-0.591,-0.442,-0.667,-0.103,0.149,1.44
09/09/2005,-0.583,-0.421,-0.655,-0.105,0.125,1.464
09/16/2005,-0.576,-0.402,-0.641,-0.108,0.092,1.489
09/23/2005,-0.57,-0.389,-0.628,-0.113,0.053,1.513
09/30/2005,-0.567,-0.388,-0.616,-0.119,0.006,1.538
10/07/2005,-0.568,-0.405,-0.607,-0.125,-0.048,1.562
10/14/2005,-0.572,-0.434,-0.602,-0.131,-0.105,1.586
10/21/2005,-0.578,-0.471,-0.599,-0.135,-0.164,1.61
10/28/2005,-0.584,-0.507,-0.596,-0.139,-0.221,1.632
11/04/2005,-0.588,-0.534,-0.594,-0.141,-0.272,1.654
11/11/2005,-0.589,-0.546,-0.59,-0.141,-0.317,1.675
11/18/2005,-0.587,-0.541,-0.585,-0.138,-0.35,1.695
11/25/2005,-0.582,-0.524,-0.579,-0.135,-0.373,1.714
12/02/2005,-0.575,-0.499,-0.573,-0.13,-0.384,1.732
12/09/2005,-0.569,-0.472,-0.57,-0.125,-0.384,1.749
12/16/2005,-0.564,-0.447,-0.57,-0.12,-0.374,1.766
12/23/2005,-0.563,-0.432,-0.575,-0.115,-0.357,1.782
12/30/2005,-0.564,-0.427,-0.585,-0.111,-0.337,1.798
01/06/2006,-0.571,-0.435,-0.6,-0.108,-0.315,1.813
01/13/2006,-0.58,-0.452,-0.617,-0.107,-0.296,1.829
01/20/2006,-0.591,-0.473,-0.634,-0.107,-0.283,1.845
01/27/2006,-0.603,-0.495,-0.649,-0.11,-0.277,1.861
02/03/2006,-0.614,-0.514,-0.662,-0.113,-0.28,1.878
02/10/2006,-0.622,-0.528,-0.669,-0.117,-0.291,1.896
02/17/2006,-0.629,-0.54,-0.673,-0.122,-0.308,1.914
02/24/2006,-0.633,-0.55,-0.673,-0.127,-0.33,1.933
03/03/2006,-0.634,-0.558,-0.669,-0.132,-0.354,1.953
03/10/2006,-0.634,-0.561,-0.663,-0.137,-0.38,1.974
03/17/2006,-0.633,-0.559,-0.657,-0.141,-0.404,1.996
03/24/2006,-0.631,-0.553,-0.651,-0.144,-0.427,2.018
03/31/2006,-0.628,-0.542,-0.645,-0.147,-0.447,2.04
04/07/2006,-0.626,-0.531,-0.641,-0.148,-0.464,2.062
04/14/2006,-0.624,-0.522,-0.637,-0.148,-0.479,2.085
04/21/2006,-0.622,-0.516,-0.634,-0.147,-0.492,2.107
04/28/2006,-0.619,-0.511,-0.628,-0.146,-0.504,2.129
05/05/2006,-0.614,-0.503,-0.62,-0.144,-0.513,2.15
05/12/2006,-0.607,-0.493,-0.608,-0.143,-0.519,2.171
05/19/2006,-0.595,-0.477,-0.591,-0.141,-0.523,2.191
05/26/2006,-0.582,-0.46,-0.573,-0.14,-0.524,2.209
06/02/2006,-0.568,-0.443,-0.553,-0.138,-0.521,2.227
06/09/2006,-0.555,-0.429,-0.536,-0.136,-0.516,2.244
06/16/2006,-0.542,-0.418,-0.522,-0.133,-0.507,2.26
06/23/2006,-0.534,-0.411,-0.514,-0.129,-0.496,2.275
06/30/2006,-0.53,-0.41,-0.515,-0.124,-0.484,2.289
07/07/2006,-0.53,-0.415,-0.522,-0.118,-0.473,2.302
07/14/2006,-0.536,-0.427,-0.536,-0.112,-0.464,2.315
07/21/2006,-0.546,-0.445,-0.555,-0.105,-0.459,2.326
07/28/2006,-0.56,-0.469,-0.577,-0.098,-0.457,2.338
08/04/2006,-0.574,-0.493,-0.598,-0.092,-0.46,2.348
08/11/2006,-0.587,-0.514,-0.617,-0.087,-0.467,2.359
08/18/2006,-0.597,-0.529,-0.632,-0.082,-0.476,2.368
08/25/2006,-0.604,-0.537,-0.641,-0.078,-0.486,2.378
09/01/2006,-0.606,-0.539,-0.646,-0.074,-0.496,2.387
09/08/2006,-0.607,-0.54,-0.647,-0.071,-0.504,2.397
09/15/2006,-0.606,-0.543,-0.648,-0.068,-0.509,2.406
09/22/2006,-0.605,-0.552,-0.651,-0.065,-0.511,2.414
09/29/2006,-0.606,-0.566,-0.656,-0.062,-0.508,2.423
10/06/2006,-0.61,-0.586,-0.665,-0.059,-0.502,2.432
10/13/2006,-0.615,-0.609,-0.677,-0.055,-0.493,2.441
10/20/2006,-0.622,-0.629,-0.689,-0.051,-0.483,2.449
10/27/2006,-0.628,-0.643,-0.701,-0.047,-0.473,2.458
11/03/2006,-0.632,-0.645,-0.709,-0.042,-0.462,2.467
11/10/2006,-0.633,-0.635,-0.713,-0.039,-0.452,2.476
11/17/2006,-0.631,-0.61,-0.714,-0.037,-0.441,2.484
11/24/2006,-0.628,-0.573,-0.711,-0.037,-0.43,2.493
12/01/2006,-0.624,-0.53,-0.706,-0.039,-0.419,2.502
12/08/2006,-0.621,-0.49,-0.702,-0.044,-0.406,2.511
12/15/2006,-0.622,-0.465,-0.701,-0.051,-0.393,2.519
12/22/2006,-0.626,-0.459,-0.704,-0.061,-0.378,2.528
12/29/2006,-0.635,-0.47,-0.71,-0.073,-0.364,2.537
01/05/2007,-0.646,-0.494,-0.721,-0.084,-0.35,2.545
01/12/2007,-0.659,-0.522,-0.733,-0.095,-0.34,2.554
01/19/2007,-0.671,-0.549,-0.744,-0.103,-0.333,2.562
01/26/2007,-0.681,-0.571,-0.751,-0.109,-0.33,2.571
02/02/2007,-0.684,-0.585,-0.753,-0.111,-0.331,2.579
02/09/2007,-0.682,-0.594,-0.749,-0.11,-0.334,2.588
02/16/2007,-0.675,-0.592,-0.739,-0.107,-0.339,2.596
02/23/2007,-0.662,-0.58,-0.725,-0.101,-0.342,2.604
03/02/2007,-0.647,-0.556,-0.709,-0.093,-0.342,2.613
03/09/2007,-0.632,-0.529,-0.695,-0.086,-0.34,2.621
03/16/2007,-0.62,-0.505,-0.683,-0.079,-0.332,2.629
03/23/2007,-0.612,-0.493,-0.675,-0.074,-0.32,2.637
03/30/2007,-0.606,-0.492,-0.67,-0.07,-0.304,2.645
04/06/2007,-0.602,-0.499,-0.666,-0.068,-0.285,2.653
04/13/2007,-0.599,-0.503,-0.661,-0.069,-0.264,2.661
04/20/2007,-0.594,-0.494,-0.653,-0.073,-0.242,2.668
04/27/2007,-0.588,-0.472,-0.641,-0.079,-0.219,2.675
05/04/2007,-0.579,-0.442,-0.624,-0.089,-0.195,2.682
05/11/2007,-0.57,-0.415,-0.607,-0.1,-0.169,2.689
05/18/2007,-0.561,-0.398,-0.589,-0.114,-0.138,2.695
05/25/2007,-0.553,-0.385,-0.572,-0.128,-0.101,2.701
06/01/2007,-0.546,-0.374,-0.559,-0.141,-0.056,2.706
06/08/2007,-0.543,-0.359,-0.552,-0.149,-0.003,2.711
06/15/2007,-0.54,-0.335,-0.547,-0.15,0.059,2.716
06/22/2007,-0.534,-0.315,-0.544,-0.141,0.13,2.72
06/29/2007,-0.522,-0.31,-0.535,-0.119,0.208,2.724
07/06/2007,-0.498,-0.32,-0.516,-0.083,0.292,2.728
07/13/2007,-0.453,-0.326,-0.478,-0.031,0.378,2.731
07/20/2007,-0.384,-0.296,-0.416,0.034,0.464,2.733
07/27/2007,-0.29,-0.195,-0.328,0.11,0.548,2.735
08/03/2007,-0.179,-0.015,-0.223,0.191,0.629,2.737
08/10/2007,-0.059,0.227,-0.11,0.271,0.706,2.738
08/17/2007,0.059,0.488,0.001,0.342,0.781,2.739
08/24/2007,0.154,0.698,0.09,0.397,0.855,2.739
08/31/2007,0.205,0.794,0.138,0.432,0.928,2.739
09/07/2007,0.222,0.791,0.151,0.444,1.003,2.739
09/14/2007,0.198,0.702,0.128,0.436,1.08,2.738
09/21/2007,0.142,0.562,0.074,0.412,1.161,2.737
09/28/2007,0.077,0.435,0.01,0.383,1.245,2.736
10/05/2007,0.016,0.338,-0.05,0.354,1.334,2.735
10/12/2007,-0.024,0.281,-0.09,0.334,1.428,2.734
10/19/2007,-0.031,0.268,-0.097,0.327,1.526,2.733
10/26/2007,-0.001,0.298,-0.063,0.338,1.624,2.732
11/02/2007,0.066,0.384,0.008,0.364,1.721,2.731
11/09/2007,0.164,0.538,0.113,0.403,1.812,2.729
11/16/2007,0.275,0.738,0.231,0.451,1.896,2.728
11/23/2007,0.387,0.96,0.347,0.503,1.969,2.727
11/30/2007,0.48,1.146,0.443,0.552,2.029,2.725
12/07/2007,0.543,1.246,0.503,0.594,2.075,2.723
12/14/2007,0.57,1.246,0.522,0.625,2.106,2.72
12/21/2007,0.56,1.163,0.499,0.649,2.122,2.717
12/28/2007,0.521,1.04,0.442,0.665,2.126,2.714
01/04/2008,0.474,0.94,0.374,0.678,2.119,2.71
01/11/2008,0.429,0.884,0.305,0.696,2.107,2.704
01/18/2008,0.405,0.879,0.257,0.722,2.093,2.698
01/25/2008,0.412,0.911,0.244,0.757,2.082,2.69
02/01/2008,0.442,0.942,0.257,0.803,2.077,2.681
02/08/2008,0.503,0.99,0.304,0.86,2.081,2.67
02/15/2008,0.588,1.074,0.38,0.924,2.093,2.659
02/22/2008,0.687,1.209,0.475,0.987,2.111,2.645
02/29/2008,0.788,1.387,0.578,1.041,2.133,2.63
03/07/2008,0.879,1.577,0.677,1.084,2.158,2.614
03/14/2008,0.94,1.714,0.751,1.105,2.181,2.597
03/21/2008,0.965,1.759,0.796,1.101,2.204,2.578
03/28/2008,0.945,1.692,0.797,1.073,2.229,2.559
04/04/2008,0.893,1.557,0.766,1.025,2.255,2.539
04/11/2008,0.819,1.405,0.708,0.965,2.287,2.518
04/18/2008,0.737,1.278,0.636,0.898,2.326,2.497
04/25/2008,0.651,1.183,0.555,0.834,2.374,2.476
05/02/2008,0.576,1.108,0.479,0.779,2.431,2.455
05/09/2008,0.521,1.039,0.417,0.74,2.497,2.435
05/16/2008,0.488,0.962,0.377,0.718,2.57,2.415
05/23/2008,0.483,0.9,0.364,0.714,2.646,2.395
05/30/2008,0.505,0.887,0.377,0.727,2.72,2.377
06/06/2008,0.551,0.951,0.413,0.753,2.788,2.359
06/13/2008,0.604,1.067,0.46,0.787,2.844,2.341
06/20/2008,0.66,1.206,0.507,0.822,2.885,2.325
06/27/2008,0.712,1.321,0.547,0.856,2.907,2.309
07/04/2008,0.745,1.362,0.569,0.881,2.909,2.293
07/11/2008,0.754,1.334,0.57,0.896,2.892,2.279
07/18/2008,0.744,1.279,0.555,0.902,2.854,2.265
07/25/2008,0.715,1.217,0.525,0.903,2.804,2.251
08/01/2008,0.684,1.184,0.496,0.904,2.743,2.237
08/08/2008,0.669,1.177,0.489,0.914,2.679,2.224
08/15/2008,0.677,1.169,0.513,0.937,2.615,2.211
08/22/2008,0.733,1.178,0.59,0.984,2.557,2.197
08/29/2008,0.841,1.226,0.727,1.057,2.509,2.184
09/05/2008,1.009,1.365,0.928,1.158,2.476,2.169
09/12/2008,1.23,1.65,1.181,1.286,2.463,2.155
09/19/2008,1.513,2.115,1.487,1.443,2.47,2.139
09/26/2008,1.793,2.616,1.79,1.611,2.5,2.123
10/03/2008,2.073,3.086,2.086,1.788,2.551,2.105
10/10/2008,2.324,3.414,2.341,1.968,2.619,2.085
10/17/2008,2.52,3.533,2.538,2.138,2.702,2.063
10/24/2008,2.663,3.494,2.671,2.296,2.794,2.04
10/31/2008,2.786,3.449,2.773,2.438,2.891,2.014
11/07/2008,2.88,3.466,2.834,2.563,2.988,1.986
11/14/2008,2.96,3.607,2.868,2.668,3.082,1.956
11/21/2008,3.036,3.843,2.889,2.749,3.17,1.923
11/28/2008,3.061,4.01,2.872,2.792,3.248,1.888
12/05/2008,3.054,4.063,2.833,2.793,3.322,1.85
12/12/2008,2.99,3.944,2.755,2.751,3.394,1.81
12/19/2008,2.867,3.683,2.639,2.666,3.465,1.768
12/26/2008,2.708,3.389,2.505,2.548,3.539,1.725
01/02/2009,2.556,3.165,2.372,2.423,3.615,1.68
01/09/2009,2.404,3.011,2.243,2.294,3.694,1.634
01/16/2009,2.28,2.924,2.135,2.179,3.77,1.586
01/23/2009,2.189,2.863,2.055,2.085,3.84,1.538
01/30/2009,2.13,2.793,1.997,2.019,3.894,1.49
02/06/2009,2.1,2.731,1.96,1.982,3.928,1.441
02/13/2009,2.101,2.716,1.944,1.971,3.934,1.391
02/20/2009,2.117,2.762,1.939,1.979,3.907,1.342
02/27/2009,2.133,2.852,1.931,1.994,3.842,1.292
03/06/2009,2.137,2.943,1.913,2.005,3.741,1.242
03/13/2009,2.1,2.948,1.867,1.996,3.602,1.192
03/20/2009,2.028,2.854,1.794,1.964,3.434,1.142
03/27/2009,1.923,2.672,1.697,1.907,3.243,1.091
04/03/2009,1.799,2.454,1.582,1.829,3.036,1.041
04/10/2009,1.659,2.246,1.459,1.729,2.824,0.989
04/17/2009,1.517,2.082,1.334,1.618,2.615,0.938
04/24/2009,1.378,1.953,1.214,1.501,2.416,0.886
05/01/2009,1.242,1.823,1.1,1.384,2.232,0.834
05/08/2009,1.119,1.675,1,1.273,2.066,0.781
05/15/2009,1.018,1.516,0.918,1.176,1.922,0.728
05/22/2009,0.934,1.364,0.852,1.093,1.798,0.675
05/29/2009,0.875,1.263,0.806,1.024,1.692,0.621
06/05/2009,0.828,1.218,0.77,0.969,1.601,0.567
06/12/2009,0.792,1.224,0.738,0.925,1.521,0.512
06/19/2009,0.761,1.25,0.705,0.892,1.448,0.458
06/26/2009,0.724,1.244,0.666,0.859,1.378,0.404
07/03/2009,0.679,1.187,0.62,0.823,1.308,0.351
07/10/2009,0.624,1.078,0.568,0.784,1.235,0.299
07/17/2009,0.557,0.937,0.509,0.737,1.159,0.248
07/24/2009,0.486,0.8,0.45,0.686,1.08,0.199
07/31/2009,0.418,0.695,0.393,0.635,1,0.151
08/07/2009,0.358,0.631,0.34,0.588,0.92,0.106
08/14/2009,0.309,0.595,0.295,0.546,0.845,0.062
08/21/2009,0.268,0.567,0.256,0.508,0.777,0.022
08/28/2009,0.231,0.527,0.222,0.473,0.717,-0.017
09/04/2009,0.199,0.474,0.191,0.443,0.668,-0.053
09/11/2009,0.166,0.415,0.162,0.414,0.629,-0.087
09/18/2009,0.134,0.362,0.135,0.388,0.602,-0.119
09/25/2009,0.105,0.328,0.11,0.366,0.585,-0.149
10/02/2009,0.083,0.315,0.087,0.35,0.578,-0.177
10/09/2009,0.062,0.309,0.066,0.336,0.58,-0.204
10/16/2009,0.045,0.299,0.048,0.324,0.588,-0.229
10/23/2009,0.032,0.279,0.032,0.314,0.6,-0.253
10/30/2009,0.024,0.256,0.02,0.304,0.614,-0.276
11/06/2009,0.015,0.228,0.011,0.289,0.629,-0.299
11/13/2009,0.003,0.203,0.001,0.27,0.643,-0.322
11/20/2009,-0.011,0.186,-0.007,0.245,0.654,-0.344
11/27/2009,-0.029,0.167,-0.014,0.213,0.662,-0.366
12/04/2009,-0.054,0.137,-0.023,0.174,0.666,-0.388
12/11/2009,-0.084,0.088,-0.033,0.131,0.667,-0.41
12/18/2009,-0.117,0.025,-0.044,0.088,0.663,-0.433
12/25/2009,-0.147,-0.042,-0.056,0.05,0.655,-0.456
01/01/2010,-0.172,-0.095,-0.068,0.021,0.643,-0.479
01/08/2010,-0.192,-0.126,-0.08,0.003,0.624,-0.503
01/15/2010,-0.201,-0.126,-0.091,-0.002,0.599,-0.527
01/22/2010,-0.2,-0.102,-0.1,0.003,0.568,-0.551
01/29/2010,-0.196,-0.078,-0.108,0.013,0.529,-0.576
02/05/2010,-0.193,-0.068,-0.118,0.022,0.482,-0.602
02/12/2010,-0.196,-0.08,-0.133,0.026,0.429,-0.628
02/19/2010,-0.213,-0.118,-0.154,0.019,0.37,-0.653
02/26/2010,-0.242,-0.168,-0.181,0.001,0.307,-0.679
03/05/2010,-0.281,-0.221,-0.214,-0.027,0.243,-0.705
03/12/2010,-0.327,-0.27,-0.25,-0.061,0.181,-0.731
03/19/2010,-0.373,-0.315,-0.284,-0.096,0.124,-0.756
03/26/2010,-0.413,-0.362,-0.311,-0.129,0.076,-0.781
04/02/2010,-0.442,-0.407,-0.328,-0.152,0.037,-0.804
04/09/2010,-0.453,-0.443,-0.33,-0.161,0.01,-0.827
04/16/2010,-0.442,-0.45,-0.314,-0.154,-0.006,-0.849
04/23/2010,-0.406,-0.416,-0.277,-0.129,-0.011,-0.869
04/30/2010,-0.348,-0.335,-0.223,-0.089,-0.008,-0.887
05/07/2010,-0.271,-0.218,-0.155,-0.037,0.002,-0.904
05/14/2010,-0.195,-0.101,-0.087,0.016,0.014,-0.92
05/21/2010,-0.123,0.002,-0.023,0.069,0.028,-0.933
05/28/2010,-0.068,0.065,0.026,0.111,0.039,-0.945
06/04/2010,-0.037,0.087,0.055,0.14,0.047,-0.956
06/11/2010,-0.027,0.082,0.063,0.155,0.051,-0.965
06/18/2010,-0.042,0.054,0.051,0.154,0.051,-0.973
06/25/2010,-0.069,0.019,0.024,0.142,0.046,-0.98
07/02/2010,-0.103,-0.02,-0.011,0.123,0.038,-0.987
07/09/2010,-0.145,-0.072,-0.053,0.099,0.027,-0.993
07/16/2010,-0.185,-0.129,-0.095,0.075,0.015,-0.999
07/23/2010,-0.218,-0.179,-0.132,0.055,0.003,-1.005
07/30/2010,-0.243,-0.214,-0.161,0.04,-0.009,-1.012
08/06/2010,-0.257,-0.224,-0.183,0.032,-0.021,-1.019
08/13/2010,-0.262,-0.213,-0.197,0.03,-0.03,-1.028
08/20/2010,-0.264,-0.196,-0.206,0.03,-0.037,-1.037
08/27/2010,-0.266,-0.188,-0.214,0.028,-0.041,-1.048
09/03/2010,-0.274,-0.196,-0.223,0.023,-0.041,-1.059
09/10/2010,-0.288,-0.224,-0.234,0.01,-0.036,-1.072
09/17/2010,-0.307,-0.26,-0.247,-0.009,-0.027,-1.085
09/24/2010,-0.329,-0.29,-0.261,-0.034,-0.012,-1.099
10/01/2010,-0.353,-0.316,-0.274,-0.064,0.007,-1.113
10/08/2010,-0.376,-0.337,-0.285,-0.098,0.028,-1.127
10/15/2010,-0.398,-0.359,-0.293,-0.132,0.05,-1.142
10/22/2010,-0.416,-0.382,-0.296,-0.164,0.071,-1.156
10/29/2010,-0.429,-0.405,-0.295,-0.193,0.09,-1.169
11/05/2010,-0.438,-0.421,-0.292,-0.218,0.103,-1.182
11/12/2010,-0.442,-0.424,-0.285,-0.238,0.111,-1.193
11/19/2010,-0.444,-0.421,-0.279,-0.254,0.111,-1.204
11/26/2010,-0.446,-0.417,-0.275,-0.268,0.105,-1.213
12/03/2010,-0.452,-0.425,-0.274,-0.283,0.091,-1.222
12/10/2010,-0.464,-0.451,-0.279,-0.298,0.071,-1.228
12/17/2010,-0.479,-0.486,-0.288,-0.315,0.047,-1.234
12/24/2010,-0.498,-0.522,-0.303,-0.332,0.02,-1.239
12/31/2010,-0.519,-0.551,-0.32,-0.35,-0.007,-1.242
01/07/2011,-0.541,-0.569,-0.339,-0.365,-0.034,-1.245
01/14/2011,-0.561,-0.583,-0.356,-0.38,-0.058,-1.247
01/21/2011,-0.579,-0.601,-0.37,-0.392,-0.078,-1.249
01/28/2011,-0.591,-0.624,-0.378,-0.4,-0.094,-1.25
02/04/2011,-0.596,-0.649,-0.379,-0.404,-0.105,-1.251
02/11/2011,-0.594,-0.663,-0.376,-0.403,-0.111,-1.252
02/18/2011,-0.585,-0.653,-0.368,-0.397,-0.111,-1.253
02/25/2011,-0.57,-0.618,-0.357,-0.387,-0.106,-1.254
03/04/2011,-0.556,-0.574,-0.35,-0.376,-0.095,-1.256
03/11/2011,-0.546,-0.535,-0.346,-0.367,-0.08,-1.257
03/18/2011,-0.541,-0.516,-0.348,-0.36,-0.062,-1.259
03/25/2011,-0.546,-0.527,-0.358,-0.357,-0.039,-1.262
04/01/2011,-0.556,-0.556,-0.374,-0.358,-0.015,-1.265
04/08/2011,-0.57,-0.588,-0.392,-0.362,0.011,-1.268
04/15/2011,-0.583,-0.608,-0.409,-0.366,0.036,-1.271
04/22/2011,-0.593,-0.614,-0.421,-0.368,0.06,-1.275
04/29/2011,-0.597,-0.612,-0.428,-0.369,0.082,-1.279
05/06/2011,-0.594,-0.612,-0.429,-0.366,0.101,-1.284
05/13/2011,-0.584,-0.616,-0.424,-0.359,0.118,-1.288
05/20/2011,-0.572,-0.622,-0.416,-0.35,0.133,-1.293
05/27/2011,-0.558,-0.62,-0.406,-0.34,0.148,-1.299
06/03/2011,-0.545,-0.604,-0.395,-0.33,0.165,-1.304
06/10/2011,-0.533,-0.573,-0.383,-0.322,0.186,-1.31
06/17/2011,-0.524,-0.546,-0.372,-0.316,0.214,-1.315
06/24/2011,-0.517,-0.533,-0.361,-0.31,0.252,-1.321
07/01/2011,-0.51,-0.541,-0.349,-0.303,0.3,-1.327
07/08/2011,-0.497,-0.554,-0.334,-0.29,0.36,-1.333
07/15/2011,-0.475,-0.55,-0.313,-0.268,0.431,-1.338
07/22/2011,-0.44,-0.512,-0.284,-0.236,0.512,-1.344
07/29/2011,-0.392,-0.432,-0.247,-0.193,0.6,-1.35
08/05/2011,-0.328,-0.319,-0.201,-0.141,0.692,-1.356
08/12/2011,-0.257,-0.203,-0.151,-0.082,0.783,-1.362
08/19/2011,-0.194,-0.116,-0.106,-0.026,0.868,-1.368
08/26/2011,-0.136,-0.055,-0.064,0.027,0.944,-1.374
09/02/2011,-0.093,-0.02,-0.032,0.07,1.007,-1.38
09/09/2011,-0.061,0.01,-0.008,0.102,1.053,-1.386
09/16/2011,-0.044,0.039,0.007,0.123,1.082,-1.393
09/23/2011,-0.035,0.068,0.014,0.131,1.094,-1.399
09/30/2011,-0.037,0.078,0.016,0.13,1.089,-1.406
10/07/2011,-0.049,0.058,0.011,0.121,1.068,-1.412
10/14/2011,-0.07,0.008,0.002,0.106,1.032,-1.419
10/21/2011,-0.088,-0.046,-0.005,0.092,0.986,-1.425
10/28/2011,-0.102,-0.083,-0.01,0.083,0.931,-1.432
11/04/2011,-0.104,-0.082,-0.009,0.082,0.872,-1.438
11/11/2011,-0.097,-0.051,-0.004,0.087,0.81,-1.444
11/18/2011,-0.084,-0.006,0.002,0.097,0.747,-1.45
11/25/2011,-0.072,0.03,0.006,0.107,0.686,-1.456
12/02/2011,-0.07,0.036,0.005,0.112,0.626,-1.462
12/09/2011,-0.076,0.022,-0.003,0.111,0.569,-1.467
12/16/2011,-0.09,-0.002,-0.018,0.103,0.513,-1.471
12/23/2011,-0.114,-0.03,-0.04,0.086,0.46,-1.476
12/30/2011,-0.148,-0.062,-0.069,0.061,0.409,-1.479
01/06/2012,-0.189,-0.101,-0.105,0.03,0.36,-1.482
01/13/2012,-0.235,-0.155,-0.144,-0.003,0.314,-1.485
01/20/2012,-0.281,-0.221,-0.184,-0.037,0.271,-1.486
01/27/2012,-0.322,-0.286,-0.222,-0.068,0.232,-1.487
02/03/2012,-0.355,-0.332,-0.254,-0.094,0.198,-1.487
02/10/2012,-0.379,-0.356,-0.281,-0.114,0.169,-1.486
02/17/2012,-0.394,-0.36,-0.301,-0.128,0.146,-1.484
02/24/2012,-0.407,-0.364,-0.316,-0.139,0.128,-1.481
03/02/2012,-0.417,-0.378,-0.327,-0.148,0.116,-1.477
03/09/2012,-0.425,-0.402,-0.335,-0.155,0.111,-1.473
03/16/2012,-0.433,-0.431,-0.339,-0.161,0.112,-1.468
03/23/2012,-0.436,-0.449,-0.34,-0.163,0.118,-1.462
03/30/2012,-0.434,-0.447,-0.338,-0.159,0.131,-1.456
04/06/2012,-0.427,-0.428,-0.333,-0.15,0.148,-1.449
04/13/2012,-0.414,-0.403,-0.325,-0.135,0.169,-1.443
04/20/2012,-0.399,-0.382,-0.317,-0.114,0.191,-1.437
04/27/2012,-0.377,-0.363,-0.305,-0.087,0.214,-1.43
05/04/2012,-0.351,-0.342,-0.291,-0.056,0.236,-1.425
05/11/2012,-0.32,-0.307,-0.273,-0.023,0.255,-1.419
05/18/2012,-0.287,-0.258,-0.255,0.011,0.269,-1.414
05/25/2012,-0.261,-0.209,-0.24,0.039,0.278,-1.41
06/01/2012,-0.242,-0.17,-0.23,0.06,0.281,-1.406
06/08/2012,-0.235,-0.157,-0.227,0.073,0.279,-1.403
06/15/2012,-0.24,-0.174,-0.233,0.077,0.272,-1.4
06/22/2012,-0.256,-0.21,-0.248,0.072,0.263,-1.398
06/29/2012,-0.275,-0.249,-0.267,0.062,0.251,-1.397
07/06/2012,-0.298,-0.282,-0.289,0.048,0.239,-1.396
07/13/2012,-0.322,-0.302,-0.315,0.033,0.227,-1.395
07/20/2012,-0.346,-0.317,-0.341,0.016,0.216,-1.395
07/27/2012,-0.367,-0.331,-0.365,-0.001,0.207,-1.395
08/03/2012,-0.388,-0.352,-0.388,-0.019,0.199,-1.395
08/10/2012,-0.407,-0.379,-0.409,-0.036,0.192,-1.396
08/17/2012,-0.425,-0.406,-0.428,-0.053,0.185,-1.397
08/24/2012,-0.443,-0.431,-0.445,-0.071,0.178,-1.398
08/31/2012,-0.461,-0.45,-0.46,-0.088,0.169,-1.4
09/07/2012,-0.479,-0.469,-0.475,-0.105,0.159,-1.401
09/14/2012,-0.498,-0.491,-0.49,-0.121,0.147,-1.403
09/21/2012,-0.515,-0.517,-0.504,-0.134,0.133,-1.405
09/28/2012,-0.528,-0.544,-0.516,-0.143,0.115,-1.407
10/05/2012,-0.539,-0.57,-0.528,-0.148,0.094,-1.409
10/12/2012,-0.546,-0.585,-0.539,-0.147,0.07,-1.41
10/19/2012,-0.55,-0.589,-0.549,-0.143,0.044,-1.412
10/26/2012,-0.55,-0.581,-0.556,-0.135,0.015,-1.414
11/02/2012,-0.548,-0.571,-0.563,-0.127,-0.016,-1.416
11/09/2012,-0.547,-0.564,-0.568,-0.119,-0.05,-1.418
11/16/2012,-0.546,-0.563,-0.571,-0.114,-0.085,-1.419
11/23/2012,-0.55,-0.57,-0.574,-0.115,-0.122,-1.421
11/30/2012,-0.555,-0.577,-0.575,-0.12,-0.16,-1.422
12/07/2012,-0.564,-0.584,-0.576,-0.131,-0.199,-1.423
12/14/2012,-0.575,-0.593,-0.577,-0.146,-0.236,-1.423
12/21/2012,-0.588,-0.601,-0.579,-0.163,-0.272,-1.423
12/28/2012,-0.6,-0.612,-0.582,-0.179,-0.305,-1.423
01/04/2013,-0.614,-0.63,-0.587,-0.195,-0.333,-1.422
01/11/2013,-0.627,-0.646,-0.594,-0.209,-0.356,-1.421
01/18/2013,-0.636,-0.658,-0.6,-0.22,-0.373,-1.418
01/25/2013,-0.643,-0.663,-0.606,-0.228,-0.385,-1.416
02/01/2013,-0.646,-0.662,-0.609,-0.234,-0.392,-1.412
02/08/2013,-0.648,-0.659,-0.612,-0.237,-0.394,-1.407
02/15/2013,-0.649,-0.663,-0.613,-0.239,-0.394,-1.402
02/22/2013,-0.65,-0.675,-0.613,-0.242,-0.392,-1.395
03/01/2013,-0.65,-0.694,-0.611,-0.245,-0.389,-1.388
03/08/2013,-0.653,-0.719,-0.609,-0.251,-0.386,-1.38
03/15/2013,-0.655,-0.74,-0.607,-0.259,-0.383,-1.372
03/22/2013,-0.658,-0.754,-0.605,-0.269,-0.381,-1.363
03/29/2013,-0.663,-0.765,-0.603,-0.282,-0.379,-1.353
04/05/2013,-0.67,-0.773,-0.603,-0.297,-0.379,-1.343
04/12/2013,-0.681,-0.783,-0.605,-0.315,-0.381,-1.334
04/19/2013,-0.691,-0.795,-0.607,-0.332,-0.386,-1.324
04/26/2013,-0.704,-0.812,-0.609,-0.349,-0.394,-1.314
05/03/2013,-0.713,-0.827,-0.608,-0.362,-0.406,-1.304
05/10/2013,-0.718,-0.838,-0.604,-0.371,-0.423,-1.295
05/17/2013,-0.716,-0.836,-0.595,-0.373,-0.446,-1.287
05/24/2013,-0.706,-0.819,-0.583,-0.369,-0.474,-1.278
05/31/2013,-0.69,-0.789,-0.566,-0.359,-0.507,-1.271
06/07/2013,-0.671,-0.748,-0.548,-0.346,-0.544,-1.264
06/14/2013,-0.652,-0.708,-0.531,-0.332,-0.584,-1.257
06/21/2013,-0.637,-0.677,-0.517,-0.32,-0.625,-1.251
06/28/2013,-0.63,-0.663,-0.509,-0.312,-0.666,-1.245
07/05/2013,-0.63,-0.669,-0.507,-0.308,-0.704,-1.24
07/12/2013,-0.637,-0.691,-0.511,-0.308,-0.738,-1.235
07/19/2013,-0.649,-0.721,-0.52,-0.311,-0.764,-1.23
07/26/2013,-0.66,-0.748,-0.529,-0.315,-0.784,-1.226
08/02/2013,-0.668,-0.763,-0.537,-0.319,-0.794,-1.221
08/09/2013,-0.673,-0.766,-0.542,-0.321,-0.795,-1.217
08/16/2013,-0.672,-0.759,-0.544,-0.323,-0.787,-1.213
08/23/2013,-0.668,-0.749,-0.543,-0.323,-0.77,-1.209
08/30/2013,-0.665,-0.743,-0.543,-0.323,-0.744,-1.205
09/06/2013,-0.663,-0.743,-0.544,-0.325,-0.711,-1.201
09/13/2013,-0.665,-0.749,-0.548,-0.327,-0.673,-1.197
09/20/2013,-0.669,-0.755,-0.555,-0.332,-0.631,-1.192
09/27/2013,-0.677,-0.761,-0.564,-0.338,-0.587,-1.188
10/04/2013,-0.686,-0.765,-0.575,-0.347,-0.545,-1.183
10/11/2013,-0.698,-0.772,-0.589,-0.356,-0.505,-1.178
10/18/2013,-0.712,-0.785,-0.604,-0.367,-0.469,-1.173
10/25/2013,-0.726,-0.803,-0.618,-0.379,-0.437,-1.168
11/01/2013,-0.738,-0.823,-0.632,-0.389,-0.411,-1.162
11/08/2013,-0.748,-0.842,-0.643,-0.4,-0.39,-1.157
11/15/2013,-0.757,-0.855,-0.652,-0.409,-0.373,-1.151
11/22/2013,-0.764,-0.861,-0.658,-0.418,-0.36,-1.146
11/29/2013,-0.769,-0.865,-0.661,-0.426,-0.35,-1.14
12/06/2013,-0.773,-0.87,-0.662,-0.432,-0.341,-1.134
12/13/2013,-0.776,-0.879,-0.663,-0.436,-0.331,-1.129
12/20/2013,-0.778,-0.893,-0.663,-0.438,-0.321,-1.124
12/27/2013,-0.778,-0.906,-0.664,-0.438,-0.309,-1.12
01/03/2014,-0.776,-0.91,-0.664,-0.434,-0.295,-1.115
01/10/2014,-0.773,-0.905,-0.666,-0.429,-0.28,-1.112
01/17/2014,-0.769,-0.892,-0.668,-0.422,-0.264,-1.109
01/24/2014,-0.765,-0.877,-0.672,-0.415,-0.248,-1.106
01/31/2014,-0.763,-0.868,-0.676,-0.409,-0.233,-1.105
02/07/2014,-0.764,-0.87,-0.682,-0.406,-0.221,-1.104
02/14/2014,-0.767,-0.88,-0.689,-0.404,-0.214,-1.104
02/21/2014,-0.772,-0.89,-0.695,-0.402,-0.212,-1.104
02/28/2014,-0.776,-0.894,-0.701,-0.401,-0.216,-1.106
03/07/2014,-0.779,-0.887,-0.706,-0.398,-0.226,-1.108
03/14/2014,-0.779,-0.871,-0.709,-0.394,-0.241,-1.11
03/21/2014,-0.778,-0.854,-0.71,-0.389,-0.262,-1.113
03/28/2014,-0.776,-0.839,-0.711,-0.382,-0.285,-1.117
04/04/2014,-0.774,-0.831,-0.711,-0.376,-0.31,-1.12
04/11/2014,-0.771,-0.826,-0.711,-0.37,-0.335,-1.123
04/18/2014,-0.769,-0.821,-0.712,-0.365,-0.358,-1.126
04/25/2014,-0.768,-0.814,-0.714,-0.361,-0.378,-1.128
05/02/2014,-0.77,-0.806,-0.717,-0.36,-0.394,-1.13
05/09/2014,-0.773,-0.801,-0.72,-0.361,-0.405,-1.131
05/16/2014,-0.777,-0.804,-0.724,-0.363,-0.409,-1.132
05/23/2014,-0.783,-0.815,-0.728,-0.368,-0.406,-1.131
05/30/2014,-0.789,-0.831,-0.731,-0.373,-0.396,-1.13
06/06/2014,-0.792,-0.846,-0.732,-0.377,-0.38,-1.128
06/13/2014,-0.792,-0.854,-0.731,-0.38,-0.357,-1.125
06/20/2014,-0.789,-0.853,-0.727,-0.381,-0.33,-1.121
06/27/2014,-0.782,-0.844,-0.72,-0.38,-0.301,-1.116
07/04/2014,-0.772,-0.829,-0.712,-0.377,-0.271,-1.111
07/11/2014,-0.761,-0.813,-0.702,-0.373,-0.245,-1.105
07/18/2014,-0.749,-0.797,-0.692,-0.367,-0.224,-1.098
07/25/2014,-0.738,-0.785,-0.683,-0.361,-0.21,-1.091
08/01/2014,-0.73,-0.776,-0.676,-0.353,-0.202,-1.084
08/08/2014,-0.725,-0.776,-0.672,-0.346,-0.202,-1.076
08/15/2014,-0.725,-0.782,-0.671,-0.339,-0.209,-1.068
08/22/2014,-0.724,-0.791,-0.67,-0.331,-0.219,-1.059
08/29/2014,-0.722,-0.8,-0.669,-0.32,-0.232,-1.051
09/05/2014,-0.716,-0.805,-0.665,-0.308,-0.245,-1.042
09/12/2014,-0.705,-0.799,-0.657,-0.294,-0.255,-1.034
09/19/2014,-0.69,-0.784,-0.647,-0.28,-0.261,-1.025
09/26/2014,-0.673,-0.762,-0.634,-0.268,-0.261,-1.017
10/03/2014,-0.657,-0.74,-0.62,-0.259,-0.256,-1.009
10/10/2014,-0.645,-0.724,-0.611,-0.253,-0.246,-1.001
10/17/2014,-0.637,-0.718,-0.604,-0.249,-0.233,-0.993
10/24/2014,-0.639,-0.725,-0.605,-0.25,-0.218,-0.985
10/31/2014,-0.644,-0.74,-0.61,-0.251,-0.203,-0.978
11/07/2014,-0.651,-0.755,-0.616,-0.252,-0.191,-0.971
11/14/2014,-0.656,-0.763,-0.622,-0.251,-0.18,-0.965
11/21/2014,-0.655,-0.76,-0.623,-0.246,-0.173,-0.958
11/28/2014,-0.649,-0.745,-0.62,-0.238,-0.171,-0.953
12/05/2014,-0.636,-0.723,-0.61,-0.225,-0.173,-0.947
12/12/2014,-0.617,-0.696,-0.594,-0.208,-0.178,-0.942
12/19/2014,-0.594,-0.67,-0.575,-0.19,-0.188,-0.937
12/26/2014,-0.572,-0.648,-0.555,-0.171,-0.2,-0.932
01/02/2015,-0.55,-0.627,-0.535,-0.153,-0.215,-0.927
01/09/2015,-0.531,-0.607,-0.517,-0.137,-0.232,-0.923
01/16/2015,-0.517,-0.587,-0.502,-0.124,-0.251,-0.919
01/23/2015,-0.508,-0.571,-0.492,-0.115,-0.269,-0.914
01/30/2015,-0.505,-0.56,-0.487,-0.11,-0.287,-0.91
02/06/2015,-0.506,-0.557,-0.486,-0.108,-0.302,-0.906
02/13/2015,-0.511,-0.561,-0.489,-0.109,-0.314,-0.902
02/20/2015,-0.518,-0.571,-0.495,-0.112,-0.321,-0.898
02/27/2015,-0.525,-0.579,-0.503,-0.114,-0.323,-0.893
03/06/2015,-0.53,-0.581,-0.512,-0.116,-0.319,-0.889
03/13/2015,-0.533,-0.579,-0.52,-0.117,-0.312,-0.885
03/20/2015,-0.537,-0.575,-0.528,-0.118,-0.301,-0.881
03/27/2015,-0.538,-0.573,-0.535,-0.117,-0.287,-0.876
04/03/2015,-0.54,-0.575,-0.541,-0.116,-0.272,-0.872
04/10/2015,-0.542,-0.579,-0.547,-0.115,-0.257,-0.867
04/17/2015,-0.543,-0.58,-0.552,-0.114,-0.243,-0.862
04/24/2015,-0.545,-0.579,-0.556,-0.113,-0.232,-0.858
05/01/2015,-0.546,-0.572,-0.558,-0.113,-0.225,-0.853
05/08/2015,-0.546,-0.563,-0.559,-0.112,-0.222,-0.848
05/15/2015,-0.546,-0.559,-0.559,-0.112,-0.222,-0.843
05/22/2015,-0.547,-0.56,-0.559,-0.112,-0.226,-0.837
05/29/2015,-0.546,-0.564,-0.559,-0.111,-0.233,-0.832
06/05/2015,-0.546,-0.568,-0.558,-0.109,-0.24,-0.827
06/12/2015,-0.544,-0.567,-0.558,-0.106,-0.246,-0.821
06/19/2015,-0.542,-0.558,-0.557,-0.102,-0.25,-0.816
06/26/2015,-0.539,-0.546,-0.556,-0.096,-0.249,-0.811
07/03/2015,-0.534,-0.532,-0.555,-0.087,-0.243,-0.805
07/10/2015,-0.529,-0.523,-0.555,-0.076,-0.229,-0.8
07/17/2015,-0.524,-0.522,-0.554,-0.063,-0.208,-0.794
07/24/2015,-0.514,-0.52,-0.55,-0.048,-0.179,-0.789
07/31/2015,-0.499,-0.512,-0.542,-0.032,-0.143,-0.784
08/07/2015,-0.481,-0.496,-0.53,-0.015,-0.102,-0.778
08/14/2015,-0.459,-0.472,-0.514,0.001,-0.058,-0.773
08/21/2015,-0.437,-0.443,-0.497,0.016,-0.014,-0.768
08/28/2015,-0.417,-0.418,-0.483,0.029,0.027,-0.762
09/04/2015,-0.404,-0.402,-0.474,0.039,0.062,-0.757
09/11/2015,-0.398,-0.398,-0.471,0.045,0.088,-0.752
09/18/2015,-0.398,-0.402,-0.475,0.049,0.105,-0.747
09/25/2015,-0.404,-0.411,-0.485,0.05,0.111,-0.742
10/02/2015,-0.414,-0.422,-0.499,0.049,0.107,-0.736
10/09/2015,-0.429,-0.437,-0.518,0.047,0.094,-0.731
10/16/2015,-0.444,-0.45,-0.537,0.044,0.073,-0.726
10/23/2015,-0.457,-0.463,-0.554,0.044,0.046,-0.721
10/30/2015,-0.466,-0.475,-0.567,0.046,0.015,-0.716
11/06/2015,-0.47,-0.481,-0.575,0.051,-0.016,-0.712
11/13/2015,-0.466,-0.48,-0.575,0.061,-0.047,-0.707
11/20/2015,-0.457,-0.467,-0.569,0.074,-0.074,-0.702
11/27/2015,-0.443,-0.445,-0.558,0.09,-0.096,-0.697
12/04/2015,-0.425,-0.413,-0.543,0.109,-0.11,-0.693
12/11/2015,-0.403,-0.375,-0.525,0.129,-0.114,-0.688
12/18/2015,-0.381,-0.341,-0.509,0.151,-0.109,-0.684
12/25/2015,-0.361,-0.316,-0.495,0.173,-0.096,-0.68
01/01/2016,-0.344,-0.301,-0.483,0.193,-0.075,-0.675
01/08/2016,-0.328,-0.294,-0.475,0.211,-0.048,-0.672
01/15/2016,-0.315,-0.289,-0.469,0.227,-0.017,-0.668
01/22/2016,-0.305,-0.283,-0.466,0.24,0.014,-0.664
01/29/2016,-0.298,-0.275,-0.466,0.248,0.045,-0.661
02/05/2016,-0.295,-0.264,-0.468,0.251,0.072,-0.658
02/12/2016,-0.295,-0.257,-0.471,0.249,0.096,-0.655
02/19/2016,-0.303,-0.263,-0.478,0.241,0.115,-0.652
02/26/2016,-0.316,-0.279,-0.486,0.228,0.128,-0.65
03/04/2016,-0.331,-0.299,-0.495,0.212,0.135,-0.647
03/11/2016,-0.347,-0.318,-0.503,0.195,0.137,-0.645
03/18/2016,-0.36,-0.329,-0.511,0.179,0.132,-0.643
03/25/2016,-0.37,-0.329,-0.517,0.166,0.122,-0.642
04/01/2016,-0.377,-0.321,-0.521,0.156,0.108,-0.64
04/08/2016,-0.38,-0.31,-0.522,0.15,0.089,-0.639
04/15/2016,-0.383,-0.301,-0.523,0.148,0.068,-0.638
04/22/2016,-0.385,-0.296,-0.524,0.148,0.048,-0.637
04/29/2016,-0.385,-0.294,-0.524,0.15,0.029,-0.635
05/06/2016,-0.383,-0.291,-0.523,0.155,0.015,-0.634
05/13/2016,-0.381,-0.29,-0.522,0.161,0.006,-0.633
05/20/2016,-0.378,-0.284,-0.52,0.167,0.005,-0.632
05/27/2016,-0.373,-0.276,-0.517,0.172,0.01,-0.632
06/03/2016,-0.367,-0.264,-0.514,0.177,0.022,-0.631
06/10/2016,-0.36,-0.251,-0.51,0.182,0.038,-0.63
06/17/2016,-0.352,-0.237,-0.505,0.185,0.056,-0.629
06/24/2016,-0.347,-0.227,-0.502,0.186,0.075,-0.628
07/01/2016,-0.344,-0.219,-0.498,0.184,0.092,-0.628
07/08/2016,-0.345,-0.218,-0.495,0.179,0.106,-0.627
07/15/2016,-0.349,-0.223,-0.492,0.17,0.115,-0.626
07/22/2016,-0.353,-0.229,-0.488,0.161,0.118,-0.626
07/29/2016,-0.358,-0.235,-0.483,0.151,0.116,-0.625
08/05/2016,-0.36,-0.235,-0.478,0.144,0.108,-0.625
08/12/2016,-0.36,-0.23,-0.472,0.14,0.095,-0.625
08/19/2016,-0.358,-0.217,-0.465,0.139,0.077,-0.624
08/26/2016,-0.353,-0.2,-0.459,0.142,0.055,-0.624
09/02/2016,-0.346,-0.181,-0.453,0.148,0.029,-0.624
09/09/2016,-0.34,-0.168,-0.45,0.154,-0.001,-0.624
09/16/2016,-0.335,-0.16,-0.448,0.16,-0.035,-0.624
09/23/2016,-0.334,-0.159,-0.449,0.165,-0.075,-0.623
09/30/2016,-0.337,-0.165,-0.454,0.166,-0.121,-0.623
10/07/2016,-0.344,-0.179,-0.46,0.164,-0.174,-0.623
10/14/2016,-0.354,-0.196,-0.466,0.159,-0.235,-0.622
10/21/2016,-0.365,-0.22,-0.474,0.15,-0.302,-0.621
10/28/2016,-0.378,-0.25,-0.48,0.139,-0.376,-0.62
11/04/2016,-0.39,-0.283,-0.485,0.127,-0.452,-0.619
11/11/2016,-0.404,-0.319,-0.489,0.113,-0.53,-0.617
11/18/2016,-0.417,-0.349,-0.492,0.1,-0.605,-0.615
11/25/2016,-0.429,-0.371,-0.494,0.086,-0.674,-0.613
12/02/2016,-0.438,-0.383,-0.495,0.073,-0.734,-0.61
12/09/2016,-0.447,-0.387,-0.496,0.061,-0.782,-0.607
12/16/2016,-0.454,-0.384,-0.498,0.05,-0.818,-0.604
12/23/2016,-0.46,-0.38,-0.499,0.04,-0.84,-0.6
12/30/2016,-0.466,-0.379,-0.501,0.029,-0.85,-0.597
01/06/2017,-0.472,-0.378,-0.504,0.02,-0.848,-0.593
01/13/2017,-0.477,-0.378,-0.506,0.01,-0.836,-0.589
01/20/2017,-0.482,-0.379,-0.508,0.002,-0.816,-0.585
01/27/2017,-0.486,-0.379,-0.509,-0.005,-0.791,-0.581
02/03/2017,-0.488,-0.381,-0.51,-0.011,-0.76,-0.577
02/10/2017,-0.489,-0.386,-0.511,-0.014,-0.727,-0.573
02/17/2017,-0.489,-0.393,-0.512,-0.014,-0.692,-0.57
02/24/2017,-0.486,-0.399,-0.513,-0.012,-0.656,-0.566
03/03/2017,-0.484,-0.407,-0.515,-0.009,-0.62,-0.563
03/10/2017,-0.482,-0.41,-0.517,-0.005,-0.585,-0.56
03/17/2017,-0.48,-0.411,-0.52,-0.001,-0.55,-0.557
03/24/2017,-0.478,-0.411,-0.523,0.001,-0.517,-0.554
03/31/2017,-0.479,-0.414,-0.528,0.002,-0.486,-0.552
04/07/2017,-0.483,-0.417,-0.535,0.001,-0.458,-0.55
04/14/2017,-0.488,-0.424,-0.544,-0.002,-0.434,-0.548
04/21/2017,-0.496,-0.43,-0.556,-0.005,-0.414,-0.547
04/28/2017,-0.506,-0.438,-0.57,-0.008,-0.4,-0.545
05/05/2017,-0.517,-0.447,-0.585,-0.011,-0.39,-0.544
05/12/2017,-0.527,-0.458,-0.599,-0.015,-0.385,-0.544
05/19/2017,-0.536,-0.469,-0.611,-0.019,-0.383,-0.544
05/26/2017,-0.545,-0.483,-0.621,-0.025,-0.385,-0.544
06/02/2017,-0.552,-0.493,-0.628,-0.031,-0.389,-0.544
06/09/2017,-0.558,-0.499,-0.631,-0.037,-0.395,-0.545
06/16/2017,-0.562,-0.503,-0.632,-0.044,-0.4,-0.545
06/23/2017,-0.565,-0.506,-0.632,-0.051,-0.404,-0.547
06/30/2017,-0.568,-0.515,-0.631,-0.058,-0.405,-0.548
07/07/2017,-0.572,-0.528,-0.63,-0.064,-0.405,-0.549
07/14/2017,-0.575,-0.544,-0.631,-0.069,-0.401,-0.551
07/21/2017,-0.577,-0.557,-0.631,-0.071,-0.395,-0.553
07/28/2017,-0.576,-0.56,-0.631,-0.071,-0.388,-0.555
08/04/2017,-0.573,-0.55,-0.63,-0.069,-0.38,-0.556
08/11/2017,-0.568,-0.532,-0.628,-0.065,-0.372,-0.558
08/18/2017,-0.563,-0.51,-0.625,-0.061,-0.366,-0.56
08/25/2017,-0.559,-0.492,-0.623,-0.058,-0.362,-0.562
09/01/2017,-0.557,-0.481,-0.621,-0.057,-0.362,-0.563
09/08/2017,-0.556,-0.477,-0.619,-0.059,-0.366,-0.565
09/15/2017,-0.559,-0.481,-0.619,-0.063,-0.375,-0.566
09/22/2017,-0.563,-0.488,-0.618,-0.069,-0.387,-0.567
09/29/2017,-0.569,-0.497,-0.618,-0.077,-0.404,-0.568
10/06/2017,-0.576,-0.508,-0.62,-0.085,-0.423,-0.569
10/13/2017,-0.583,-0.52,-0.623,-0.092,-0.443,-0.569
10/20/2017,-0.59,-0.534,-0.627,-0.097,-0.465,-0.568
10/27/2017,-0.595,-0.547,-0.631,-0.1,-0.486,-0.567
11/03/2017,-0.599,-0.559,-0.637,-0.101,-0.506,-0.566
11/10/2017,-0.601,-0.568,-0.643,-0.099,-0.523,-0.564
11/17/2017,-0.603,-0.572,-0.648,-0.095,-0.538,-0.561
11/24/2017,-0.603,-0.571,-0.653,-0.092,-0.55,-0.558
12/01/2017,-0.605,-0.569,-0.657,-0.089,-0.559,-0.554
12/08/2017,-0.606,-0.568,-0.662,-0.087,-0.564,-0.549
12/15/2017,-0.609,-0.57,-0.666,-0.088,-0.567,-0.544
12/22/2017,-0.612,-0.576,-0.67,-0.09,-0.568,-0.538
12/29/2017,-0.616,-0.586,-0.672,-0.094,-0.567,-0.532
01/05/2018,-0.619,-0.596,-0.672,-0.098,-0.568,-0.526
01/12/2018,-0.619,-0.599,-0.668,-0.102,-0.571,-0.519
01/19/2018,-0.615,-0.594,-0.658,-0.104,-0.576,-0.512
01/26/2018,-0.606,-0.579,-0.644,-0.104,-0.587,-0.504
02/02/2018,-0.593,-0.559,-0.625,-0.099,-0.602,-0.497
02/09/2018,-0.575,-0.536,-0.604,-0.091,-0.622,-0.489
02/16/2018,-0.56,-0.519,-0.584,-0.081,-0.645,-0.481
02/23/2018,-0.545,-0.505,-0.566,-0.069,-0.671,-0.474
03/02/2018,-0.53,-0.492,-0.549,-0.056,-0.697,-0.466
03/09/2018,-0.517,-0.477,-0.534,-0.045,-0.72,-0.459
03/16/2018,-0.506,-0.459,-0.524,-0.035,-0.739,-0.451
03/23/2018,-0.499,-0.442,-0.518,-0.028,-0.752,-0.444
03/30/2018,-0.498,-0.431,-0.519,-0.025,-0.755,-0.437
04/06/2018,-0.501,-0.429,-0.525,-0.025,-0.748,-0.43
04/13/2018,-0.511,-0.44,-0.537,-0.029,-0.73,-0.424
04/20/2018,-0.525,-0.46,-0.554,-0.035,-0.7,-0.418
04/27/2018,-0.539,-0.481,-0.571,-0.041,-0.658,-0.412
05/04/2018,-0.551,-0.499,-0.588,-0.048,-0.604,-0.407
05/11/2018,-0.56,-0.511,-0.602,-0.054,-0.541,-0.402
05/18/2018,-0.565,-0.517,-0.613,-0.058,-0.471,-0.398
05/25/2018,-0.565,-0.515,-0.618,-0.061,-0.397,-0.394
06/01/2018,-0.56,-0.509,-0.618,-0.063,-0.322,-0.39
06/08/2018,-0.554,-0.502,-0.615,-0.064,-0.252,-0.387
06/15/2018,-0.547,-0.493,-0.611,-0.063,-0.187,-0.384
06/22/2018,-0.541,-0.486,-0.608,-0.063,-0.13,-0.382
06/29/2018,-0.538,-0.482,-0.606,-0.062,-0.082,-0.38
07/06/2018,-0.539,-0.486,-0.609,-0.062,-0.042,-0.378
07/13/2018,-0.545,-0.498,-0.616,-0.064,-0.011,-0.376
07/20/2018,-0.553,-0.515,-0.625,-0.066,0.015,-0.375
07/27/2018,-0.562,-0.535,-0.637,-0.069,0.038,-0.373
08/03/2018,-0.571,-0.553,-0.65,-0.072,0.058,-0.372
08/10/2018,-0.58,-0.566,-0.663,-0.075,0.079,-0.37
08/17/2018,-0.587,-0.572,-0.675,-0.078,0.101,-0.369
08/24/2018,-0.593,-0.576,-0.685,-0.081,0.124,-0.368
08/31/2018,-0.597,-0.58,-0.692,-0.084,0.149,-0.366
09/07/2018,-0.599,-0.587,-0.696,-0.087,0.175,-0.365
09/14/2018,-0.6,-0.595,-0.697,-0.089,0.201,-0.363
09/21/2018,-0.597,-0.601,-0.695,-0.09,0.226,-0.362
09/28/2018,-0.592,-0.599,-0.689,-0.09,0.249,-0.361
10/05/2018,-0.586,-0.59,-0.68,-0.089,0.269,-0.359
10/12/2018,-0.576,-0.574,-0.667,-0.085,0.286,-0.358
10/19/2018,-0.565,-0.559,-0.653,-0.078,0.301,-0.357
10/26/2018,-0.551,-0.546,-0.637,-0.069,0.312,-0.357
11/02/2018,-0.536,-0.539,-0.621,-0.057,0.321,-0.356
11/09/2018,-0.521,-0.532,-0.604,-0.042,0.327,-0.356
11/16/2018,-0.501,-0.518,-0.587,-0.024,0.331,-0.357
11/23/2018,-0.48,-0.493,-0.57,-0.004,0.331,-0.357
11/30/2018,-0.461,-0.46,-0.556,0.014,0.327,-0.359
12/07/2018,-0.442,-0.425,-0.543,0.031,0.318,-0.361
12/14/2018,-0.429,-0.401,-0.535,0.044,0.302,-0.363
12/21/2018,-0.423,-0.392,-0.533,0.051,0.278,-0.366
12/28/2018,-0.426,-0.401,-0.537,0.052,0.248,-0.37
01/04/2019,-0.439,-0.424,-0.548,0.047,0.21,-0.374
01/11/2019,-0.459,-0.449,-0.564,0.035,0.169,-0.379
01/18/2019,-0.482,-0.473,-0.584,0.021,0.125,-0.385
01/25/2019,-0.506,-0.495,-0.605,0.006,0.081,-0.391
02/01/2019,-0.53,-0.516,-0.627,-0.01,0.039,-0.398
02/08/2019,-0.55,-0.539,-0.648,-0.023,0.001,-0.406
02/15/2019,-0.568,-0.564,-0.667,-0.034,-0.033,-0.414
02/22/2019,-0.581,-0.588,-0.683,-0.041,-0.063,-0.423
03/01/2019,-0.59,-0.604,-0.696,-0.046,-0.088,-0.433
03/08/2019,-0.595,-0.61,-0.705,-0.049,-0.108,-0.443
03/15/2019,-0.599,-0.609,-0.712,-0.051,-0.124,-0.453
03/22/2019,-0.603,-0.607,-0.717,-0.052,-0.137,-0.464
03/29/2019,-0.606,-0.608,-0.721,-0.053,-0.147,-0.475
04/05/2019,-0.61,-0.615,-0.724,-0.055,-0.153,-0.486
04/12/2019,-0.613,-0.627,-0.726,-0.056,-0.155,-0.496
04/19/2019,-0.615,-0.637,-0.727,-0.056,-0.154,-0.507
04/26/2019,-0.614,-0.641,-0.725,-0.055,-0.151,-0.516
05/03/2019,-0.611,-0.638,-0.722,-0.053,-0.144,-0.526
05/10/2019,-0.604,-0.628,-0.717,-0.049,-0.134,-0.535
05/17/2019,-0.596,-0.617,-0.71,-0.045,-0.123,-0.543
05/24/2019,-0.588,-0.609,-0.703,-0.04,-0.111,-0.55
05/31/2019,-0.58,-0.603,-0.696,-0.037,-0.099,-0.557
06/07/2019,-0.575,-0.599,-0.691,-0.034,-0.086,-0.564
06/14/2019,-0.573,-0.596,-0.688,-0.032,-0.074,-0.57
06/21/2019,-0.573,-0.592,-0.689,-0.031,-0.061,-0.575
06/28/2019,-0.575,-0.59,-0.691,-0.03,-0.049,-0.58
07/05/2019,-0.579,-0.591,-0.697,-0.028,-0.036,-0.585
07/12/2019,-0.581,-0.593,-0.701,-0.025,-0.024,-0.59
07/19/2019,-0.58,-0.594,-0.704,-0.02,-0.01,-0.595
07/26/2019,-0.577,-0.59,-0.703,-0.014,0.003,-0.6
08/02/2019,-0.569,-0.576,-0.699,-0.006,0.018,-0.604
08/09/2019,-0.559,-0.556,-0.692,0.004,0.032,-0.609
08/16/2019,-0.547,-0.534,-0.682,0.013,0.045,-0.614
08/23/2019,-0.537,-0.518,-0.672,0.021,0.057,-0.619
08/30/2019,-0.527,-0.512,-0.662,0.027,0.066,-0.625
09/06/2019,-0.52,-0.518,-0.652,0.03,0.074,-0.63
09/13/2019,-0.515,-0.525,-0.644,0.029,0.078,-0.635
09/20/2019,-0.511,-0.529,-0.637,0.026,0.079,-0.64
09/27/2019,-0.511,-0.525,-0.634,0.02,0.077,-0.645
10/04/2019,-0.515,-0.516,-0.636,0.012,0.073,-0.65
10/11/2019,-0.523,-0.508,-0.644,0.003,0.067,-0.654
10/18/2019,-0.536,-0.511,-0.655,-0.005,0.06,-0.658
10/25/2019,-0.55,-0.528,-0.668,-0.013,0.055,-0.662
11/01/2019,-0.561,-0.552,-0.68,-0.019,0.052,-0.664
11/08/2019,-0.571,-0.573,-0.688,-0.023,0.052,-0.666
11/15/2019,-0.576,-0.581,-0.692,-0.024,0.057,-0.666
11/22/2019,-0.575,-0.572,-0.691,-0.024,0.066,-0.665
11/29/2019,-0.57,-0.548,-0.684,-0.024,0.081,-0.663
12/06/2019,-0.561,-0.523,-0.675,-0.026,0.1,-0.659
12/13/2019,-0.553,-0.511,-0.668,-0.03,0.123,-0.654
12/20/2019,-0.549,-0.513,-0.665,-0.038,0.15,-0.648
12/27/2019,-0.554,-0.528,-0.671,-0.051,0.18,-0.641
01/03/2020,-0.567,-0.544,-0.684,-0.067,0.215,-0.633
01/10/2020,-0.587,-0.556,-0.703,-0.083,0.253,-0.624
01/17/2020,-0.609,-0.566,-0.721,-0.096,0.297,-0.615
01/24/2020,-0.623,-0.58,-0.727,-0.101,0.346,-0.607
01/31/2020,-0.621,-0.605,-0.715,-0.092,0.402,-0.599
02/07/2020,-0.595,-0.634,-0.677,-0.065,0.465,-0.592
02/14/2020,-0.535,-0.635,-0.608,-0.016,0.535,-0.587
02/21/2020,-0.435,-0.571,-0.504,0.057,0.61,-0.583
02/28/2020,-0.296,-0.42,-0.371,0.151,0.687,-0.582
03/06/2020,-0.136,-0.197,-0.224,0.258,0.762,-0.585
03/13/2020,0.03,0.062,-0.079,0.37,0.829,-0.591
03/20/2020,0.175,0.295,0.042,0.474,0.886,-0.601
03/27/2020,0.267,0.435,0.116,0.554,0.927,-0.615
04/03/2020,0.306,0.472,0.139,0.608,0.952,-0.635
04/10/2020,0.293,0.417,0.112,0.632,0.959,-0.661
04/17/2020,0.237,0.311,0.046,0.627,0.949,-0.694
04/24/2020,0.159,0.198,-0.045,0.599,0.921,-0.733
05/01/2020,0.062,0.087,-0.152,0.553,0.878,-0.779
05/08/2020,-0.038,-0.017,-0.257,0.493,0.822,-0.832
05/15/2020,-0.128,-0.117,-0.349,0.428,0.754,-0.892
05/22/2020,-0.207,-0.227,-0.422,0.362,0.68,-0.958
05/29/2020,-0.27,-0.334,-0.474,0.3,0.601,-1.031
06/05/2020,-0.316,-0.422,-0.507,0.246,0.524,-1.109
06/12/2020,-0.346,-0.472,-0.524,0.202,0.452,-1.191
06/19/2020,-0.368,-0.49,-0.534,0.168,0.388,-1.276
06/26/2020,-0.387,-0.489,-0.543,0.142,0.337,-1.362
07/03/2020,-0.403,-0.49,-0.552,0.121,0.299,-1.447
07/10/2020,-0.422,-0.506,-0.564,0.102,0.275,-1.53
07/17/2020,-0.44,-0.533,-0.578,0.084,0.266,-1.609
07/24/2020,-0.459,-0.563,-0.594,0.067,0.269,-1.683
07/31/2020,-0.477,-0.581,-0.608,0.049,0.283,-1.751
08/07/2020,-0.49,-0.583,-0.619,0.032,0.305,-1.81
08/14/2020,-0.5,-0.581,-0.626,0.018,0.334,-1.862
08/21/2020,-0.507,-0.589,-0.63,0.006,0.366,-1.905
08/28/2020,-0.509,-0.612,-0.629,-0.003,0.4,-1.938
09/04/2020,-0.506,-0.65,-0.625,-0.008,0.434,-1.963
09/11/2020,-0.502,-0.685,-0.619,-0.01,0.466,-1.98
09/18/2020,-0.498,-0.703,-0.615,-0.01,0.496,-1.989
09/25/2020,-0.493,-0.691,-0.609,-0.009,0.522,-1.991
10/02/2020,-0.49,-0.657,-0.605,-0.009,0.541,-1.987
10/09/2020,-0.49,-0.61,-0.604,-0.011,0.553,-1.978
10/16/2020,-0.493,-0.572,-0.605,-0.015,0.556,-1.965
10/23/2020,-0.499,-0.551,-0.609,-0.021,0.55,-1.949
10/30/2020,-0.507,-0.545,-0.616,-0.028,0.535,-1.932
11/06/2020,-0.521,-0.55,-0.627,-0.037,0.511,-1.913
11/13/2020,-0.537,-0.559,-0.641,-0.047,0.479,-1.895
11/20/2020,-0.553,-0.561,-0.655,-0.056,0.441,-1.877
11/27/2020,-0.567,-0.56,-0.669,-0.064,0.399,-1.86
12/04/2020,-0.58,-0.558,-0.68,-0.072,0.355,-1.845
12/11/2020,-0.59,-0.56,-0.69,-0.079,0.309,-1.831
12/18/2020,-0.598,-0.565,-0.696,-0.085,0.264,-1.819
12/25/2020,-0.604,-0.571,-0.7,-0.092,0.217,-1.809
01/01/2021,-0.609,-0.574,-0.702,-0.098,0.169,-1.8
01/08/2021,-0.614,-0.574,-0.702,-0.105,0.118,-1.793
01/15/2021,-0.616,-0.575,-0.7,-0.111,0.062,-1.788
01/22/2021,-0.618,-0.579,-0.696,-0.116,0.002,-1.783
01/29/2021,-0.619,-0.588,-0.69,-0.121,-0.066,-1.779
02/05/2021,-0.621,-0.608,-0.684,-0.126,-0.139,-1.775
02/12/2021,-0.623,-0.625,-0.678,-0.13,-0.217,-1.771
02/19/2021,-0.625,-0.637,-0.671,-0.133,-0.297,-1.767
02/26/2021,-0.627,-0.641,-0.665,-0.137,-0.374,-1.762
03/05/2021,-0.631,-0.64,-0.662,-0.141,-0.446,-1.756
03/12/2021,-0.636,-0.635,-0.661,-0.146,-0.509,-1.749
03/19/2021,-0.642,-0.633,-0.662,-0.152,-0.559,-1.741
03/26/2021,-0.649,-0.635,-0.666,-0.158,-0.597,-1.731
04/02/2021,-0.655,-0.642,-0.672,-0.165,-0.621,-1.719
04/09/2021,-0.663,-0.649,-0.679,-0.172,-0.634,-1.706
04/16/2021,-0.67,-0.651,-0.687,-0.179,-0.637,-1.691
04/23/2021,-0.676,-0.648,-0.694,-0.184,-0.633,-1.675
04/30/2021,-0.681,-0.643,-0.701,-0.187,-0.624,-1.657
05/07/2021,-0.686,-0.64,-0.708,-0.189,-0.611,-1.638
05/14/2021,-0.688,-0.64,-0.715,-0.187,-0.593,-1.618
05/21/2021,-0.691,-0.648,-0.721,-0.184,-0.572,-1.596
05/28/2021,-0.693,-0.66,-0.728,-0.181,-0.546,-1.574
06/04/2021,-0.694,-0.672,-0.733,-0.177,-0.516,-1.552
06/11/2021,-0.693,-0.68,-0.736,-0.173,-0.48,-1.529
06/18/2021,-0.69,-0.683,-0.738,-0.169,-0.438,-1.506
06/25/2021,-0.686,-0.685,-0.737,-0.165,-0.393,-1.483
07/02/2021,-0.681,-0.686,-0.735,-0.162,-0.346,-1.46
07/09/2021,-0.674,-0.688,-0.733,-0.158,-0.298,-1.438
07/16/2021,-0.667,-0.69,-0.73,-0.153,-0.253,-1.417
07/23/2021,-0.661,-0.688,-0.726,-0.149,-0.214,-1.397
07/30/2021,-0.655,-0.683,-0.724,-0.145,-0.182,-1.379
08/06/2021,-0.651,-0.676,-0.721,-0.141,-0.161,-1.362
08/13/2021,-0.648,-0.671,-0.72,-0.138,-0.15,-1.347
08/20/2021,-0.646,-0.673,-0.72,-0.136,-0.151,-1.333
08/27/2021,-0.647,-0.684,-0.72,-0.136,-0.164,-1.321
09/03/2021,-0.648,-0.699,-0.72,-0.136,-0.186,-1.311
09/10/2021,-0.65,-0.712,-0.72,-0.138,-0.218,-1.302
09/17/2021,-0.652,-0.716,-0.718,-0.139,-0.255,-1.294
09/24/2021,-0.653,-0.712,-0.714,-0.14,-0.296,-1.288
10/01/2021,-0.654,-0.699,-0.708,-0.14,-0.336,-1.282
10/08/2021,-0.652,-0.684,-0.698,-0.14,-0.372,-1.276
10/15/2021,-0.646,-0.672,-0.685,-0.138,-0.401,-1.271
10/22/2021,-0.636,-0.66,-0.667,-0.135,-0.42,-1.265
10/29/2021,-0.622,-0.645,-0.646,-0.131,-0.429,-1.259
11/05/2021,-0.604,-0.621,-0.624,-0.125,-0.428,-1.252
11/12/2021,-0.585,-0.588,-0.601,-0.12,-0.42,-1.245
11/19/2021,-0.567,-0.55,-0.581,-0.114,-0.406,-1.236
11/26/2021,-0.551,-0.516,-0.566,-0.109,-0.39,-1.226
12/03/2021,-0.54,-0.495,-0.556,-0.105,-0.375,-1.215
12/10/2021,-0.538,-0.495,-0.556,-0.102,-0.363,-1.202
12/17/2021,-0.541,-0.508,-0.561,-0.1,-0.356,-1.189
12/24/2021,-0.548,-0.527,-0.571,-0.098,-0.357,-1.174
12/31/2021,-0.556,-0.542,-0.582,-0.095,-0.364,-1.158
01/07/2022,-0.562,-0.549,-0.591,-0.091,-0.38,-1.142
01/14/2022,-0.562,-0.547,-0.593,-0.084,-0.403,-1.125
01/21/2022,-0.556,-0.54,-0.587,-0.074,-0.43,-1.108
01/28/2022,-0.542,-0.532,-0.573,-0.061,-0.462,-1.09
02/04/2022,-0.523,-0.519,-0.551,-0.045,-0.495,-1.072
02/11/2022,-0.498,-0.492,-0.523,-0.028,-0.527,-1.054
02/18/2022,-0.468,-0.447,-0.49,-0.01,-0.556,-1.036
02/25/2022,-0.439,-0.386,-0.456,0.007,-0.58,-1.018
03/04/2022,-0.412,-0.323,-0.426,0.023,-0.596,-1.001
03/11/2022,-0.391,-0.276,-0.402,0.036,-0.604,-0.984
03/18/2022,-0.379,-0.26,-0.387,0.047,-0.602,-0.967
03/25/2022,-0.373,-0.271,-0.38,0.055,-0.588,-0.951
04/01/2022,-0.371,-0.295,-0.377,0.06,-0.563,-0.936
04/08/2022,-0.368,-0.309,-0.376,0.065,-0.526,-0.92
04/15/2022,-0.361,-0.296,-0.372,0.07,-0.478,-0.906
04/22/2022,-0.351,-0.257,-0.366,0.077,-0.421,-0.892
04/29/2022,-0.337,-0.205,-0.355,0.085,-0.356,-0.879
05/06/2022,-0.319,-0.158,-0.341,0.096,-0.287,-0.866
05/13/2022,-0.3,-0.13,-0.325,0.109,-0.215,-0.853
05/20/2022,-0.281,-0.12,-0.308,0.123,-0.145,-0.841
05/27/2022,-0.259,-0.111,-0.288,0.14,-0.078,-0.83
06/03/2022,-0.236,-0.089,-0.267,0.157,-0.017,-0.819
06/10/2022,-0.212,-0.051,-0.248,0.174,0.037,-0.808
06/17/2022,-0.188,-0.006,-0.231,0.189,0.081,-0.798
06/24/2022,-0.173,0.024,-0.221,0.199,0.115,-0.788
07/01/2022,-0.166,0.023,-0.219,0.205,0.137,-0.778
07/08/2022,-0.17,-0.014,-0.225,0.204,0.147,-0.769
07/15/2022,-0.183,-0.072,-0.238,0.199,0.147,-0.76
07/22/2022,-0.202,-0.132,-0.253,0.189,0.139,-0.751
07/29/2022,-0.22,-0.174,-0.266,0.178,0.123,-0.743
08/05/2022,-0.233,-0.193,-0.272,0.169,0.104,-0.735
08/12/2022,-0.241,-0.195,-0.273,0.162,0.082,-0.728
08/19/2022,-0.238,-0.189,-0.265,0.161,0.062,-0.721
08/26/2022,-0.226,-0.182,-0.248,0.167,0.043,-0.715
09/02/2022,-0.205,-0.174,-0.225,0.177,0.027,-0.709
09/09/2022,-0.18,-0.159,-0.199,0.191,0.014,-0.704
09/16/2022,-0.152,-0.128,-0.172,0.208,0.002,-0.7
09/23/2022,-0.127,-0.085,-0.15,0.224,-0.008,-0.696
09/30/2022,-0.108,-0.041,-0.133,0.237,-0.018,-0.694
10/07/2022,-0.101,-0.013,-0.127,0.244,-0.029,-0.692
10/14/2022,-0.102,-0.009,-0.128,0.247,-0.042,-0.691
10/21/2022,-0.113,-0.032,-0.136,0.243,-0.056,-0.69
10/28/2022,-0.127,-0.069,-0.147,0.236,-0.073,-0.691
11/04/2022,-0.145,-0.11,-0.16,0.225,-0.093,-0.693
11/11/2022,-0.162,-0.14,-0.174,0.214,-0.114,-0.695
11/18/2022,-0.175,-0.153,-0.185,0.205,-0.138,-0.699
11/25/2022,-0.182,-0.154,-0.193,0.197,-0.164,-0.703
12/02/2022,-0.187,-0.152,-0.202,0.192,-0.193,-0.708
12/09/2022,-0.191,-0.154,-0.211,0.19,-0.225,-0.714
12/16/2022,-0.197,-0.167,-0.225,0.188,-0.26,-0.721
12/23/2022,-0.207,-0.186,-0.242,0.185,-0.297,-0.728
12/30/2022,-0.225,-0.211,-0.264,0.18,-0.336,-0.735
01/06/2023,-0.247,-0.235,-0.289,0.173,-0.372,-0.743
01/13/2023,-0.272,-0.257,-0.313,0.164,-0.404,-0.75
01/20/2023,-0.292,-0.276,-0.333,0.155,-0.428,-0.757
01/27/2023,-0.309,-0.294,-0.347,0.147,-0.442,-0.764
02/03/2023,-0.316,-0.307,-0.35,0.142,-0.442,-0.771
02/10/2023,-0.312,-0.311,-0.341,0.141,-0.427,-0.777
02/17/2023,-0.298,-0.297,-0.323,0.145,-0.396,-0.783
02/24/2023,-0.272,-0.261,-0.295,0.153,-0.347,-0.788
03/03/2023,-0.241,-0.208,-0.265,0.165,-0.282,-0.792
03/10/2023,-0.209,-0.151,-0.235,0.179,-0.201,-0.796
03/17/2023,-0.178,-0.103,-0.21,0.194,-0.105,-0.799
03/24/2023,-0.159,-0.084,-0.197,0.206,0.001,-0.802
03/31/2023,-0.155,-0.099,-0.198,0.214,0.116,-0.805
04/07/2023,-0.158,-0.134,-0.208,0.217,0.24,-0.807
04/14/2023,-0.169,-0.177,-0.227,0.217,0.368,-0.81
04/21/2023,-0.182,-0.213,-0.251,0.214,0.499,-0.812
04/28/2023,-0.193,-0.235,-0.273,0.209,0.63,-0.815
05/05/2023,-0.202,-0.244,-0.294,0.202,0.756,-0.818
05/12/2023,-0.208,-0.247,-0.31,0.195,0.872,-0.82
05/19/2023,-0.213,-0.249,-0.321,0.186,0.973,-0.824
05/26/2023,-0.215,-0.25,-0.327,0.179,1.054,-0.827
06/02/2023,-0.216,-0.252,-0.33,0.171,1.113,-0.831
06/09/2023,-0.217,-0.247,-0.33,0.165,1.145,-0.835
06/16/2023,-0.219,-0.24,-0.33,0.16,1.148,-0.839
06/23/2023,-0.223,-0.235,-0.332,0.155,1.124,-0.844
06/30/2023,-0.23,-0.235,-0.335,0.151,1.072,-0.848
07/07/2023,-0.238,-0.243,-0.341,0.148,0.995,-0.852
07/14/2023,-0.251,-0.259,-0.351,0.144,0.898,-0.857
07/21/2023,-0.266,-0.276,-0.362,0.14,0.787,-0.861
07/28/2023,-0.282,-0.29,-0.375,0.136,0.667,-0.864
08/04/2023,-0.299,-0.296,-0.389,0.133,0.545,-0.867
08/11/2023,-0.315,-0.297,-0.403,0.129,0.431,-0.87
08/18/2023,-0.328,-0.293,-0.413,0.127,0.328,-0.872
08/25/2023,-0.336,-0.288,-0.42,0.125,0.241,-0.873
09/01/2023,-0.342,-0.285,-0.423,0.124,0.172,-0.874
09/08/2023,-0.341,-0.281,-0.421,0.124,0.121,-0.873
09/15/2023,-0.336,-0.277,-0.414,0.125,0.088,-0.873
09/22/2023,-0.328,-0.269,-0.403,0.127,0.07,-0.871
09/29/2023,-0.315,-0.256,-0.389,0.129,0.064,-0.87
10/06/2023,-0.304,-0.244,-0.375,0.13,0.067,-0.867
10/13/2023,-0.295,-0.237,-0.363,0.131,0.075,-0.865
10/20/2023,-0.289,-0.237,-0.354,0.129,0.084,-0.862
10/27/2023,-0.288,-0.247,-0.349,0.126,0.094,-0.859
11/03/2023,-0.293,-0.266,-0.351,0.121,0.1,-0.856
11/10/2023,-0.301,-0.289,-0.356,0.114,0.104,-0.853
11/17/2023,-0.312,-0.31,-0.365,0.106,0.104,-0.85
11/24/2023,-0.323,-0.325,-0.375,0.097,0.1,-0.847
12/01/2023,-0.333,-0.335,-0.384,0.089,0.09,-0.844
12/08/2023,-0.342,-0.342,-0.392,0.08,0.077,-0.841
12/15/2023,-0.351,-0.35,-0.399,0.072,0.06,-0.839
12/22/2023,-0.36,-0.361,-0.406,0.064,0.04,-0.837
12/29/2023,-0.369,-0.374,-0.411,0.056,0.019,-0.835
01/05/2024,-0.377,-0.389,-0.417,0.049,-0.003,-0.833
01/12/2024,-0.385,-0.401,-0.422,0.041,-0.024,-0.832
01/19/2024,-0.392,-0.409,-0.428,0.035,-0.043,-0.831
01/26/2024,-0.398,-0.414,-0.433,0.029,-0.06,-0.83
02/02/2024,-0.405,-0.417,-0.44,0.023,-0.074,-0.829
02/09/2024,-0.412,-0.421,-0.448,0.018,-0.086,-0.829
02/16/2024,-0.42,-0.43,-0.456,0.013,-0.096,-0.829
02/23/2024,-0.428,-0.442,-0.465,0.008,-0.105,-0.828
03/01/2024,-0.434,-0.456,-0.472,0.004,-0.114,-0.829
03/08/2024,-0.438,-0.47,-0.475,0.001,-0.123,-0.829
03/15/2024,-0.44,-0.48,-0.475,-0.002,-0.133,-0.829
03/22/2024,-0.438,-0.485,-0.47,-0.004,-0.145,-0.829
03/29/2024,-0.435,-0.483,-0.462,-0.006,-0.157,-0.829
04/05/2024,-0.43,-0.476,-0.452,-0.008,-0.171,-0.83
04/12/2024,-0.425,-0.466,-0.441,-0.011,-0.183,-0.83
04/19/2024,-0.42,-0.459,-0.431,-0.013,-0.194,-0.83
04/26/2024,-0.418,-0.458,-0.422,-0.016,-0.202,-0.83
05/03/2024,-0.418,-0.461,-0.416,-0.019,-0.204,-0.83
05/10/2024,-0.419,-0.466,-0.412,-0.022,-0.201,-0.829
05/17/2024,-0.419,-0.468,-0.409,-0.024,-0.192,-0.829
05/24/2024,-0.418,-0.463,-0.407,-0.025,-0.177,-0.829
05/31/2024,-0.415,-0.45,-0.403,-0.025,-0.156,-0.828
06/07/2024,-0.409,-0.431,-0.399,-0.024,-0.134,-0.828
06/14/2024,-0.402,-0.413,-0.394,-0.021,-0.111,-0.828
06/21/2024,-0.394,-0.4,-0.388,-0.018,-0.091,-0.828
06/28/2024,-0.387,-0.391,-0.381,-0.015,-0.077,-0.828
07/05/2024,-0.382,-0.386,-0.374,-0.012,-0.07,-0.828
07/12/2024,-0.376,-0.381,-0.367,-0.009,-0.071,-0.829
07/19/2024,-0.371,-0.374,-0.36,-0.007,-0.081,-0.83
07/26/2024,-0.368,-0.367,-0.355,-0.005,-0.098,-0.831
08/02/2024,-0.366,-0.364,-0.352,-0.003,-0.122,-0.833
08/09/2024,-0.367,-0.368,-0.354,-0.003,-0.151,-0.835
08/16/2024,-0.376,-0.383,-0.361,-0.005,-0.184,-0.837
08/23/2024,-0.386,-0.403,-0.371,-0.008,-0.218,-0.839
08/30/2024,-0.397,-0.425,-0.382,-0.013,-0.251,-0.842
09/06/2024,-0.409,-0.446,-0.392,-0.018,-0.281,-0.844
09/13/2024,-0.418,-0.463,-0.4,-0.025,-0.306,-0.847
09/20/2024,-0.426,-0.475,-0.406,-0.032,-0.325,-0.849
09/27/2024,-0.433,-0.484,-0.41,-0.04,-0.337,-0.851
10/04/2024,-0.437,-0.493,-0.412,-0.048,-0.341,-0.852
10/11/2024,-0.441,-0.501,-0.413,-0.056,-0.338,-0.853
10/18/2024,-0.445,-0.51,-0.416,-0.063,-0.328,-0.852
10/25/2024,-0.45,-0.52,-0.421,-0.07,-0.311,-0.851
11/01/2024,-0.456,-0.529,-0.428,-0.076,-0.291,-0.848
11/08/2024,-0.463,-0.539,-0.438,-0.081,-0.27,-0.844
11/15/2024,-0.471,-0.546,-0.448,-0.084,-0.249,-0.839
11/22/2024,-0.476,-0.548,-0.458,-0.085,-0.233,-0.833
11/29/2024,-0.479,-0.545,-0.466,-0.085,-0.222,-0.825
12/06/2024,-0.481,-0.538,-0.474,-0.084,-0.22,-0.817
12/13/2024,-0.483,-0.529,-0.481,-0.081,-0.226,-0.807
12/20/2024,-0.484,-0.523,-0.486,-0.079,-0.242,-0.796
12/27/2024,-0.488,-0.522,-0.492,-0.077,-0.266,-0.785
01/03/2025,-0.493,-0.525,-0.498,-0.075,-0.297,-0.773
01/10/2025,-0.499,-0.531,-0.503,-0.075,-0.332,-0.761
01/17/2025,-0.504,-0.534,-0.507,-0.075,-0.368,-0.75
01/24/2025,-0.509,-0.531,-0.511,-0.074,-0.402,-0.738
01/31/2025,-0.512,-0.522,-0.512,-0.072,-0.432,-0.727
02/07/2025,-0.511,-0.505,-0.51,-0.069,-0.455,-0.717
02/14/2025,-0.507,-0.487,-0.505,-0.063,-0.471,-0.707
02/21/2025,-0.497,-0.47,-0.497,-0.055,-0.479,-0.698
02/28/2025,-0.484,-0.457,-0.485,-0.044,-0.48,-0.69
03/07/2025,-0.467,-0.448,-0.469,-0.032,-0.474,-0.682
03/14/2025,-0.449,-0.44,-0.452,-0.019,-0.464,-0.676
03/21/2025,-0.431,-0.43,-0.436,-0.008,-0.452,-0.67
03/28/2025,-0.414,-0.418,-0.419,0.002,-0.44,-0.665
04/04/2025,-0.399,-0.403,-0.404,0.008,-0.429,-0.66
04/11/2025,-0.389,-0.391,-0.394,0.012,-0.422,-0.656
04/18/2025,-0.389,-0.392,-0.393,0.012,-0.42,-0.652
04/25/2025,-0.396,-0.404,-0.399,0.008,-0.423,-0.649
05/02/2025,-0.409,-0.426,-0.411,0.002,-0.431,-0.645
05/09/2025,-0.426,-0.451,-0.426,-0.007,-0.444,-0.642
05/16/2025,-0.444,-0.473,-0.443,-0.016,-0.459,-0.639
05/23/2025,-0.458,-0.486,-0.459,-0.024,-0.477,-0.636
05/30/2025,-0.47,-0.492,-0.473,-0.031,-0.496,-0.632
06/06/2025,-0.479,-0.494,-0.485,-0.037,-0.514,-0.629
06/13/2025,-0.487,-0.497,-0.496,-0.041,-0.53,-0.625
06/20/2025,-0.493,-0.504,-0.505,-0.044,-0.544,-0.621
06/27/2025,-0.5,-0.514,-0.513,-0.046,-0.553,-0.616
07/04/2025,-0.507,-0.526,-0.522,-0.049,-0.559,-0.612
07/11/2025,-0.513,-0.534,-0.53,-0.051,-0.559,-0.607
07/18/2025,-0.518,-0.54,-0.537,-0.053,-0.553,-0.602
07/25/2025,-0.522,-0.544,-0.544,-0.055,-0.543,-0.597
08/01/2025,-0.525,-0.548,-0.549,-0.056,-0.529,-0.591
08/08/2025,-0.527,-0.552,-0.554,-0.057,-0.511,-0.585
08/15/2025,-0.529,-0.556,-0.559,-0.057,-0.491,-0.579
08/22/2025,-0.53,-0.557,-0.563,-0.056,-0.47,-0.573
08/29/2025,-0.531,-0.557,-0.567,-0.055,-0.447,-0.567
09/05/2025,-0.531,-0.555,-0.57,-0.053,-0.422,-0.561
09/12/2025,-0.531,-0.555,-0.572,-0.051,-0.394,-0.555
09/19/2025,-0.529,-0.557,-0.574,-0.049,-0.365,-0.549
09/26/2025,-0.529,-0.561,-0.575,-0.047,-0.333,-0.543
10/03/2025,-0.527,-0.567,-0.577,-0.046,-0.299,-0.537
10/10/2025,-0.525,-0.568,-0.577,-0.043,-0.265,-0.531
10/17/2025,-0.522,-0.565,-0.577,-0.041,-0.23,-0.525
10/24/2025,-0.519,-0.56,-0.577,-0.037,-0.198,-0.519
10/31/2025,-0.515,-0.554,-0.578,-0.033,-0.169,-0.514
11/07/2025,-0.512,-0.548,-0.579,-0.029,-0.143,-0.509
11/14/2025,-0.51,-0.543,-0.582,-0.024,-0.123,-0.504
11/21/2025,-0.509,-0.538,-0.586,-0.019,-0.109,-0.499
11/28/2025,-0.51,-0.532,-0.592,-0.016,-0.099,-0.494
12/05/2025,-0.513,-0.525,-0.599,-0.014,-0.093,-0.489
12/12/2025,-0.518,-0.52,-0.608,-0.014,-0.09,-0.485
12/19/2025,-0.526,-0.519,-0.618,-0.017,-0.089,-0.481
12/26/2025,-0.537,-0.525,-0.63,-0.022,-0.087,-0.477
01/02/2026,-0.548,-0.533,-0.641,-0.028,-0.084,-0.473
01/09/2026,-0.558,-0.539,-0.65,-0.034,-0.079,-0.469
01/16/2026,-0.564,-0.541,-0.655,-0.039,-0.072,-0.465
01/23/2026,-0.566,-0.538,-0.654,-0.042,-0.064,-0.461
01/30/2026,-0.562,-0.529,-0.648,-0.042,-0.054,-0.457
02/06/2026,-0.553,-0.516,-0.637,-0.038,-0.043,-0.454
02/13/2026,-0.54,-0.502,-0.622,-0.032,-0.03,-0.45
02/20/2026,-0.524,-0.485,-0.603,-0.024,-0.017,-0.446
02/27/2026,-0.505,-0.466,-0.582,-0.015,-0.002,-0.443
03/06/2026,-0.486,-0.445,-0.56,-0.008,0.014,-0.439
03/13/2026,-0.471,-0.426,-0.542,-0.004,0.031,-0.436
03/20/2026,-0.462,-0.416,-0.53,-0.003,0.05,-0.432
03/27/2026,-0.459,-0.415,-0.526,-0.005,0.071,-0.428
04/03/2026,-0.466,-0.428,-0.531,-0.012,0.093,-0.425
04/10/2026,-0.48,-0.449,-0.544,-0.021,0.114,-0.421
04/17/2026,-0.498,-0.472,-0.563,-0.031,0.135,-0.417
04/24/2026,-0.518,-0.49,-0.584,-0.041,0.153,-0.414