0,1,2,3,4,5,6,7,8,9,10,11,12,13,14,15,16,17,18
"U.S. Home Price and Related data, for Figure 3.1 in Robert J. Shiller, Irrational Exuberance, 3rd. Edition, Princeton University Press, 2015, as updated by author",,,,,,,,,,,,,,,,,,
See the book for description of data.,,,,"Update Nominal Home Price Index, Click Additional Information, National Index: https://www.spglobal.com/spdji/en/indices/indicators/sp-corelogic-case-shiller-us-national-home-price-nsa-index/#data",,,,,,,,,,,,,,
"Monthly data from January 1953 for prices, all other data are annual.",,,,,,,,Nominal,,,,,,,,,,
,Real,,Real,,,,,Home,,,Nominal,,,Consumer,,,,
,Home,,Building,U.S.,,,,Price,HPI,,Building,,,Price,CPI Annual&,,,
,Price,,Cost,Population,,Long Rate,,Index,Source ,,Cost,Build Cost,,Index,Quarterly,,,CPI
Date,Index,Date,Index,Millions,Long Rate,Source,Date,From fig2.1Revised2011.xls,,Date,Index,Source,Date,,Source,,Date,Annual
1890,100,1890,51.36233983496865,63.056,3.42,Homer,1890,3.5572964464730945,Grebler,1890,104.12037272937236,Grebler,1890,7.611651901,Warren&Pearson,,1890,7.611651901
1891,88.01179105656392,1891,47.266162908553916,64.361,3.62,Homer,1891,3.209110823653542,Grebler,1891,98.21211401807837,Grebler,1891,7.801941983,Warren&Pearson,,1891,7.801941983
1892,95.42173618250325,1892,52.0481550155526,65.666,3.6,Homer,1892,3.2671417607901345,Grebler,1892,101.55395922450995,Grebler,1892,7.326212727,Warren&Pearson,,1892,7.326212727
1893,92.29738548098196,1893,44.673331550321265,66.97,3.75,Homer,1893,3.406416009917956,Grebler,1893,93.9566413010539,Grebler,1893,7.897091074,Warren&Pearson,,1893,7.897091074
1894,123.98048277944352,1894,57.26343379944134,68.275,3.7,Homer,1894,3.969316100142899,Grebler,1894,104.47457306769778,Grebler,1894,6.850483471,Warren&Pearson,,1894,6.850483471
1895,117.45509156635745,1895,61.470338429243704,69.58,3.46,Homer,1895,3.6037211961823687,Grebler,1895,107.47706451377604,Grebler,1895,6.565052397,Warren&Pearson,,1895,6.565052397
1896,100.30299018534107,1896,60.06894542897356,70.885,3.6,Homer,1896,3.122064417948654,Grebler,1896,106.54886863492854,Grebler,1896,6.660193388,Warren&Pearson,,1896,6.660193388
1897,106.51570280594892,1897,62.38489275638975,72.189,3.4,Homer,1897,3.2207170110808607,Grebler,1897,107.49523620119035,Grebler,1897,6.469903306,Warren&Pearson,,1897,6.469903306
1898,110.18413977609032,1898,61.438038202283494,73.494,3.35,Homer,1898,3.4296283847725926,Grebler,1898,108.97733287732007,Grebler,1898,6.660193388,Warren&Pearson,,1898,6.660193388
1899,103.85311334184749,1899,64.04460579646552,74.799,3.1,Homer,1899,3.2787479482174526,Grebler,1899,115.22372835043592,Grebler,1899,6.755342479,Warren&Pearson,,1899,6.755342479
1900,101.57429475419818,1900,49.420633813161956,76.094,3.15,Homer,1900,3.7487985390238485,Grebler,1900,103.94113451833215,Grebler,1900,7.897091074,Warren&Pearson,,1900,7.897091074
1901,87.32609550259289,1901,51.25232443809333,77.584,3.1,Homer,1901,3.145276792803291,Grebler,1901,105.19600577708134,Grebler,1901,7.706792893,Warren&Pearson,,1901,7.706792893
1902,100.47364450144372,1902,50.516165104586726,79.163,3.18,Homer,1902,3.708176883028234,Grebler,1902,106.24524833770403,Grebler,1902,7.897091074,Warren&Pearson,,1902,7.897091074
1903,93.07489238475267,1903,43.54354963572615,80.632,3.3,Homer,1903,3.7662078201648264,Grebler,1903,100.40756224678127,Grebler,1903,8.658259504,Warren&Pearson,,1903,8.658259504
1904,101.85435896630196,1904,47.08562106216257,82.166,3.4,Homer,1904,3.940300631574603,Grebler,1904,103.80275907970983,Grebler,1904,8.277679339,Warren&Pearson,,1904,8.277679339
1905,87.2485475278975,1905,47.11098374931208,83.822,3.48,Homer,1905,3.4528407596272293,Grebler,1905,106.24570255051941,Grebler,1905,8.467928926,Warren&Pearson,,1905,8.467928926
1906,103.52516731881619,1906,51.76914843463732,85.45,3.43,Homer,1906,4.096984161843401,Grebler,1906,116.75089561169436,Grebler,1906,8.467928926,Warren&Pearson,,1906,8.467928926
1907,109.31652066458435,1907,49.544707383141926,87.008,3.67,Homer,1907,4.520610002940524,Grebler,1907,116.75604212640144,Grebler,1907,8.848509091,Warren&Pearson,,1907,8.848509091
1908,100.81918235205104,1908,50.125714115545215,88.71,3.87,Homer,1908,4.079574880702424,Grebler,1908,115.58544956315518,Grebler,1908,8.658259504,Warren&Pearson,,1908,8.658259504
1909,95.38041378581768,1909,44.071666122663565,90.49,3.76,Homer,1909,3.9867253812838763,Grebler,1909,104.97537717801501,Grebler,1909,8.94367438,Warren&Pearson,,1909,8.94367438
1910,93.1106367072284,1910,37.98176671894794,92.407,3.91,Homer,1910,4.305895535535133,Grebler,1910,100.09449907868294,Grebler,1910,9.895165289,Warren&Pearson,,1910,9.895165289
1911,97.54333604485521,1911,42.29755768803429,93.863,3.98,Homer,1911,4.207242942402926,Grebler,1911,103.96475463450649,Grebler,1911,9.229089256,Warren&Pearson,,1911,9.229089256
1912,102.3651618352995,1912,42.25410832340377,95.335,4.01,Homer,1912,4.3697295663853835,Grebler,1912,102.78794412879729,Grebler,1912,9.134004959,Warren&Pearson,,1912,9.134004959
1913,95.40856079923094,1913,40.33646953517861,97.225,4.45,Homer,1913,4.3697295663853835,Grebler,1913,105.27759490893132,Grebler,1913,9.8,BLS,,1913,9.8
1914,96.97716369789562,1914,34.47783935401113,99.111,4.16,Homer,1914,4.532216190367842,Grebler,1914,91.8231182795699,Grebler,1914,10,BLS,,1914,10
1915,88.14876379786155,1915,35.317522956253846,100.546,4.24,Homer,1915,4.160818192693653,Grebler,1915,,ENR,1915,10.1,BLS,,1915,10.1
1916,93.72485164834045,1916,47.29616864718569,101.961,4.05,Homer,1916,4.555428565222479,Grebler,1916,,ENR,1916,10.4,BLS,,1916,10.4
1917,85.00903741862217,1917,53.5943013678033,103.268,4.23,Homer,1917,4.648278064641026,Grebler,1917,,ENR,1917,11.7,BLS,,1917,11.7
1918,75.56662106329527,1918,42.64391738003613,103.208,4.57,Homer,1918,4.944235844037646,Grebler,1918,,ENR,1918,14,BLS,,1918,14
1919,70.51379535554898,1919,36.18271777700035,104.514,4.5,Homer,1919,5.4374988096986785,Grebler,1919,,ENR,1919,16.5,BLS,,1919,16.5
1920,66.07414907003694,1920,40.27179996980633,106.541,4.97,Homer,1920,5.9597772439280075,Grebler,1920,,ENR,1920,19.3,BLS,,1920,19.3
1921,65.61430847947112,1921,32.80518503515523,108.538,5.09,Homer,1921,5.826306088513846,Grebler,1921,,ENR,1921,19,BLS,,1921,19
1922,74.79619714101761,1922,34.437609584562686,110.049,4.3,Homer,1922,5.907549400505074,Grebler,1922,,ENR,1922,16.9,BLS,,1922,16.9
1923,76.35007781532083,1923,41.571114427079245,111.947,4.36,Homer,1923,5.994595806209962,Grebler,1923,,ENR,1923,16.8,BLS,,1923,16.8
1924,74.28697788319552,1924,40.36963713149891,114.109,4.06,Homer,1924,6.006201993637281,Grebler,1924,,ENR,1924,17.3,BLS,,1924,17.3
1925,78.16282020753616,1925,39.71851395195861,115.829,3.86,Homer,1925,6.319569054174878,Grebler,1925,,ENR,1925,17.3,BLS,,1925,17.3
1926,72.4906015524438,1926,38.806698996624704,117.397,3.68,Homer,1926,6.064232930773873,Grebler,1926,,ENR,1926,17.9,BLS,,1926,17.9
1927,71.38030121096247,1927,39.908269849996074,119.035,3.34,Homer,1927,5.8379122759411635,Grebler,1927,,ENR,1927,17.5,BLS,,1927,17.5
1928,73.28212987318126,1928,40.803719251192454,120.509,3.33,Homer,1928,5.924958681646052,Grebler,1928,,ENR,1928,17.3,BLS,,1928,17.3
1929,72.61432987989278,1929,41.93969438898694,121.878,3.6,Homer,1929,5.803093713659209,Grebler,1929,,ENR,1929,17.1,BLS,,1929,17.1
1930,69.49191369505738,1930,40.62221707833813,123.188,3.29,Homer,1930,5.553560683971863,Grebler,1930,,ENR,1930,17.1,BLS,,1930,17.1
1931,68.64520320702393,1931,39.67346769425457,124.149,3.34,Homer,1931,5.100919374306445,Grebler,1931,,ENR,1931,15.9,BLS,,1931,15.9
1932,68.3371935122121,1932,34.39721356158959,124.949,3.68,Homer,1932,4.567034752649797,Grebler,1932,,ENR,1932,14.3,BLS,,1932,14.3
1933,72.86594697645334,1933,43.078444157493465,125.69,3.31,Homer,1933,4.3929419412400215,Grebler,1933,,ENR,1933,12.9,BLS,,1933,12.9
1934,73.27941112856544,1934,47.50403984873474,126.485,3.12,Homer,1934,4.520610002940524,Five-CityMedian,1934,,ENR,1934,13.2,BLS,,1934,13.2
1935,78.06999902861963,1935,45.83077321087864,127.362,2.79,Homer,1935,4.9620852592390055,Five-CityMedian,1935,,ENR,1935,13.6,BLS,,1935,13.6
1936,79.41489504934907,1936,46.79908533913362,128.181,2.65,Homer,1936,5.121795007574859,Five-CityMedian,1936,,ENR,1936,13.8,BLS,,1936,13.8
1937,79.71761780681189,1937,52.19452664740583,128.961,2.68,Homer,1937,5.253086651224617,Five-CityMedian,1937,,ENR,1937,14.1,BLS,,1937,14.1
1938,78.46465293653384,1938,52.09138282139235,129.969,2.56,Homer,1938,5.207191412156574,Five-CityMedian,1938,,ENR,1938,14.2,BLS,,1938,14.2
1939,78.54968493492916,1939,52.83554543312652,131.028,2.36,Homer,1939,5.139414232480237,Five-CityMedian,1939,,ENR,1939,14,BLS,,1939,14
1940,81.73080632803105,1940,54.836438710493944,132.122,2.21,Homer,1940,5.309354498503084,Five-CityMedian,1940,,ENR,1940,13.9,BLS,,1940,13.9
1941,73.81588342928296,1941,56.18900572756444,133.402,1.95,Homer,1941,4.8641848885954095,Five-CityMedian,1941,,ENR,1941,14.1,BLS,,1941,14.1
1942,68.50282682878371,1942,53.09349646162413,134.86,2.46,Homer,1942,5.026310175829581,Five-CityMedian,1942,,ENR,1942,15.7,BLS,,1942,15.7
1943,70.92297420081694,1943,50.87879093461198,136.739,2.47,Homer,1943,5.601634705199569,Five-CityMedian,1943,,ENR,1943,16.9,BLS,,1943,16.9
1944,80.30899578637265,1944,50.71151889695614,138.397,2.48,Homer,1944,6.530622547388007,Five-CityMedian,1944,,ENR,1944,17.4,BLS,,1944,17.4
1945,87.75004612093748,1945,50.41571180609175,139.928,2.37,Homer,1945,7.2997585507171605,Five-CityMedian,1945,,ENR,1945,17.8,BLS,,1945,17.8
1946,106.50589550863114,1946,54.05276416821222,141.389,2.19,Homer,1946,9.059123411833289,Five-CityMedian,1946,,ENR,1946,18.2,BLS,,1946,18.2
1947,109.32967071418366,1947,54.663052789035625,144.126,2.25,Homer,1947,10.98544463798022,Five-CityMedian,1947,,ENR,1947,21.5,BLS,,1947,21.5
1948,101.22257950824536,1948,54.024908200592435,146.631,2.44,Homer,1948,11.21158170601982,Five-CityMedian,1948,,ENR,1948,23.7,BLS,,1948,23.7
1949,100.04660762637593,1949,55.07055158512002,149.188,2.31,Homer,1949,11.221599087921668,Five-CityMedian,1949,,ENR,1949,24,BLS,,1949,24
1950,105.89483934250828,1950,59.91718620237915,151.684,2.32,Homer,1950,11.630109342784282,Five-CityMedian,1950,,ENR,1950,23.5,BLS,,1950,23.5
1951,103.89866872416337,1951,59.278698601377414,154.287,2.57,Homer,1951,12.333457433765126,Five-CityMedian,1951,,ENR,1951,25.4,BLS,,1951,25.4
1952,103.97432747997286,1952,58.94343771717821,156.954,2.68,Homer,1952,12.876953685886688,Five-CityMedian,1952,,ENR,1952,26.5,BLS,,1952,26.5
1953.0416666666667,114.71330928920199,1953,60.839220095318,159.565,2.83,Homer,1953.0416666666667,14.260560157790927,PHCPI,1953,,ENR,1953.0416666666667,26.6,BLS,,1953,26.6
1953.125,115.14618970161406,1954,62.254476192033295,162.391,2.48,Fed. Res.,1953.125,14.260560157790927,PHCPI,1954,,ENR,1953.125,26.5,BLS,,1954,26.9
1953.2083333333333,114.71330928920199,1955,65.95528266961516,165.275,2.61,Fed. Res.,1953.2083333333333,14.260560157790927,PHCPI,1955,,ENR,1953.2083333333333,26.6,BLS,,1955,26.7
1953.2916666666665,114.97977458371813,1956,68.79148786031361,168.221,2.9,Fed. Res.,1953.2916666666665,14.293685733070348,PHCPI,1956,,ENR,1953.2916666666665,26.6,BLS,,1956,26.8
1953.3749999999998,114.68187237243323,1957,69.24632103959016,171.274,3.46,Fed. Res.,1953.3749999999998,14.31024852071006,PHCPI,1957,,ENR,1953.3749999999998,26.7,BLS,,1957,27.6
1953.458333333333,114.25395493820773,1958,68.92571419784174,174.141,3.09,Fed. Res.,1953.458333333333,14.31024852071006,PHCPI,1958,,ENR,1953.458333333333,26.8,BLS,,1958,28.6
1953.5416666666663,114.51843168574987,1959,70.95296771625183,177.13,4.02,Fed. Res.,1953.5416666666663,14.34337409598948,PHCPI,1959,,ENR,1953.5416666666663,26.8,BLS,,1959,29
1953.6249999999995,114.2244593901547,1960,71.6361425754315,180.76,4.72,Fed. Res.,1953.6249999999995,14.359936883629192,PHCPI,1960,,ENR,1953.6249999999995,26.9,BLS,,1960,29.3
1953.7083333333328,114.35620617145823,1961,71.5681969959156,183.742,3.84,Fed. Res.,1953.7083333333328,14.3764996712689,PHCPI,1961,,ENR,1953.7083333333328,26.9,BLS,,1961,29.8
1953.791666666666,113.93266466711948,1962,72.59299981674913,186.59,4.08,Fed. Res.,1953.791666666666,14.3764996712689,PHCPI,1962,,ENR,1953.791666666666,27,BLS,,1962,30
1953.8749999999993,114.2244593901547,1963,73.3670177367553,189.3,3.83,Fed. Res.,1953.8749999999993,14.359936883629192,PHCPI,1963,,ENR,1953.8749999999993,26.9,BLS,,1963,30.4
1953.9583333333326,114.2244593901547,1964,74.3671173214772,191.927,4.17,Fed. Res.,1953.9583333333326,14.359936883629192,PHCPI,1964,,ENR,1953.9583333333326,26.9,BLS,,1964,30.9
1954.0416666666658,114.2244593901547,1965,75.45724616230389,194.347,4.19,Fed. Res.,1954.0416666666658,14.359936883629192,PHCPI,1965,,ENR,1954.0416666666658,26.9,BLS,,1965,31.2
1954.124999999999,114.35620617145823,1966,76.74926786090913,196.599,4.61,Fed. Res.,1954.124999999999,14.3764996712689,PHCPI,1966,,ENR,1954.124999999999,26.9,BLS,,1966,31.8
1954.2083333333323,114.35620617145823,1967,77.15051023392057,198.752,4.58,Fed. Res.,1954.2083333333323,14.3764996712689,PHCPI,1967,,ENR,1954.2083333333323,26.9,BLS,,1967,32.9
1954.2916666666656,114.65067005952096,1968,79.39056456852481,200.745,5.53,Fed. Res.,1954.2916666666656,14.359936883629192,PHCPI,1968,,ENR,1954.2916666666656,26.8,BLS,,1968,34.1
1954.3749999999989,114.2244593901547,1969,83.3230383406119,202.736,6.04,Fed. Res.,1954.3749999999989,14.359936883629192,PHCPI,1969,,ENR,1954.3749999999989,26.9,BLS,,1969,35.6
1954.4583333333321,114.35620617145823,1970,83.04289524740322,205.089,7.79,Fed. Res.,1954.4583333333321,14.3764996712689,PHCPI,1970,,ENR,1954.4583333333321,26.9,BLS,,1970,37.8
1954.5416666666654,114.75144651536878,1971,89.4361858771593,207.692,6.24,Fed. Res.,1954.5416666666654,14.426188034188034,PHCPI,1971,,ENR,1954.5416666666654,26.9,BLS,,1971,39.8
1954.6249999999986,115.01494007797584,1972,95.74309565561677,209.924,5.95,Fed. Res.,1954.6249999999986,14.459313609467454,PHCPI,1972,,ENR,1954.6249999999986,26.9,BLS,,1972,41.1
1954.708333333332,115.70857704968955,1973,100.30455778467764,211.939,6.46,Fed. Res.,1954.708333333332,14.492439184746878,PHCPI,1973,,ENR,1954.708333333332,26.8,BLS,,1973,42.6
1954.7916666666652,115.57633867591846,1974,97.0932715471171,213.898,6.99,Fed. Res.,1954.7916666666652,14.475876397107166,PHCPI,1974,,ENR,1954.7916666666652,26.8,BLS,,1974,46.6
1954.8749999999984,115.57633867591846,1975,94.12250092065096,215.981,7.5,Fed. Res.,1954.8749999999984,14.475876397107166,PHCPI,1975,,ENR,1954.8749999999984,26.8,BLS,,1975,52.1
1954.9583333333317,116.14194250680451,1976,96.23389798331759,218.086,7.74,Fed. Res.,1954.9583333333317,14.492439184746878,PHCPI,1976,,ENR,1954.9583333333317,26.7,BLS,,1976,55.6
1955.041666666665,116.27467615538369,1977,99.16550372845039,220.289,7.21,Fed. Res.,1955.041666666665,14.509001972386587,PHCPI,1977,,ENR,1955.041666666665,26.7,BLS,,1977,58.5
1955.1249999999982,115.87647520964606,1978,100.56884002199011,222.629,7.96,Fed. Res.,1955.1249999999982,14.459313609467454,PHCPI,1978,,ENR,1955.1249999999982,26.7,BLS,,1978,62.5
1955.2083333333314,115.61100791248765,1979,100,225.106,9.1,Fed. Res.,1955.2083333333314,14.426188034188034,PHCPI,1979,,ENR,1955.2083333333314,26.7,BLS,,1979,68.3
1955.2916666666647,114.94733966959164,1980,93.67720900915924,227.726,10.8,Fed. Res.,1955.2916666666647,14.34337409598948,PHCPI,1980,,ENR,1955.2916666666647,26.7,BLS,,1980,77.8
1955.374999999998,114.94733966959164,1981,90.50387670375918,230.008,12.57,Fed. Res.,1955.374999999998,14.34337409598948,PHCPI,1981,,ENR,1955.374999999998,26.7,BLS,,1981,87
1955.4583333333312,115.47827426390846,1982,88.95277082894881,232.218,14.59,Fed. Res.,1955.4583333333312,14.409625246548325,PHCPI,1982,,ENR,1955.4583333333312,26.7,BLS,,1982,94.3
1955.5416666666645,115.44410030214738,1983,91.52830101709854,234.333,10.46,Fed. Res.,1955.5416666666645,14.459313609467454,PHCPI,1983,,ENR,1955.5416666666645,26.8,BLS,,1983,97.8
1955.6249999999977,116.10529217100276,1984,89.06159549105747,236.394,11.67,Fed. Res.,1955.6249999999977,14.54212754766601,PHCPI,1984,,ENR,1955.6249999999977,26.8,BLS,,1984,101.9
1955.708333333331,115.93716754710051,1985,86.30725178409052,238.506,11.38,Fed. Res.,1955.708333333331,14.575253122945432,PHCPI,1985,,ENR,1955.708333333331,26.9,BLS,,1985,105.5
1955.7916666666642,115.805420765797,1986,85.06563925795437,240.683,9.19,Fed. Res.,1955.7916666666642,14.558690335305721,PHCPI,1986,,ENR,1955.7916666666642,26.9,BLS,,1986,109.6
1955.8749999999975,115.54192720318994,1987,85.8001174651263,242.843,7.08,Fed. Res.,1955.8749999999975,14.525564760026299,PHCPI,1987,,ENR,1955.8749999999975,26.9,BLS,,1987,111.2
1955.9583333333308,115.70857704968955,1988,84.31285437542735,245.061,8.67,Fed. Res.,1955.9583333333308,14.492439184746878,PHCPI,1988,,ENR,1955.9583333333308,26.8,BLS,,1988,115.7
1956.041666666664,115.44410030214738,1989,81.66945023376972,247.387,9.09,Fed. Res.,1956.041666666664,14.459313609467454,PHCPI,1989,,ENR,1956.041666666664,26.8,BLS,,1989,121.1
1956.1249999999973,115.04738518083417,1990,79.63498843103021,250.181,8.21,Fed. Res.,1956.1249999999973,14.409625246548325,PHCPI,1990,,ENR,1956.1249999999973,26.8,BLS,,1990,127.4
1956.2083333333305,114.65067005952096,1991,76.74207453599819,253.53,8.09,Fed. Res.,1956.2083333333305,14.359936883629192,PHCPI,1991,,ENR,1956.2083333333305,26.8,BLS,,1991,134.6
1956.2916666666638,113.6974722649406,1992,77.05381962620804,256.922,7.03,Fed. Res.,1956.2916666666638,14.293685733070348,PHCPI,1992,,ENR,1956.2916666666638,26.9,BLS,,1992,138.1
1956.374999999997,113.40762934607285,1993,78.88788053790942,260.282,6.6,Fed. Res.,1956.374999999997,14.31024852071006,PHCPI,1993,,ENR,1956.374999999997,27,BLS,,1993,142.6
1956.4583333333303,113.74639294476287,1994,79.89887108940512,263.455,5.75,Fed. Res.,1956.4583333333303,14.459313609467454,PHCPI,1994,,ENR,1956.4583333333303,27.2,BLS,,1994,146.2
1956.5416666666636,113.82152580354028,1995,77.74430980443364,266.588,7.78,Fed. Res.,1956.5416666666636,14.575253122945432,PHCPI,1995,,ENR,1956.5416666666636,27.4,BLS,,1995,150.3
1956.6249999999968,115.01735302268835,1996,77.89285948266286,269.714,5.65,Fed. Res.,1956.6249999999968,14.674629848783695,PHCPI,1996,,ENR,1956.6249999999968,27.3,BLS,,1996,154.4
1956.70833333333,114.46823901833315,1997,79.39146428733092,272.958,6.58,Fed. Res.,1956.70833333333,14.658067061143987,PHCPI,1997,,ENR,1956.70833333333,27.4,BLS,,1997,159.1
1956.7916666666633,113.9231185703732,1998,78.79060548990577,276.154,5.54,Fed. Res.,1956.7916666666633,14.641504273504275,PHCPI,1998,,ENR,1956.7916666666633,27.5,BLS,,1998,161.6
1956.8749999999966,113.66537395822303,1999,78.98128130837776,279.328,4.72,Fed. Res.,1956.8749999999966,14.608378698224854,PHCPI,1999,,ENR,1956.8749999999966,27.5,BLS,,1999,164.3
1956.9583333333298,113.38194827058688,2000,78.72200104739596,282.398,6.66,Fed. Res.,1956.9583333333298,14.624941485864563,PHCPI,2000,,ENR,1956.9583333333298,27.6,BLS,,2000,168.8
1957.041666666663,113.76716440287652,2001,76.6401606998153,285.225,5.16,Fed. Res.,1957.041666666663,14.674629848783695,PHCPI,2001,,ENR,1957.041666666663,27.6,BLS,,2001,175.1
1957.1249999999964,114.37998717891374,2002,76.81353949728835,287.955,5.04,Fed. Res.,1957.1249999999964,14.807132149901381,PHCPI,2002,,ENR,1957.1249999999964,27.7,BLS,,2002,177.1
1957.2083333333296,113.96854837611187,2003,76.31543515929664,290.626,4.05,Fed. Res.,1957.2083333333296,14.807132149901381,PHCPI,2003,,ENR,1957.2083333333296,27.8,BLS,,2003,181.7
1957.2916666666629,114.32220700208958,2004,80.77302578850316,293.262,4.15,Fed. Res.,1957.2916666666629,14.906508875739647,PHCPI,2004,,ENR,1957.2916666666629,27.9,BLS,,2004,185.2
1957.3749999999961,114.29362645033903,2005,82.7948477196798,295.993,4.22,Fed. Res.,1957.3749999999961,14.956197238658776,PHCPI,2005,,ENR,1957.3749999999961,28,BLS,,2005,190.7
1957.4583333333294,113.50852581346261,2006,82.72701137236604,298.818,4.42,Fed. Res.,1957.4583333333294,14.906508875739647,PHCPI,2006,,ENR,1957.4583333333294,28.1,BLS,,2006,198.3
1957.5416666666626,112.70634541902118,2007,83.19660676053614,301.696,4.76,Fed. Res.,1957.5416666666626,14.906508875739647,PHCPI,2007,,ENR,1957.5416666666626,28.3,BLS,,2007,202.416
1957.624999999996,112.70634541902118,2008,83.40664496222462,304.543,3.74,Fed. Res.,1957.624999999996,14.906508875739647,PHCPI,2008,,ENR,1957.624999999996,28.3,BLS,,2008,211.18
1957.7083333333292,113.08203323708454,2009,84.80835495034087,307.24,2.52,Fed. Res.,1957.7083333333292,14.956197238658776,PHCPI,2009,,ENR,1957.7083333333292,28.3,BLS,,2009,211.143
1957.7916666666624,113.70817960052356,2010,84.61393100421171,309.774,3.73,Fed. Res.,1957.7916666666624,15.039011176857331,PHCPI,2010,,ENR,1957.7916666666624,28.3,BLS,,2010,216.687
1957.8749999999957,113.30779868643724,2011,86.23908799805521,312.01,3.39,Fed. Res.,1957.8749999999957,15.039011176857331,PHCPI,2011,,ENR,1957.8749999999957,28.4,BLS,,2011,220.223
1957.958333333329,113.18301036189271,2012,85.70969790261492,314.212,1.97,Fed. Res.,1957.958333333329,15.02244838921762,PHCPI,2012,,ENR,1957.958333333329,28.4,BLS,,2012,226.665
1958.0416666666622,112.51543645786073,2013,86.05996591094542,316.357,1.91,Fed. Res.,1958.0416666666622,15.039011176857331,PHCPI,2013,,ENR,1958.0416666666622,28.6,BLS,,2013,230.28
1958.1249999999955,112.51543645786073,2014,86.4719099015269,318.631,2.86,Fed. Res.,1958.1249999999955,15.039011176857331,PHCPI,2014,,ENR,1958.1249999999955,28.6,BLS,,2014,233.916
1958.2083333333287,112.71852048719914,2015,88.5253969618946,320.918,1.88,Fed. Res.,1958.2083333333287,15.171513477975017,PHCPI,2015,,ENR,1958.2083333333287,28.8,BLS,,2015,233.707
1958.291666666662,112.57374971852822,2016,89.68778675876901,323.186,2.09,Fed. Res.,1958.291666666662,15.204639053254438,PHCPI,2016,,ENR,1958.291666666662,28.9,BLS,,2016,236.916
1958.3749999999952,112.81900843251195,2017,90.36073941903936,325.22,2.43,Fed. Res.,1958.3749999999952,15.237764628533862,PHCPI,2017,,ENR,1958.3749999999952,28.9,BLS,,2017,242.839
1958.4583333333285,112.20586164755264,2018,91.54231445297103,326.949,2.58,Fed. Res.,1958.4583333333285,15.154950690335308,PHCPI,2018,,ENR,1958.4583333333285,28.9,BLS,,2018,247.867
1958.5416666666617,111.81894488325074,2019,91.45667336489834,328.527,2.71,Fed. Res.,1958.5416666666617,15.154950690335308,PHCPI,2019,,ENR,1958.5416666666617,29,BLS,,2019,251.712
1958.624999999995,112.08323229056077,2020,91.0862192983499,330.152,1.76,Fed. Res.,1958.624999999995,15.138387902695596,PHCPI,2020,,ENR,1958.624999999995,28.9,BLS,,2020,257.971
1958.7083333333283,111.7153442195852,2021,100.56579278947231,332.351,1.08,Fed. Res.,1958.7083333333283,15.088699539776464,PHCPI,2021,,ENR,1958.7083333333283,28.9,BLS,,2021,261.582
1958.7916666666615,111.59271486259333,2022,106.17447808992164,333.595,1.76,Fed. Res.,1958.7916666666615,15.072136752136753,PHCPI,2022,,ENR,1958.7916666666615,28.9,BLS,,2022,281.148
1958.8749999999948,111.45232539183023,2023,100.41861648269577,,3.53,Fed. Res.,1958.8749999999948,15.105262327416176,PHCPI,2023,,ENR,1958.8749999999948,29,BLS,,2023,299.17
1958.958333333328,111.96060293356891,,,,,,1958.958333333328,15.121825115055884,PHCPI,,,,1958.958333333328,28.9,BLS,,,
1959.0416666666613,111.33011889469006,,,,,,1959.0416666666613,15.088699539776464,PHCPI,,,,1959.0416666666613,29,BLS,,,
1959.1249999999945,111.59271486259333,,,,,,1959.1249999999945,15.072136752136753,PHCPI,,,,1959.1249999999945,28.9,BLS,,,
1959.2083333333278,111.59271486259333,,,,,,1959.2083333333278,15.072136752136753,PHCPI,,,,1959.2083333333278,28.9,BLS,,,
1959.291666666661,111.20791239754989,,,,,,1959.291666666661,15.072136752136753,PHCPI,,,,1959.291666666661,29,BLS,,,
1959.3749999999943,111.69673838611055,,,,,,1959.3749999999943,15.138387902695596,PHCPI,,,,1959.3749999999943,29,BLS,,,
1959.4583333333276,111.31290079715484,,,,,,1959.4583333333276,15.138387902695596,PHCPI,,,,1959.4583333333276,29.1,BLS,,,
1959.5416666666608,110.56758383376754,,,,,,1959.5416666666608,15.088699539776464,PHCPI,,,,1959.5416666666608,29.2,BLS,,,
1959.624999999994,110.44621436742969,,,,,,1959.624999999994,15.072136752136753,PHCPI,,,,1959.624999999994,29.2,BLS,,,
1959.7083333333273,110.31117530249408,,,,,,1959.7083333333273,15.105262327416176,PHCPI,,,,1959.7083333333273,29.3,BLS,,,
1959.7916666666606,110.53868634178234,,,,,,1959.7916666666606,15.188076265614729,PHCPI,,,,1959.7916666666606,29.4,BLS,,,
1959.8749999999939,110.65923016549202,,,,,,1959.8749999999939,15.204639053254438,PHCPI,,,,1959.8749999999939,29.4,BLS,,,
1959.9583333333271,110.17705487065328,,,,,,1959.9583333333271,15.138387902695596,PHCPI,,,,1959.9583333333271,29.4,BLS,,,
1960.0416666666604,110.91595148288056,,,,,,1960.0416666666604,15.188076265614729,PHCPI,,,,1960.0416666666604,29.3,BLS,,,
1960.1249999999936,110.53868634178234,,,,,,1960.1249999999936,15.188076265614729,PHCPI,,,,1960.1249999999936,29.4,BLS,,,
1960.208333333327,110.53868634178234,,,,,,1960.208333333327,15.188076265614729,PHCPI,,,,1960.208333333327,29.4,BLS,,,
1960.2916666666601,110.16397893045425,,,,,,1960.2916666666601,15.188076265614729,PHCPI,,,,1960.2916666666601,29.5,BLS,,,
1960.3749999999934,109.92370852929734,,,,,,1960.3749999999934,15.154950690335308,PHCPI,,,,1960.3749999999934,29.5,BLS,,,
1960.4583333333267,109.31288597230207,,,,,,1960.4583333333267,15.121825115055884,PHCPI,,,,1960.4583333333267,29.6,BLS,,,
1960.54166666666,109.31288597230207,,,,,,1960.54166666666,15.121825115055884,PHCPI,,,,1960.54166666666,29.6,BLS,,,
1960.6249999999932,109.79180332595946,,,,,,1960.6249999999932,15.188076265614729,PHCPI,,,,1960.6249999999932,29.6,BLS,,,
1960.7083333333264,110.27072067961687,,,,,,1960.7083333333264,15.25432741617357,PHCPI,,,,1960.7083333333264,29.6,BLS,,,
1960.7916666666597,109.88742608616958,,,,,,1960.7916666666597,15.304015779092703,PHCPI,,,,1960.7916666666597,29.8,BLS,,,
1960.874999999993,109.53064872874695,,,,,,1960.874999999993,15.25432741617357,PHCPI,,,,1960.874999999993,29.8,BLS,,,
1960.9583333333262,109.53064872874695,,,,,,1960.9583333333262,15.25432741617357,PHCPI,,,,1960.9583333333262,29.8,BLS,,,
1961.0416666666595,109.53064872874695,,,,,,1961.0416666666595,15.25432741617357,PHCPI,,,,1961.0416666666595,29.8,BLS,,,
1961.1249999999927,109.29279715713189,,,,,,1961.1249999999927,15.22120184089415,PHCPI,,,,1961.1249999999927,29.8,BLS,,,
1961.208333333326,109.53064872874695,,,,,,1961.208333333326,15.25432741617357,PHCPI,,,,1961.208333333326,29.8,BLS,,,
1961.2916666666592,109.05494558551679,,,,,,1961.2916666666592,15.188076265614729,PHCPI,,,,1961.2916666666592,29.8,BLS,,,
1961.3749999999925,109.41172294293942,,,,,,1961.3749999999925,15.237764628533862,PHCPI,,,,1961.3749999999925,29.8,BLS,,,
1961.4583333333258,109.29279715713189,,,,,,1961.4583333333258,15.22120184089415,PHCPI,,,,1961.4583333333258,29.8,BLS,,,
1961.541666666659,108.91857735112414,,,,,,1961.541666666659,15.270890203813282,PHCPI,,,,1961.541666666659,30,BLS,,,
1961.6249999999923,109.40138157026048,,,,,,1961.6249999999923,15.28745299145299,PHCPI,,,,1961.6249999999923,29.9,BLS,,,
1961.7083333333255,109.03671029835962,,,,,,1961.7083333333255,15.28745299145299,PHCPI,,,,1961.7083333333255,30,BLS,,,
1961.7916666666588,109.03671029835962,,,,,,1961.7916666666588,15.28745299145299,PHCPI,,,,1961.7916666666588,30,BLS,,,
1961.874999999992,109.6273750345371,,,,,,1961.874999999992,15.370266929651544,PHCPI,,,,1961.874999999992,30,BLS,,,
1961.9583333333253,109.8636409290081,,,,,,1961.9583333333253,15.403392504930968,PHCPI,,,,1961.9583333333253,30,BLS,,,
1962.0416666666586,109.98177387624358,,,,,,1962.0416666666586,15.419955292570677,PHCPI,,,,1962.0416666666586,30,BLS,,,
1962.1249999999918,109.38090496522184,,,,,,1962.1249999999918,15.386829717291256,PHCPI,,,,1962.1249999999918,30.1,BLS,,,
1962.208333333325,109.38090496522184,,,,,,1962.208333333325,15.386829717291256,PHCPI,,,,1962.208333333325,30.1,BLS,,,
1962.2916666666583,109.01871653818469,,,,,,1962.2916666666583,15.386829717291256,PHCPI,,,,1962.2916666666583,30.2,BLS,,,
1962.3749999999916,109.60546958736761,,,,,,1962.3749999999916,15.46964365548981,PHCPI,,,,1962.3749999999916,30.2,BLS,,,
1962.4583333333248,109.72282019720417,,,,,,1962.4583333333248,15.486206443129522,PHCPI,,,,1962.4583333333248,30.2,BLS,,,
1962.541666666658,109.36069867840152,,,,,,1962.541666666658,15.486206443129522,PHCPI,,,,1962.541666666658,30.3,BLS,,,
1962.6249999999914,109.36069867840152,,,,,,1962.6249999999914,15.486206443129522,PHCPI,,,,1962.6249999999914,30.3,BLS,,,
1962.7083333333246,108.88438097166124,,,,,,1962.7083333333246,15.46964365548981,PHCPI,,,,1962.7083333333246,30.4,BLS,,,
1962.7916666666579,108.65122383895961,,,,,,1962.7916666666579,15.436518080210389,PHCPI,,,,1962.7916666666579,30.4,BLS,,,
1962.8749999999911,108.7678024053104,,,,,,1962.8749999999911,15.453080867850097,PHCPI,,,,1962.8749999999911,30.4,BLS,,,
1962.9583333333244,108.7678024053104,,,,,,1962.9583333333244,15.453080867850097,PHCPI,,,,1962.9583333333244,30.4,BLS,,,
1963.0416666666576,108.88438097166124,,,,,,1963.0416666666576,15.46964365548981,PHCPI,,,,1963.0416666666576,30.4,BLS,,,
1963.124999999991,108.88438097166124,,,,,,1963.124999999991,15.46964365548981,PHCPI,,,,1963.124999999991,30.4,BLS,,,
1963.2083333333242,109.1083647089779,,,,,,1963.2083333333242,15.552457593688365,PHCPI,,,,1963.2083333333242,30.5,BLS,,,
1963.2916666666574,109.57315007515031,,,,,,1963.2916666666574,15.618708744247206,PHCPI,,,,1963.2916666666574,30.5,BLS,,,
1963.3749999999907,109.3407573920641,,,,,,1963.3749999999907,15.585583168967785,PHCPI,,,,1963.3749999999907,30.5,BLS,,,
1963.458333333324,108.98343465548874,,,,,,1963.458333333324,15.585583168967785,PHCPI,,,,1963.458333333324,30.6,BLS,,,
1963.5416666666572,108.8593184785695,,,,,,1963.5416666666572,15.618708744247206,PHCPI,,,,1963.5416666666572,30.7,BLS,,,
1963.6249999999905,108.8593184785695,,,,,,1963.6249999999905,15.618708744247206,PHCPI,,,,1963.6249999999905,30.7,BLS,,,
1963.7083333333237,108.8593184785695,,,,,,1963.7083333333237,15.618708744247206,PHCPI,,,,1963.7083333333237,30.7,BLS,,,
1963.791666666657,108.50587913285989,,,,,,1963.791666666657,15.618708744247206,PHCPI,,,,1963.791666666657,30.8,BLS,,,
1963.8749999999902,109.19626648683355,,,,,,1963.8749999999902,15.718085470085471,PHCPI,,,,1963.8749999999902,30.8,BLS,,,
1963.9583333333235,109.30164923827613,,,,,,1963.9583333333235,15.784336620644313,PHCPI,,,,1963.9583333333235,30.9,BLS,,,
1964.0416666666567,109.30164923827613,,,,,,1964.0416666666567,15.784336620644313,PHCPI,,,,1964.0416666666567,30.9,BLS,,,
1964.12499999999,109.64572578362221,,,,,,1964.12499999999,15.834024983563445,PHCPI,,,,1964.12499999999,30.9,BLS,,,
1964.2083333333233,109.64572578362221,,,,,,1964.2083333333233,15.834024983563445,PHCPI,,,,1964.2083333333233,30.9,BLS,,,
1964.2916666666565,109.30164923827613,,,,,,1964.2916666666565,15.784336620644313,PHCPI,,,,1964.2916666666565,30.9,BLS,,,
1964.3749999999898,108.842880511148,,,,,,1964.3749999999898,15.718085470085471,PHCPI,,,,1964.3749999999898,30.9,BLS,,,
1964.458333333323,108.83474106598929,,,,,,1964.458333333323,15.767773833004604,PHCPI,,,,1964.458333333323,31,BLS,,,
1964.5416666666563,108.71269935304815,,,,,,1964.5416666666563,15.800899408284025,PHCPI,,,,1964.5416666666563,31.1,BLS,,,
1964.6249999999895,109.40635210099973,,,,,,1964.6249999999895,15.850587771203157,PHCPI,,,,1964.6249999999895,31,BLS,,,
1964.7083333333228,109.39642702193521,,,,,,1964.7083333333228,15.900276134122286,PHCPI,,,,1964.7083333333228,31.1,BLS,,,
1964.791666666656,109.6243362448976,,,,,,1964.791666666656,15.93340170940171,PHCPI,,,,1964.791666666656,31.1,BLS,,,
1964.8749999999893,109.61374430985607,,,,,,1964.8749999999893,15.983090072320842,PHCPI,,,,1964.8749999999893,31.2,BLS,,,
1964.9583333333226,109.61374430985607,,,,,,1964.9583333333226,15.983090072320842,PHCPI,,,,1964.9583333333226,31.2,BLS,,,
1965.0416666666558,110.29528054390701,,,,,,1965.0416666666558,16.082466798159107,PHCPI,,,,1965.0416666666558,31.2,BLS,,,
1965.124999999989,110.29528054390701,,,,,,1965.124999999989,16.082466798159107,PHCPI,,,,1965.124999999989,31.2,BLS,,,
1965.2083333333223,109.60322005491065,,,,,,1965.2083333333223,16.032778435239972,PHCPI,,,,1965.2083333333223,31.3,BLS,,,
1965.2916666666556,109.02843346766161,,,,,,1965.2916666666556,15.999652859960552,PHCPI,,,,1965.2916666666556,31.4,BLS,,,
1965.3749999999889,108.91556759450668,,,,,,1965.3749999999889,15.983090072320842,PHCPI,,,,1965.3749999999889,31.4,BLS,,,
1965.4583333333221,108.22622855909839,,,,,,1965.4583333333221,15.983090072320842,PHCPI,,,,1965.4583333333221,31.6,BLS,,,
1965.5416666666554,108.4505316234696,,,,,,1965.5416666666554,16.016215647600266,PHCPI,,,,1965.5416666666554,31.6,BLS,,,
1965.6249999999886,108.4505316234696,,,,,,1965.6249999999886,16.016215647600266,PHCPI,,,,1965.6249999999886,31.6,BLS,,,
1965.708333333322,108.4505316234696,,,,,,1965.708333333322,16.016215647600266,PHCPI,,,,1965.708333333322,31.6,BLS,,,
1965.7916666666551,108.77920283293464,,,,,,1965.7916666666551,16.115592373438528,PHCPI,,,,1965.7916666666551,31.7,BLS,,,
1965.8749999999884,109.33819154225084,,,,,,1965.8749999999884,16.19840631163708,PHCPI,,,,1965.8749999999884,31.7,BLS,,,
1965.9583333333217,109.32869928114924,,,,,,1965.9583333333217,16.248094674556214,PHCPI,,,,1965.9583333333217,31.8,BLS,,,
1966.041666666655,109.66303781106103,,,,,,1966.041666666655,16.297783037475348,PHCPI,,,,1966.041666666655,31.8,BLS,,,
1966.1249999999882,108.75614454867534,,,,,,1966.1249999999882,16.264657462195924,PHCPI,,,,1966.1249999999882,32,BLS,,,
1966.2083333333214,108.41734036005018,,,,,,1966.2083333333214,16.264657462195924,PHCPI,,,,1966.2083333333214,32.1,BLS,,,
1966.2916666666547,107.85574656268346,,,,,,1966.2916666666547,16.281220249835634,PHCPI,,,,1966.2916666666547,32.3,BLS,,,
1966.374999999988,108.07518856993205,,,,,,1966.374999999988,16.314345825115055,PHCPI,,,,1966.374999999988,32.3,BLS,,,
1966.4583333333212,107.96038789021407,,,,,,1966.4583333333212,16.34747140039448,PHCPI,,,,1966.4583333333212,32.4,BLS,,,
1966.5416666666545,107.73724787876921,,,,,,1966.5416666666545,16.36403418803419,PHCPI,,,,1966.5416666666545,32.5,BLS,,,
1966.6249999999877,106.75316791464233,,,,,,1966.6249999999877,16.314345825115055,PHCPI,,,,1966.6249999999877,32.7,BLS,,,
1966.708333333321,106.75316791464233,,,,,,1966.708333333321,16.314345825115055,PHCPI,,,,1966.708333333321,32.7,BLS,,,
1966.7916666666542,106.53509253729679,,,,,,1966.7916666666542,16.3805969756739,PHCPI,,,,1966.7916666666542,32.9,BLS,,,
1966.8749999999875,106.53509253729679,,,,,,1966.8749999999875,16.3805969756739,PHCPI,,,,1966.8749999999875,32.9,BLS,,,
1966.9583333333208,106.96597258800375,,,,,,1966.9583333333208,16.44684812623274,PHCPI,,,,1966.9583333333208,32.9,BLS,,,
1967.041666666654,106.96597258800375,,,,,,1967.041666666654,16.44684812623274,PHCPI,,,,1967.041666666654,32.9,BLS,,,
1967.1249999999873,106.96597258800375,,,,,,1967.1249999999873,16.44684812623274,PHCPI,,,,1967.1249999999873,32.9,BLS,,,
1967.2083333333205,105.89007815835971,,,,,,1967.2083333333205,16.33090861275477,PHCPI,,,,1967.2083333333205,33,BLS,,,
1967.2916666666538,105.99844510254165,,,,,,1967.2916666666538,16.39715976331361,PHCPI,,,,1967.2916666666538,33.1,BLS,,,
1967.374999999987,106.3196525119433,,,,,,1967.374999999987,16.496536489151875,PHCPI,,,,1967.374999999987,33.2,BLS,,,
1967.4583333333203,106.21322643335279,,,,,,1967.4583333333203,16.529662064431296,PHCPI,,,,1967.4583333333203,33.3,BLS,,,
1967.5416666666536,105.89522276139664,,,,,,1967.5416666666536,16.529662064431296,PHCPI,,,,1967.5416666666536,33.4,BLS,,,
1967.6249999999868,106.21386181292645,,,,,,1967.6249999999868,16.62903879026956,PHCPI,,,,1967.6249999999868,33.5,BLS,,,
1967.70833333332,105.8977491289594,,,,,,1967.70833333332,16.62903879026956,PHCPI,,,,1967.70833333332,33.6,BLS,,,
1967.7916666666533,106.0041639288218,,,,,,1967.7916666666533,16.695289940828403,PHCPI,,,,1967.7916666666533,33.7,BLS,,,
1967.8749999999866,106.00509732699672,,,,,,1967.8749999999866,16.744978303747533,PHCPI,,,,1967.8749999999866,33.8,BLS,,,
1967.9583333333198,106.21511008076146,,,,,,1967.9583333333198,16.82779224194609,PHCPI,,,,1967.9583333333198,33.9,BLS,,,
1968.041666666653,105.48821827920084,,,,,,1968.041666666653,16.81122945430638,PHCPI,,,,1968.041666666653,34.1,BLS,,,
1968.1249999999864,105.69790015807227,,,,,,1968.1249999999864,16.89404339250493,PHCPI,,,,1968.1249999999864,34.2,BLS,,,
1968.2083333333196,105.1830964598234,,,,,,1968.2083333333196,16.86091781722551,PHCPI,,,,1968.2083333333196,34.3,BLS,,,
1968.2916666666529,104.87733164453321,,,,,,1968.2916666666529,16.86091781722551,PHCPI,,,,1968.2916666666529,34.4,BLS,,,
1968.3749999999861,104.26516647306518,,,,,,1968.3749999999861,16.81122945430638,PHCPI,,,,1968.3749999999861,34.5,BLS,,,
1968.4583333333194,104.48127235323534,,,,,,1968.4583333333194,16.943731755424064,PHCPI,,,,1968.4583333333194,34.7,BLS,,,
1968.5416666666526,104.28871359098929,,,,,,1968.5416666666526,17.00998290598291,PHCPI,,,,1968.5416666666526,34.9,BLS,,,
1968.624999999986,104.29451627362056,,,,,,1968.624999999986,17.059671268902036,PHCPI,,,,1968.624999999986,35,BLS,,,
1968.7083333333192,103.99738089962165,,,,,,1968.7083333333192,17.059671268902036,PHCPI,,,,1968.7083333333192,35.1,BLS,,,
1968.7916666666524,104.11093451830521,,,,,,1968.7916666666524,17.175610782380016,PHCPI,,,,1968.7916666666524,35.3,BLS,,,
1968.8749999999857,105.01818783900993,,,,,,1968.8749999999857,17.374364234056543,PHCPI,,,,1968.8749999999857,35.4,BLS,,,
1968.958333333319,105.62083789449392,,,,,,1968.958333333319,17.52342932281394,PHCPI,,,,1968.958333333319,35.5,BLS,,,
1969.0416666666522,105.82190132977128,,,,,,1969.0416666666522,17.60624326101249,PHCPI,,,,1969.0416666666522,35.6,BLS,,,
1969.1249999999854,105.72568797277044,,,,,,1969.1249999999854,17.689057199211046,PHCPI,,,,1969.1249999999854,35.8,BLS,,,
1969.2083333333187,105.73062396617078,,,,,,1969.2083333333187,17.838122287968446,PHCPI,,,,1969.2083333333187,36.1,BLS,,,
1969.291666666652,105.24571662798428,,,,,,1969.291666666652,17.854685075608153,PHCPI,,,,1969.291666666652,36.3,BLS,,,
1969.3749999999852,105.44339163959214,,,,,,1969.3749999999852,17.937499013806708,PHCPI,,,,1969.3749999999852,36.4,BLS,,,
1969.4583333333185,105.15768909651223,,,,,,1969.4583333333185,17.98718737672584,PHCPI,,,,1969.4583333333185,36.6,BLS,,,
1969.5416666666517,105.549220247364,,,,,,1969.5416666666517,18.152815253122945,PHCPI,,,,1969.5416666666517,36.8,BLS,,,
1969.624999999985,105.64916821682294,,,,,,1969.624999999985,18.26875476660092,PHCPI,,,,1969.624999999985,37,BLS,,,
1969.7083333333183,106.12860192342228,,,,,,1969.7083333333183,18.401257067718607,PHCPI,,,,1969.7083333333183,37.1,BLS,,,
1969.7916666666515,106.4146656062346,,,,,,1969.7916666666515,18.550322156476003,PHCPI,,,,1969.7916666666515,37.3,BLS,,,
1969.8749999999848,106.31965251194329,,,,,,1969.8749999999848,18.633136094674555,PHCPI,,,,1969.8749999999848,37.5,BLS,,,
1969.958333333318,106.41365750974344,,,,,,1969.958333333318,18.749075608152534,PHCPI,,,,1969.958333333318,37.7,BLS,,,
1970.0416666666513,107.16345927791112,,,,,,1970.0416666666513,18.93126627218935,PHCPI,,,,1970.0416666666513,37.8,BLS,,,
1970.1249999999845,107.34554389583047,,,,,,1970.1249999999845,19.063768573307033,PHCPI,,,,1970.1249999999845,38,BLS,,,
1970.2083333333178,107.34017273675254,,,,,,1970.2083333333178,19.163145299145302,PHCPI,,,,1970.2083333333178,38.2,BLS,,,
1970.291666666651,106.96401404231872,,,,,,1970.291666666651,19.245959237343854,PHCPI,,,,1970.291666666651,38.5,BLS,,,
1970.3749999999843,107.51322374048841,,,,,,1970.3749999999843,19.395024326101247,PHCPI,,,,1970.3749999999843,38.6,BLS,,,
1970.4583333333176,107.68975112678795,,,,,,1970.4583333333176,19.527526627218936,PHCPI,,,,1970.4583333333176,38.8,BLS,,,
1970.5416666666508,107.4101104864248,,,,,,1970.5416666666508,19.57721499013807,PHCPI,,,,1970.5416666666508,39,BLS,,,
1970.624999999984,108.4096969630328,,,,,,1970.624999999984,19.759405654174888,PHCPI,,,,1970.624999999984,39,BLS,,,
1970.7083333333173,108.94148067762896,,,,,,1970.7083333333173,19.958159105851415,PHCPI,,,,1970.7083333333173,39.2,BLS,,,
1970.7916666666506,108.92817190521431,,,,,,1970.7916666666506,20.057535831689677,PHCPI,,,,1970.7916666666506,39.4,BLS,,,
1970.8749999999839,109.00449222184083,,,,,,1970.8749999999839,20.173475345167653,PHCPI,,,,1970.8749999999839,39.6,BLS,,,
1970.9583333333171,109.08004550010935,,,,,,1970.9583333333171,20.289414858645628,PHCPI,,,,1970.9583333333171,39.8,BLS,,,
1971.0416666666504,109.34718030541575,,,,,,1971.0416666666504,20.339103221564763,PHCPI,,,,1971.0416666666504,39.8,BLS,,,
1971.1249999999836,108.80666192742734,,,,,,1971.1249999999836,20.289414858645628,PHCPI,,,,1971.1249999999836,39.9,BLS,,,
1971.208333333317,108.53464527260878,,,,,,1971.208333333317,20.289414858645628,PHCPI,,,,1971.208333333317,40,BLS,,,
1971.2916666666501,108.61750036340676,,,,,,1971.2916666666501,20.355666009204473,PHCPI,,,,1971.2916666666501,40.1,BLS,,,
1971.3749999999834,108.86991712968222,,,,,,1971.3749999999834,20.50473109796187,PHCPI,,,,1971.3749999999834,40.3,BLS,,,
1971.4583333333167,109.20023423024719,,,,,,1971.4583333333167,20.720047337278107,PHCPI,,,,1971.4583333333167,40.6,BLS,,,
1971.54166666665,109.10608075140456,,,,,,1971.54166666665,20.75317291255753,PHCPI,,,,1971.54166666665,40.7,BLS,,,
1971.6249999999832,109.18611373162807,,,,,,1971.6249999999832,20.819424063116372,PHCPI,,,,1971.6249999999832,40.8,BLS,,,
1971.7083333333164,109.44670111523575,,,,,,1971.7083333333164,20.869112426035503,PHCPI,,,,1971.7083333333164,40.8,BLS,,,
1971.7916666666497,109.52570560317552,,,,,,1971.7916666666497,20.935363576594348,PHCPI,,,,1971.7916666666497,40.9,BLS,,,
1971.874999999983,110.39220643864367,,,,,,1971.874999999983,21.100991452991455,PHCPI,,,,1971.874999999983,40.9,BLS,,,
1971.9583333333162,110.11370337206131,,,,,,1971.9583333333162,21.150679815910586,PHCPI,,,,1971.9583333333162,41.1,BLS,,,
1972.0416666666495,110.4586170866175,,,,,,1972.0416666666495,21.216930966469427,PHCPI,,,,1972.0416666666495,41.1,BLS,,,
1972.1249999999827,110.18114110196547,,,,,,1972.1249999999827,21.26661932938856,PHCPI,,,,1972.1249999999827,41.3,BLS,,,
1972.208333333316,109.82939949502678,,,,,,1972.208333333316,21.25005654174885,PHCPI,,,,1972.208333333316,41.4,BLS,,,
1972.2916666666492,109.73554496212621,,,,,,1972.2916666666492,21.28318211702827,PHCPI,,,,1972.2916666666492,41.5,BLS,,,
1972.3749999999825,109.81252571145426,,,,,,1972.3749999999825,21.349433267587116,PHCPI,,,,1972.3749999999825,41.6,BLS,,,
1972.4583333333157,110.22908817585167,,,,,,1972.4583333333157,21.4819355687048,PHCPI,,,,1972.4583333333157,41.7,BLS,,,
1972.541666666649,110.80250182231167,,,,,,1972.541666666649,21.69725180802104,PHCPI,,,,1972.541666666649,41.9,BLS,,,
1972.6249999999823,110.96058972476622,,,,,,1972.6249999999823,21.780065746219595,PHCPI,,,,1972.6249999999823,42,BLS,,,
1972.7083333333155,110.61284513119043,,,,,,1972.7083333333155,21.763502958579885,PHCPI,,,,1972.7083333333155,42.1,BLS,,,
1972.7916666666488,110.00607072354734,,,,,,1972.7916666666488,21.746940170940174,PHCPI,,,,1972.7916666666488,42.3,BLS,,,
1972.874999999982,109.83020707601692,,,,,,1972.874999999982,21.763502958579885,PHCPI,,,,1972.874999999982,42.4,BLS,,,
1972.9583333333153,109.65517102212195,,,,,,1972.9583333333153,21.780065746219595,PHCPI,,,,1972.9583333333153,42.5,BLS,,,
1973.0416666666486,109.14818786828609,,,,,,1973.0416666666486,21.73037738330046,PHCPI,,,,1973.0416666666486,42.6,BLS,,,
1973.1249999999818,108.38491382724911,,,,,,1973.1249999999818,21.73037738330046,PHCPI,,,,1973.1249999999818,42.9,BLS,,,
1973.208333333315,107.46551481769175,,,,,,1973.208333333315,21.746940170940174,PHCPI,,,,1973.208333333315,43.3,BLS,,,
1973.2916666666483,106.72607320197369,,,,,,1973.2916666666483,21.746940170940174,PHCPI,,,,1973.2916666666483,43.6,BLS,,,
1973.3749999999816,106.23892384640652,,,,,,1973.3749999999816,21.7966285338593,PHCPI,,,,1973.3749999999816,43.9,BLS,,,
1973.4583333333148,105.75838737801902,,,,,,1973.4583333333148,21.84631689677844,PHCPI,,,,1973.4583333333148,44.2,BLS,,,
1973.541666666648,105.4396553880672,,,,,,1973.541666666648,21.829754109138726,PHCPI,,,,1973.541666666648,44.3,BLS,,,
1973.6249999999814,104.5122969999147,,,,,,1973.6249999999814,22.028507560815253,PHCPI,,,,1973.6249999999814,45.1,BLS,,,
1973.7083333333146,104.67310922082913,,,,,,1973.7083333333146,22.11132149901381,PHCPI,,,,1973.7083333333146,45.2,BLS,,,
1973.7916666666479,104.53211449456413,,,,,,1973.7916666666479,22.276949375410915,PHCPI,,,,1973.7916666666479,45.6,BLS,,,
1973.8749999999811,104.31216451970616,,,,,,1973.8749999999811,22.376326101249177,PHCPI,,,,1973.8749999999811,45.9,BLS,,,
1973.9583333333144,104.3252001560194,,,,,,1973.9583333333144,22.525391190006577,PHCPI,,,,1973.9583333333144,46.2,BLS,,,
1974.0416666666476,104.26626866514613,,,,,,1974.0416666666476,22.707581854043394,PHCPI,,,,1974.0416666666476,46.6,BLS,,,
1974.124999999981,103.76677949965085,,,,,,1974.124999999981,22.889772518080207,PHCPI,,,,1974.124999999981,47.2,BLS,,,
1974.2083333333142,103.57639787948729,,,,,,1974.2083333333142,23.13821433267587,PHCPI,,,,1974.2083333333142,47.8,BLS,,,
1974.2916666666474,103.51399501510035,,,,,,1974.2916666666474,23.221028270874424,PHCPI,,,,1974.2916666666474,48,BLS,,,
1974.3749999999807,102.7464954659315,,,,,,1974.3749999999807,23.336967784352403,PHCPI,,,,1974.3749999999807,48.6,BLS,,,
1974.458333333314,102.48635891797527,,,,,,1974.458333333314,23.469470085470082,PHCPI,,,,1974.458333333314,49,BLS,,,
1974.5416666666472,102.15869445142191,,,,,,1974.5416666666472,23.58540959894806,PHCPI,,,,1974.5416666666472,49.4,BLS,,,
1974.6249999999804,101.85422710644168,,,,,,1974.6249999999804,23.8007258382643,PHCPI,,,,1974.6249999999804,50,BLS,,,
1974.7083333333137,101.62701962768757,,,,,,1974.7083333333137,24.03260486522025,PHCPI,,,,1974.7083333333137,50.6,BLS,,,
1974.791666666647,101.46487385842991,,,,,,1974.791666666647,24.23135831689678,PHCPI,,,,1974.791666666647,51.1,BLS,,,
1974.8749999999802,101.43376556802876,,,,,,1974.8749999999802,24.413548980933598,PHCPI,,,,1974.8749999999802,51.5,BLS,,,
1974.9583333333135,102.22255607603026,,,,,,1974.9583333333135,24.794493096646942,PHCPI,,,,1974.9583333333135,51.9,BLS,,,
1975.0416666666467,103.77482391613171,,,,,,1975.0416666666467,25.268,S&P/CoreLogic/Case-Shiller,,,,1975.0416666666467,52.1,BLS,,,
1975.12499999998,103.15126127042295,,,,,,1975.12499999998,25.309,S&P/CoreLogic/Case-Shiller,,,,1975.12499999998,52.5,BLS,,,
1975.2083333333132,103.00340784217612,,,,,,1975.2083333333132,25.369,S&P/CoreLogic/Case-Shiller,,,,1975.2083333333132,52.7,BLS,,,
1975.2916666666465,102.76364068387636,,,,,,1975.2916666666465,25.406,S&P/CoreLogic/Case-Shiller,,,,1975.2916666666465,52.9,BLS,,,
1975.3749999999798,102.48580005467866,,,,,,1975.3749999999798,25.481,S&P/CoreLogic/Case-Shiller,,,,1975.3749999999798,53.2,BLS,,,
1975.458333333313,101.66908422852086,,,,,,1975.458333333313,25.468,S&P/CoreLogic/Case-Shiller,,,,1975.458333333313,53.6,BLS,,,
1975.5416666666463,101.1160330516043,,,,,,1975.5416666666463,25.613,S&P/CoreLogic/Case-Shiller,,,,1975.5416666666463,54.2,BLS,,,
1975.6249999999795,101.54060400692639,,,,,,1975.6249999999795,25.768,S&P/CoreLogic/Case-Shiller,,,,1975.6249999999795,54.3,BLS,,,
1975.7083333333128,101.98593170343352,,,,,,1975.7083333333128,26.024,S&P/CoreLogic/Case-Shiller,,,,1975.7083333333128,54.6,BLS,,,
1975.791666666646,102.14187467382833,,,,,,1975.791666666646,26.207,S&P/CoreLogic/Case-Shiller,,,,1975.791666666646,54.9,BLS,,,
1975.8749999999793,102.09179210602935,,,,,,1975.8749999999793,26.385,S&P/CoreLogic/Case-Shiller,,,,1975.8749999999793,55.3,BLS,,,
1975.9583333333126,102.06702153871254,,,,,,1975.9583333333126,26.474,S&P/CoreLogic/Case-Shiller,,,,1975.9583333333126,55.5,BLS,,,
1976.0416666666458,102.36065360327096,,,,,,1976.0416666666458,26.598,S&P/CoreLogic/Case-Shiller,,,,1976.0416666666458,55.6,BLS,,,
1976.124999999979,102.24685581695144,,,,,,1976.124999999979,26.664,S&P/CoreLogic/Case-Shiller,,,,1976.124999999979,55.8,BLS,,,
1976.2083333333123,102.92902396644935,,,,,,1976.2083333333123,26.89,S&P/CoreLogic/Case-Shiller,,,,1976.2083333333123,55.9,BLS,,,
1976.2916666666456,103.53849399564861,,,,,,1976.2916666666456,27.146,S&P/CoreLogic/Case-Shiller,,,,1976.2916666666456,56.1,BLS,,,
1976.3749999999789,103.96055328847304,,,,,,1976.3749999999789,27.451,S&P/CoreLogic/Case-Shiller,,,,1976.3749999999789,56.5,BLS,,,
1976.458333333312,103.70530194295506,,,,,,1976.458333333312,27.529,S&P/CoreLogic/Case-Shiller,,,,1976.458333333312,56.8,BLS,,,
1976.5416666666454,104.03731732124704,,,,,,1976.5416666666454,27.763,S&P/CoreLogic/Case-Shiller,,,,1976.5416666666454,57.1,BLS,,,
1976.6249999999786,104.17947457442513,,,,,,1976.6249999999786,27.947,S&P/CoreLogic/Case-Shiller,,,,1976.6249999999786,57.4,BLS,,,
1976.7083333333119,104.56441670370398,,,,,,1976.7083333333119,28.148,S&P/CoreLogic/Case-Shiller,,,,1976.7083333333119,57.6,BLS,,,
1976.7916666666451,104.35892815120305,,,,,,1976.7916666666451,28.239,S&P/CoreLogic/Case-Shiller,,,,1976.7916666666451,57.9,BLS,,,
1976.8749999999784,104.78033671859542,,,,,,1976.8749999999784,28.402,S&P/CoreLogic/Case-Shiller,,,,1976.8749999999784,58,BLS,,,
1976.9583333333117,105.29159995173826,,,,,,1976.9583333333117,28.639,S&P/CoreLogic/Case-Shiller,,,,1976.9583333333117,58.2,BLS,,,
1977.041666666645,105.63679605844884,,,,,,1977.041666666645,28.881,S&P/CoreLogic/Case-Shiller,,,,1977.041666666645,58.5,BLS,,,
1977.1249999999782,105.79893981410126,,,,,,1977.1249999999782,29.222,S&P/CoreLogic/Case-Shiller,,,,1977.1249999999782,59.1,BLS,,,
1977.2083333333114,106.58369894687993,,,,,,1977.2083333333114,29.638,S&P/CoreLogic/Case-Shiller,,,,1977.2083333333114,59.5,BLS,,,
1977.2916666666447,107.56419849198646,,,,,,1977.2916666666447,30.162,S&P/CoreLogic/Case-Shiller,,,,1977.2916666666447,60,BLS,,,
1977.374999999978,108.34553683923802,,,,,,1977.374999999978,30.533,S&P/CoreLogic/Case-Shiller,,,,1977.374999999978,60.3,BLS,,,
1977.4583333333112,108.43528340083793,,,,,,1977.4583333333112,30.761,S&P/CoreLogic/Case-Shiller,,,,1977.4583333333112,60.7,BLS,,,
1977.5416666666445,109.01044512209356,,,,,,1977.5416666666445,31.077,S&P/CoreLogic/Case-Shiller,,,,1977.5416666666445,61,BLS,,,
1977.6249999999777,109.75553316211538,,,,,,1977.6249999999777,31.392,S&P/CoreLogic/Case-Shiller,,,,1977.6249999999777,61.2,BLS,,,
1977.708333333311,110.84077244236565,,,,,,1977.708333333311,31.806,S&P/CoreLogic/Case-Shiller,,,,1977.708333333311,61.4,BLS,,,
1977.7916666666442,111.88422884691765,,,,,,1977.7916666666442,32.21,S&P/CoreLogic/Case-Shiller,,,,1977.7916666666442,61.6,BLS,,,
1977.8749999999775,112.49307733472575,,,,,,1977.8749999999775,32.543,S&P/CoreLogic/Case-Shiller,,,,1977.8749999999775,61.9,BLS,,,
1977.9583333333107,113.14034717142142,,,,,,1977.9583333333107,32.836,S&P/CoreLogic/Case-Shiller,,,,1977.9583333333107,62.1,BLS,,,
1978.041666666644,113.54260252195681,,,,,,1978.041666666644,33.165,S&P/CoreLogic/Case-Shiller,,,,1978.041666666644,62.5,BLS,,,
1978.1249999999773,114.08261716230788,,,,,,1978.1249999999773,33.536,S&P/CoreLogic/Case-Shiller,,,,1978.1249999999773,62.9,BLS,,,
1978.2083333333105,114.75902182859295,,,,,,1978.2083333333105,34.003,S&P/CoreLogic/Case-Shiller,,,,1978.2083333333105,63.4,BLS,,,
1978.2916666666438,115.35117282642274,,,,,,1978.2916666666438,34.448,S&P/CoreLogic/Case-Shiller,,,,1978.2916666666438,63.9,BLS,,,
1978.374999999977,115.85059098656868,,,,,,1978.374999999977,34.922,S&P/CoreLogic/Case-Shiller,,,,1978.374999999977,64.5,BLS,,,
1978.4583333333103,116.32973794105219,,,,,,1978.4583333333103,35.447,S&P/CoreLogic/Case-Shiller,,,,1978.4583333333103,65.2,BLS,,,
1978.5416666666436,117.06958009679072,,,,,,1978.5416666666436,35.946,S&P/CoreLogic/Case-Shiller,,,,1978.5416666666436,65.7,BLS,,,
1978.6249999999768,118.07740242920467,,,,,,1978.6249999999768,36.421,S&P/CoreLogic/Case-Shiller,,,,1978.6249999999768,66,BLS,,,
1978.70833333331,118.42517549585804,,,,,,1978.70833333331,36.805,S&P/CoreLogic/Case-Shiller,,,,1978.70833333331,66.5,BLS,,,
1978.7916666666433,118.51103512733725,,,,,,1978.7916666666433,37.164,S&P/CoreLogic/Case-Shiller,,,,1978.7916666666433,67.1,BLS,,,
1978.8749999999766,119.22800965483843,,,,,,1978.8749999999766,37.556,S&P/CoreLogic/Case-Shiller,,,,1978.8749999999766,67.4,BLS,,,
1978.9583333333098,120.09982074631534,,,,,,1978.9583333333098,37.999,S&P/CoreLogic/Case-Shiller,,,,1978.9583333333098,67.7,BLS,,,
1979.041666666643,120.62058938360852,,,,,,1979.041666666643,38.502,S&P/CoreLogic/Case-Shiller,,,,1979.041666666643,68.3,BLS,,,
1979.1249999999764,120.71666010811084,,,,,,1979.1249999999764,38.984,S&P/CoreLogic/Case-Shiller,,,,1979.1249999999764,69.1,BLS,,,
1979.2083333333096,121.10010234782128,,,,,,1979.2083333333096,39.504,S&P/CoreLogic/Case-Shiller,,,,1979.2083333333096,69.8,BLS,,,
1979.2916666666429,121.28568323834055,,,,,,1979.2916666666429,40.018,S&P/CoreLogic/Case-Shiller,,,,1979.2916666666429,70.6,BLS,,,
1979.3749999999761,121.3211624184684,,,,,,1979.3749999999761,40.54,S&P/CoreLogic/Case-Shiller,,,,1979.3749999999761,71.5,BLS,,,
1979.4583333333094,121.49993368837356,,,,,,1979.4583333333094,41.054,S&P/CoreLogic/Case-Shiller,,,,1979.4583333333094,72.3,BLS,,,
1979.5416666666426,121.51380008958013,,,,,,1979.5416666666426,41.513,S&P/CoreLogic/Case-Shiller,,,,1979.5416666666426,73.1,BLS,,,
1979.624999999976,121.57026427936815,,,,,,1979.624999999976,41.93,S&P/CoreLogic/Case-Shiller,,,,1979.624999999976,73.8,BLS,,,
1979.7083333333092,121.28192929854804,,,,,,1979.7083333333092,42.284,S&P/CoreLogic/Case-Shiller,,,,1979.7083333333092,74.6,BLS,,,
1979.7916666666424,121.37558289155224,,,,,,1979.7916666666424,42.657,S&P/CoreLogic/Case-Shiller,,,,1979.7916666666424,75.2,BLS,,,
1979.8749999999757,121.11601556110107,,,,,,1979.8749999999757,42.962,S&P/CoreLogic/Case-Shiller,,,,1979.8749999999757,75.9,BLS,,,
1979.958333333309,120.57528778811228,,,,,,1979.958333333309,43.221,S&P/CoreLogic/Case-Shiller,,,,1979.958333333309,76.7,BLS,,,
1980.0416666666422,119.47831097392528,,,,,,1980.0416666666422,43.442,S&P/CoreLogic/Case-Shiller,,,,1980.0416666666422,77.8,BLS,,,
1980.1249999999754,118.49870403515182,,,,,,1980.1249999999754,43.695,S&P/CoreLogic/Case-Shiller,,,,1980.1249999999754,78.9,BLS,,,
1980.2083333333087,117.7198458944635,,,,,,1980.2083333333087,44.068,S&P/CoreLogic/Case-Shiller,,,,1980.2083333333087,80.1,BLS,,,
1980.291666666642,117.50548709365822,,,,,,1980.291666666642,44.482,S&P/CoreLogic/Case-Shiller,,,,1980.291666666642,81,BLS,,,
1980.3749999999752,117.18026811320377,,,,,,1980.3749999999752,44.797,S&P/CoreLogic/Case-Shiller,,,,1980.3749999999752,81.8,BLS,,,
1980.4583333333085,116.60878563701206,,,,,,1980.4583333333085,45.069,S&P/CoreLogic/Case-Shiller,,,,1980.4583333333085,82.7,BLS,,,
1980.5416666666417,117.4186227735002,,,,,,1980.5416666666417,45.382,S&P/CoreLogic/Case-Shiller,,,,1980.5416666666417,82.7,BLS,,,
1980.624999999975,117.25614533290218,,,,,,1980.624999999975,45.648,S&P/CoreLogic/Case-Shiller,,,,1980.624999999975,83.3,BLS,,,
1980.7083333333082,116.83686881866356,,,,,,1980.7083333333082,45.867,S&P/CoreLogic/Case-Shiller,,,,1980.7083333333082,84,BLS,,,
1980.7916666666415,116.19639185558307,,,,,,1980.7916666666415,46.05,S&P/CoreLogic/Case-Shiller,,,,1980.7916666666415,84.8,BLS,,,
1980.8749999999748,115.70305354314792,,,,,,1980.8749999999748,46.233,S&P/CoreLogic/Case-Shiller,,,,1980.8749999999748,85.5,BLS,,,
1980.958333333308,115.08917812759019,,,,,,1980.958333333308,46.418,S&P/CoreLogic/Case-Shiller,,,,1980.958333333308,86.3,BLS,,,
1981.0416666666413,114.52471373615464,,,,,,1981.0416666666413,46.565,S&P/CoreLogic/Case-Shiller,,,,1981.0416666666413,87,BLS,,,
1981.1249999999745,113.81461836442314,,,,,,1981.1249999999745,46.755,S&P/CoreLogic/Case-Shiller,,,,1981.1249999999745,87.9,BLS,,,
1981.2083333333078,113.71513482951607,,,,,,1981.2083333333078,47.033,S&P/CoreLogic/Case-Shiller,,,,1981.2083333333078,88.5,BLS,,,
1981.291666666641,113.95320002945373,,,,,,1981.291666666641,47.451,S&P/CoreLogic/Case-Shiller,,,,1981.291666666641,89.1,BLS,,,
1981.3749999999743,113.84885546660756,,,,,,1981.3749999999743,47.78,S&P/CoreLogic/Case-Shiller,,,,1981.3749999999743,89.8,BLS,,,
1981.4583333333076,113.57334282910115,,,,,,1981.4583333333076,48.089,S&P/CoreLogic/Case-Shiller,,,,1981.4583333333076,90.6,BLS,,,
1981.5416666666408,112.91277456553712,,,,,,1981.5416666666408,48.337,S&P/CoreLogic/Case-Shiller,,,,1981.5416666666408,91.6,BLS,,,
1981.624999999974,112.63136988179674,,,,,,1981.624999999974,48.585,S&P/CoreLogic/Case-Shiller,,,,1981.624999999974,92.3,BLS,,,
1981.7083333333073,111.7526499775874,,,,,,1981.7083333333073,48.676,S&P/CoreLogic/Case-Shiller,,,,1981.7083333333073,93.2,BLS,,,
1981.7916666666406,111.65997051679855,,,,,,1981.7916666666406,48.74,S&P/CoreLogic/Case-Shiller,,,,1981.7916666666406,93.4,BLS,,,
1981.8749999999739,111.309318731038,,,,,,1981.8749999999739,48.743,S&P/CoreLogic/Case-Shiller,,,,1981.8749999999739,93.7,BLS,,,
1981.958333333307,111.04512854065864,,,,,,1981.958333333307,48.783,S&P/CoreLogic/Case-Shiller,,,,1981.958333333307,94,BLS,,,
1982.0416666666404,110.76673584245944,,,,,,1982.0416666666404,48.816,S&P/CoreLogic/Case-Shiller,,,,1982.0416666666404,94.3,BLS,,,
1982.1249999999736,110.5941548884581,,,,,,1982.1249999999736,48.895,S&P/CoreLogic/Case-Shiller,,,,1982.1249999999736,94.6,BLS,,,
1982.2083333333069,110.64778634964634,,,,,,1982.2083333333069,48.867,S&P/CoreLogic/Case-Shiller,,,,1982.2083333333069,94.5,BLS,,,
1982.2916666666401,110.32345738099399,,,,,,1982.2916666666401,48.93,S&P/CoreLogic/Case-Shiller,,,,1982.2916666666401,94.9,BLS,,,
1982.3749999999734,109.4277286103453,,,,,,1982.3749999999734,48.993,S&P/CoreLogic/Case-Shiller,,,,1982.3749999999734,95.8,BLS,,,
1982.4583333333067,108.06736579424545,,,,,,1982.4583333333067,48.99,S&P/CoreLogic/Case-Shiller,,,,1982.4583333333067,97,BLS,,,
1982.54166666664,107.48464444904225,,,,,,1982.54166666664,48.977,S&P/CoreLogic/Case-Shiller,,,,1982.54166666664,97.5,BLS,,,
1982.6249999999732,107.21862233343604,,,,,,1982.6249999999732,48.956,S&P/CoreLogic/Case-Shiller,,,,1982.6249999999732,97.7,BLS,,,
1982.7083333333064,107.03674098068697,,,,,,1982.7083333333064,48.973,S&P/CoreLogic/Case-Shiller,,,,1982.7083333333064,97.9,BLS,,,
1982.7916666666397,106.70756587643751,,,,,,1982.7916666666397,48.972,S&P/CoreLogic/Case-Shiller,,,,1982.7916666666397,98.2,BLS,,,
1982.874999999973,106.93188661117794,,,,,,1982.874999999973,48.975,S&P/CoreLogic/Case-Shiller,,,,1982.874999999973,98,BLS,,,
1982.9583333333062,107.55209674356571,,,,,,1982.9583333333062,49.058,S&P/CoreLogic/Case-Shiller,,,,1982.9583333333062,97.6,BLS,,,
1983.0416666666395,107.69315110206618,,,,,,1983.0416666666395,49.223,S&P/CoreLogic/Case-Shiller,,,,1983.0416666666395,97.8,BLS,,,
1983.1249999999727,108.14266855172053,,,,,,1983.1249999999727,49.479,S&P/CoreLogic/Case-Shiller,,,,1983.1249999999727,97.9,BLS,,,
1983.208333333306,108.59290783953263,,,,,,1983.208333333306,49.685,S&P/CoreLogic/Case-Shiller,,,,1983.208333333306,97.9,BLS,,,
1983.2916666666392,108.37751268683179,,,,,,1983.2916666666392,49.941,S&P/CoreLogic/Case-Shiller,,,,1983.2916666666392,98.6,BLS,,,
1983.3749999999725,108.26340685118474,,,,,,1983.3749999999725,50.192,S&P/CoreLogic/Case-Shiller,,,,1983.3749999999725,99.2,BLS,,,
1983.4583333333057,108.46600305163798,,,,,,1983.4583333333057,50.438,S&P/CoreLogic/Case-Shiller,,,,1983.4583333333057,99.5,BLS,,,
1983.541666666639,108.64856367615884,,,,,,1983.541666666639,50.726,S&P/CoreLogic/Case-Shiller,,,,1983.541666666639,99.9,BLS,,,
1983.6249999999723,108.80374674095616,,,,,,1983.6249999999723,50.951,S&P/CoreLogic/Case-Shiller,,,,1983.6249999999723,100.2,BLS,,,
1983.7083333333055,108.55249000699327,,,,,,1983.7083333333055,51.087,S&P/CoreLogic/Case-Shiller,,,,1983.7083333333055,100.7,BLS,,,
1983.7916666666388,108.4355556354859,,,,,,1983.7916666666388,51.184,S&P/CoreLogic/Case-Shiller,,,,1983.7916666666388,101,BLS,,,
1983.874999999972,108.36926111858165,,,,,,1983.874999999972,51.254,S&P/CoreLogic/Case-Shiller,,,,1983.874999999972,101.2,BLS,,,
1983.9583333333053,108.54532674802266,,,,,,1983.9583333333053,51.388,S&P/CoreLogic/Case-Shiller,,,,1983.9583333333053,101.3,BLS,,,
1984.0416666666385,108.22327295369459,,,,,,1984.0416666666385,51.539,S&P/CoreLogic/Case-Shiller,,,,1984.0416666666385,101.9,BLS,,,
1984.1249999999718,108.04170920443974,,,,,,1984.1249999999718,51.705,S&P/CoreLogic/Case-Shiller,,,,1984.1249999999718,102.4,BLS,,,
1984.208333333305,108.32119555712556,,,,,,1984.208333333305,51.94,S&P/CoreLogic/Case-Shiller,,,,1984.208333333305,102.6,BLS,,,
1984.2916666666383,108.39981368186854,,,,,,1984.2916666666383,52.231,S&P/CoreLogic/Case-Shiller,,,,1984.2916666666383,103.1,BLS,,,
1984.3749999999716,108.76819982418536,,,,,,1984.3749999999716,52.561,S&P/CoreLogic/Case-Shiller,,,,1984.3749999999716,103.4,BLS,,,
1984.4583333333048,109.07874313960872,,,,,,1984.4583333333048,52.864,S&P/CoreLogic/Case-Shiller,,,,1984.4583333333048,103.7,BLS,,,
1984.541666666638,109.25980560000077,,,,,,1984.541666666638,53.156,S&P/CoreLogic/Case-Shiller,,,,1984.541666666638,104.1,BLS,,,
1984.6249999999714,109.36372118132397,,,,,,1984.6249999999714,53.411,S&P/CoreLogic/Case-Shiller,,,,1984.6249999999714,104.5,BLS,,,
1984.7083333333046,109.16288205251128,,,,,,1984.7083333333046,53.568,S&P/CoreLogic/Case-Shiller,,,,1984.7083333333046,105,BLS,,,
1984.7916666666379,109.05304783361561,,,,,,1984.7916666666379,53.667,S&P/CoreLogic/Case-Shiller,,,,1984.7916666666379,105.3,BLS,,,
1984.8749999999711,109.06930408760162,,,,,,1984.8749999999711,53.675,S&P/CoreLogic/Case-Shiller,,,,1984.8749999999711,105.3,BLS,,,
1984.9583333333044,109.30705180214751,,,,,,1984.9583333333044,53.792,S&P/CoreLogic/Case-Shiller,,,,1984.9583333333044,105.3,BLS,,,
1985.0416666666376,109.47707603963138,,,,,,1985.0416666666376,53.978,S&P/CoreLogic/Case-Shiller,,,,1985.0416666666376,105.5,BLS,,,
1985.124999999971,109.4552348418724,,,,,,1985.124999999971,54.223,S&P/CoreLogic/Case-Shiller,,,,1985.124999999971,106,BLS,,,
1985.2083333333042,109.66515538208344,,,,,,1985.2083333333042,54.532,S&P/CoreLogic/Case-Shiller,,,,1985.2083333333042,106.4,BLS,,,
1985.2916666666374,109.8908189771222,,,,,,1985.2916666666374,54.901,S&P/CoreLogic/Case-Shiller,,,,1985.2916666666374,106.9,BLS,,,
1985.3749999999707,110.3167121324288,,,,,,1985.3749999999707,55.32,S&P/CoreLogic/Case-Shiller,,,,1985.3749999999707,107.3,BLS,,,
1985.458333333304,110.80258751025123,,,,,,1985.458333333304,55.719,S&P/CoreLogic/Case-Shiller,,,,1985.458333333304,107.6,BLS,,,
1985.5416666666372,111.38899462334369,,,,,,1985.5416666666372,56.118,S&P/CoreLogic/Case-Shiller,,,,1985.5416666666372,107.8,BLS,,,
1985.6249999999704,111.9514363177395,,,,,,1985.6249999999704,56.506,S&P/CoreLogic/Case-Shiller,,,,1985.6249999999704,108,BLS,,,
1985.7083333333037,112.36246765045416,,,,,,1985.7083333333037,56.871,S&P/CoreLogic/Case-Shiller,,,,1985.7083333333037,108.3,BLS,,,
1985.791666666637,112.5808699289465,,,,,,1985.791666666637,57.192,S&P/CoreLogic/Case-Shiller,,,,1985.791666666637,108.7,BLS,,,
1985.8749999999702,112.88348733505471,,,,,,1985.8749999999702,57.504,S&P/CoreLogic/Case-Shiller,,,,1985.8749999999702,109,BLS,,,
1985.9583333333035,113.17465519716364,,,,,,1985.9583333333035,57.811,S&P/CoreLogic/Case-Shiller,,,,1985.9583333333035,109.3,BLS,,,
1986.0416666666367,113.54427369749774,,,,,,1986.0416666666367,58.159,S&P/CoreLogic/Case-Shiller,,,,1986.0416666666367,109.6,BLS,,,
1986.12499999997,114.52936038123654,,,,,,1986.12499999997,58.503,S&P/CoreLogic/Case-Shiller,,,,1986.12499999997,109.3,BLS,,,
1986.2083333333032,115.92298858062874,,,,,,1986.2083333333032,58.944,S&P/CoreLogic/Case-Shiller,,,,1986.2083333333032,108.8,BLS,,,
1986.2916666666365,117.20633946290032,,,,,,1986.2916666666365,59.487,S&P/CoreLogic/Case-Shiller,,,,1986.2916666666365,108.6,BLS,,,
1986.3749999999698,117.99360127197012,,,,,,1986.3749999999698,60.052,S&P/CoreLogic/Case-Shiller,,,,1986.3749999999698,108.9,BLS,,,
1986.458333333303,118.51560729211077,,,,,,1986.458333333303,60.65,S&P/CoreLogic/Case-Shiller,,,,1986.458333333303,109.5,BLS,,,
1986.5416666666363,119.69392404721619,,,,,,1986.5416666666363,61.253,S&P/CoreLogic/Case-Shiller,,,,1986.5416666666363,109.5,BLS,,,
1986.6249999999695,120.51143405607695,,,,,,1986.6249999999695,61.784,S&P/CoreLogic/Case-Shiller,,,,1986.6249999999695,109.7,BLS,,,
1986.7083333333028,120.85587928158387,,,,,,1986.7083333333028,62.243,S&P/CoreLogic/Case-Shiller,,,,1986.7083333333028,110.2,BLS,,,
1986.791666666636,121.42334047116407,,,,,,1986.791666666636,62.592,S&P/CoreLogic/Case-Shiller,,,,1986.791666666636,110.3,BLS,,,
1986.8749999999693,121.91806170483585,,,,,,1986.8749999999693,62.904,S&P/CoreLogic/Case-Shiller,,,,1986.8749999999693,110.4,BLS,,,
1986.9583333333026,122.70622133763105,,,,,,1986.9583333333026,63.368,S&P/CoreLogic/Case-Shiller,,,,1986.9583333333026,110.5,BLS,,,
1987.0416666666358,122.63805355197516,,,,,,1987.0416666666358,63.733999999999995,S&P/CoreLogic/Case-Shiller,,,,1987.0416666666358,111.2,BLS,,,
1987.124999999969,122.96541874745655,,,,,,1987.124999999969,64.134,S&P/CoreLogic/Case-Shiller,,,,1987.124999999969,111.6,BLS,,,
1987.2083333333023,123.05639311464522,,,,,,1987.2083333333023,64.469,S&P/CoreLogic/Case-Shiller,,,,1987.2083333333023,112.1,BLS,,,
1987.2916666666356,123.35815467142622,,,,,,1987.2916666666356,64.973,S&P/CoreLogic/Case-Shiller,,,,1987.2916666666356,112.7,BLS,,,
1987.3749999999688,124.00782051993042,,,,,,1987.3749999999688,65.547,S&P/CoreLogic/Case-Shiller,,,,1987.3749999999688,113.1,BLS,,,
1987.458333333302,124.83577397020599,,,,,,1987.458333333302,66.218,S&P/CoreLogic/Case-Shiller,,,,1987.458333333302,113.5,BLS,,,
1987.5416666666354,125.5746658813201,,,,,,1987.5416666666354,66.786,S&P/CoreLogic/Case-Shiller,,,,1987.5416666666354,113.8,BLS,,,
1987.6249999999686,125.81945724481916,,,,,,1987.6249999999686,67.26899999999999,S&P/CoreLogic/Case-Shiller,,,,1987.6249999999686,114.4,BLS,,,
1987.7083333333019,125.8216724405359,,,,,,1987.7083333333019,67.623,S&P/CoreLogic/Case-Shiller,,,,1987.7083333333019,115,BLS,,,
1987.7916666666351,126.01020649471816,,,,,,1987.7916666666351,67.90100000000001,S&P/CoreLogic/Case-Shiller,,,,1987.7916666666351,115.3,BLS,,,
1987.8749999999684,126.25330734859918,,,,,,1987.8749999999684,68.09100000000001,S&P/CoreLogic/Case-Shiller,,,,1987.8749999999684,115.4,BLS,,,
1987.9583333333017,126.72056195569624,,,,,,1987.9583333333017,68.343,S&P/CoreLogic/Case-Shiller,,,,1987.9583333333017,115.4,BLS,,,
1988.041666666635,126.83213837634462,,,,,,1988.041666666635,68.581,S&P/CoreLogic/Case-Shiller,,,,1988.041666666635,115.7,BLS,,,
1988.1249999999682,127.11837413959026,,,,,,1988.1249999999682,68.914,S&P/CoreLogic/Case-Shiller,,,,1988.1249999999682,116,BLS,,,
1988.2083333333014,127.32400286623867,,,,,,1988.2083333333014,69.32300000000001,S&P/CoreLogic/Case-Shiller,,,,1988.2083333333014,116.5,BLS,,,
1988.2916666666347,127.52129592189794,,,,,,1988.2916666666347,69.788,S&P/CoreLogic/Case-Shiller,,,,1988.2916666666347,117.1,BLS,,,
1988.374999999968,128.21622959294334,,,,,,1988.374999999968,70.408,S&P/CoreLogic/Case-Shiller,,,,1988.374999999968,117.5,BLS,,,
1988.4583333333012,128.86792497176265,,,,,,1988.4583333333012,71.067,S&P/CoreLogic/Case-Shiller,,,,1988.4583333333012,118,BLS,,,
1988.5416666666345,129.44189365773417,,,,,,1988.5416666666345,71.686,S&P/CoreLogic/Case-Shiller,,,,1988.5416666666345,118.5,BLS,,,
1988.6249999999677,129.79526804238694,,,,,,1988.6249999999677,72.185,S&P/CoreLogic/Case-Shiller,,,,1988.6249999999677,119,BLS,,,
1988.708333333301,129.62330861357725,,,,,,1988.708333333301,72.574,S&P/CoreLogic/Case-Shiller,,,,1988.708333333301,119.8,BLS,,,
1988.7916666666342,129.6334248069317,,,,,,1988.7916666666342,72.822,S&P/CoreLogic/Case-Shiller,,,,1988.7916666666342,120.2,BLS,,,
1988.8749999999675,129.95610236094163,,,,,,1988.8749999999675,73.064,S&P/CoreLogic/Case-Shiller,,,,1988.8749999999675,120.3,BLS,,,
1988.9583333333007,130.1186336174251,,,,,,1988.9583333333007,73.277,S&P/CoreLogic/Case-Shiller,,,,1988.9583333333007,120.5,BLS,,,
1989.041666666634,130.0729329364795,,,,,,1989.041666666634,73.616,S&P/CoreLogic/Case-Shiller,,,,1989.041666666634,121.1,BLS,,,
1989.1249999999673,130.15572928974265,,,,,,1989.1249999999673,73.967,S&P/CoreLogic/Case-Shiller,,,,1989.1249999999673,121.6,BLS,,,
1989.2083333333005,130.18407786164394,,,,,,1989.2083333333005,74.40899999999999,S&P/CoreLogic/Case-Shiller,,,,1989.2083333333005,122.3,BLS,,,
1989.2916666666338,130.13413753383315,,,,,,1989.2916666666338,74.867,S&P/CoreLogic/Case-Shiller,,,,1989.2916666666338,123.1,BLS,,,
1989.374999999967,130.13806744796386,,,,,,1989.374999999967,75.295,S&P/CoreLogic/Case-Shiller,,,,1989.374999999967,123.8,BLS,,,
1989.4583333333003,130.51487429683746,,,,,,1989.4583333333003,75.696,S&P/CoreLogic/Case-Shiller,,,,1989.4583333333003,124.1,BLS,,,
1989.5416666666335,130.79354152414805,,,,,,1989.5416666666335,76.041,S&P/CoreLogic/Case-Shiller,,,,1989.5416666666335,124.4,BLS,,,
1989.6249999999668,130.9802914563251,,,,,,1989.6249999999668,76.27199999999999,S&P/CoreLogic/Case-Shiller,,,,1989.6249999999668,124.6,BLS,,,
1989.7083333333,130.81621027182968,,,,,,1989.7083333333,76.421,S&P/CoreLogic/Case-Shiller,,,,1989.7083333333,125,BLS,,,
1989.7916666666333,130.305433687626,,,,,,1989.7916666666333,76.488,S&P/CoreLogic/Case-Shiller,,,,1989.7916666666333,125.6,BLS,,,
1989.8749999999666,130.05102127313612,,,,,,1989.8749999999666,76.521,S&P/CoreLogic/Case-Shiller,,,,1989.8749999999666,125.9,BLS,,,
1989.9583333332998,129.80572720536668,,,,,,1989.9583333332998,76.498,S&P/CoreLogic/Case-Shiller,,,,1989.9583333332998,126.1,BLS,,,
1990.041666666633,128.5298855254818,,,,,,1990.041666666633,76.527,S&P/CoreLogic/Case-Shiller,,,,1990.041666666633,127.4,BLS,,,
1990.1249999999663,128.02770150415517,,,,,,1990.1249999999663,76.587,S&P/CoreLogic/Case-Shiller,,,,1990.1249999999663,128,BLS,,,
1990.2083333332996,127.66886013970002,,,,,,1990.2083333332996,76.79,S&P/CoreLogic/Case-Shiller,,,,1990.2083333332996,128.7,BLS,,,
1990.2916666666329,127.882448331001,,,,,,1990.2916666666329,77.038,S&P/CoreLogic/Case-Shiller,,,,1990.2916666666329,128.9,BLS,,,
1990.3749999999661,128.01279109275217,,,,,,1990.3749999999661,77.296,S&P/CoreLogic/Case-Shiller,,,,1990.3749999999661,129.2,BLS,,,
1990.4583333332994,127.66722828552466,,,,,,1990.4583333332994,77.505,S&P/CoreLogic/Case-Shiller,,,,1990.4583333332994,129.9,BLS,,,
1990.5416666666326,127.26795602883186,,,,,,1990.5416666666326,77.56,S&P/CoreLogic/Case-Shiller,,,,1990.5416666666326,130.4,BLS,,,
1990.624999999966,125.97575727788208,,,,,,1990.624999999966,77.479,S&P/CoreLogic/Case-Shiller,,,,1990.624999999966,131.6,BLS,,,
1990.7083333332992,124.52838298414818,,,,,,1990.7083333332992,77.229,S&P/CoreLogic/Case-Shiller,,,,1990.7083333332992,132.7,BLS,,,
1990.7916666666324,123.27405991787658,,,,,,1990.7916666666324,76.91199999999999,S&P/CoreLogic/Case-Shiller,,,,1990.7916666666324,133.5,BLS,,,
1990.8749999999657,122.14848554749668,,,,,,1990.8749999999657,76.381,S&P/CoreLogic/Case-Shiller,,,,1990.8749999999657,133.8,BLS,,,
1990.958333333299,121.49441279918325,,,,,,1990.958333333299,75.972,S&P/CoreLogic/Case-Shiller,,,,1990.958333333299,133.8,BLS,,,
1991.0416666666322,120.0744302415576,,,,,,1991.0416666666322,75.533,S&P/CoreLogic/Case-Shiller,,,,1991.0416666666322,134.6,BLS,,,
1991.1249999999654,119.44388740157743,,,,,,1991.1249999999654,75.248,S&P/CoreLogic/Case-Shiller,,,,1991.1249999999654,134.8,BLS,,,
1991.2083333332987,119.08941520078827,,,,,,1991.2083333332987,75.13600000000001,S&P/CoreLogic/Case-Shiller,,,,1991.2083333332987,135,BLS,,,
1991.291666666632,119.19654000680292,,,,,,1991.291666666632,75.315,S&P/CoreLogic/Case-Shiller,,,,1991.291666666632,135.2,BLS,,,
1991.3749999999652,119.55974890958777,,,,,,1991.3749999999652,75.768,S&P/CoreLogic/Case-Shiller,,,,1991.3749999999652,135.6,BLS,,,
1991.4583333332985,119.97116786426011,,,,,,1991.4583333332985,76.253,S&P/CoreLogic/Case-Shiller,,,,1991.4583333332985,136,BLS,,,
1991.5416666666317,120.20974806545867,,,,,,1991.5416666666317,76.517,S&P/CoreLogic/Case-Shiller,,,,1991.5416666666317,136.2,BLS,,,
1991.624999999965,119.978357270377,,,,,,1991.624999999965,76.594,S&P/CoreLogic/Case-Shiller,,,,1991.624999999965,136.6,BLS,,,
1991.7083333332982,119.42403875520968,,,,,,1991.7083333332982,76.575,S&P/CoreLogic/Case-Shiller,,,,1991.7083333332982,137.2,BLS,,,
1991.7916666666315,118.80637429718887,,,,,,1991.7916666666315,76.29,S&P/CoreLogic/Case-Shiller,,,,1991.7916666666315,137.4,BLS,,,
1991.8749999999648,118.05778565478967,,,,,,1991.8749999999648,76.03,S&P/CoreLogic/Case-Shiller,,,,1991.8749999999648,137.8,BLS,,,
1991.958333333298,117.68201539428534,,,,,,1991.958333333298,75.843,S&P/CoreLogic/Case-Shiller,,,,1991.958333333298,137.9,BLS,,,
1992.0416666666313,117.28692140567496,,,,,,1992.0416666666313,75.698,S&P/CoreLogic/Case-Shiller,,,,1992.0416666666313,138.1,BLS,,,
1992.1249999999645,116.79588049514932,,,,,,1992.1249999999645,75.654,S&P/CoreLogic/Case-Shiller,,,,1992.1249999999645,138.6,BLS,,,
1992.2083333332978,116.45166375905323,,,,,,1992.2083333332978,75.812,S&P/CoreLogic/Case-Shiller,,,,1992.2083333332978,139.3,BLS,,,
1992.291666666631,116.69424758022572,,,,,,1992.291666666631,76.079,S&P/CoreLogic/Case-Shiller,,,,1992.291666666631,139.5,BLS,,,
1992.3749999999643,117.0142514913709,,,,,,1992.3749999999643,76.39699999999999,S&P/CoreLogic/Case-Shiller,,,,1992.3749999999643,139.7,BLS,,,
1992.4583333332976,116.90828397813937,,,,,,1992.4583333332976,76.601,S&P/CoreLogic/Case-Shiller,,,,1992.4583333332976,140.2,BLS,,,
1992.5416666666308,116.82465811054865,,,,,,1992.5416666666308,76.71,S&P/CoreLogic/Case-Shiller,,,,1992.5416666666308,140.5,BLS,,,
1992.624999999964,116.52489635441452,,,,,,1992.624999999964,76.73100000000001,S&P/CoreLogic/Case-Shiller,,,,1992.624999999964,140.9,BLS,,,
1992.7083333332973,116.03754218156764,,,,,,1992.7083333332973,76.627,S&P/CoreLogic/Case-Shiller,,,,1992.7083333332973,141.3,BLS,,,
1992.7916666666306,115.583113695083,,,,,,1992.7916666666306,76.597,S&P/CoreLogic/Case-Shiller,,,,1992.7916666666306,141.8,BLS,,,
1992.8749999999638,115.39169039467632,,,,,,1992.8749999999638,76.578,S&P/CoreLogic/Case-Shiller,,,,1992.8749999999638,142,BLS,,,
1992.958333333297,115.29959934875644,,,,,,1992.958333333297,76.46300000000001,S&P/CoreLogic/Case-Shiller,,,,1992.958333333297,141.9,BLS,,,
1993.0416666666304,114.63007724063985,,,,,,1993.0416666666304,76.39399999999999,S&P/CoreLogic/Case-Shiller,,,,1993.0416666666304,142.6,BLS,,,
1993.1249999999636,114.12787459388565,,,,,,1993.1249999999636,76.32600000000001,S&P/CoreLogic/Case-Shiller,,,,1993.1249999999636,143.1,BLS,,,
1993.2083333332969,113.81393690249409,,,,,,1993.2083333332969,76.382,S&P/CoreLogic/Case-Shiller,,,,1993.2083333332969,143.6,BLS,,,
1993.2916666666301,113.91087373178836,,,,,,1993.2916666666301,76.66,S&P/CoreLogic/Case-Shiller,,,,1993.2916666666301,144,BLS,,,
1993.3749999999634,114.30042880290017,,,,,,1993.3749999999634,77.029,S&P/CoreLogic/Case-Shiller,,,,1993.3749999999634,144.2,BLS,,,
1993.4583333332967,114.86227620305101,,,,,,1993.4583333332967,77.515,S&P/CoreLogic/Case-Shiller,,,,1993.4583333332967,144.4,BLS,,,
1993.54166666663,115.40906301746017,,,,,,1993.54166666663,77.884,S&P/CoreLogic/Case-Shiller,,,,1993.54166666663,144.4,BLS,,,
1993.6249999999632,115.45377102017748,,,,,,1993.6249999999632,78.13,S&P/CoreLogic/Case-Shiller,,,,1993.6249999999632,144.8,BLS,,,
1993.7083333332964,115.3138678904812,,,,,,1993.7083333332964,78.197,S&P/CoreLogic/Case-Shiller,,,,1993.7083333332964,145.1,BLS,,,
1993.7916666666297,114.80081629642038,,,,,,1993.7916666666297,78.171,S&P/CoreLogic/Case-Shiller,,,,1993.7916666666297,145.7,BLS,,,
1993.874999999963,114.71914258232005,,,,,,1993.874999999963,78.169,S&P/CoreLogic/Case-Shiller,,,,1993.874999999963,145.8,BLS,,,
1993.9583333332962,114.63549060868354,,,,,,1993.9583333332962,78.112,S&P/CoreLogic/Case-Shiller,,,,1993.9583333332962,145.8,BLS,,,
1994.0416666666295,114.44771685261227,,,,,,1994.0416666666295,78.19800000000001,S&P/CoreLogic/Case-Shiller,,,,1994.0416666666295,146.2,BLS,,,
1994.1249999999627,114.06639428432489,,,,,,1994.1249999999627,78.204,S&P/CoreLogic/Case-Shiller,,,,1994.1249999999627,146.7,BLS,,,
1994.208333333296,113.88826185676362,,,,,,1994.208333333296,78.348,S&P/CoreLogic/Case-Shiller,,,,1994.208333333296,147.2,BLS,,,
1994.2916666666292,114.24471249174853,,,,,,1994.2916666666292,78.7,S&P/CoreLogic/Case-Shiller,,,,1994.2916666666292,147.4,BLS,,,
1994.3749999999625,114.90419577202782,,,,,,1994.3749999999625,79.208,S&P/CoreLogic/Case-Shiller,,,,1994.3749999999625,147.5,BLS,,,
1994.4583333332957,115.22732138091227,,,,,,1994.4583333332957,79.7,S&P/CoreLogic/Case-Shiller,,,,1994.4583333332957,148,BLS,,,
1994.541666666629,115.4386911709842,,,,,,1994.541666666629,80.062,S&P/CoreLogic/Case-Shiller,,,,1994.541666666629,148.4,BLS,,,
1994.6249999999623,115.33859662630364,,,,,,1994.6249999999623,80.316,S&P/CoreLogic/Case-Shiller,,,,1994.6249999999623,149,BLS,,,
1994.7083333332955,115.06273276446012,,,,,,1994.7083333332955,80.339,S&P/CoreLogic/Case-Shiller,,,,1994.7083333332955,149.4,BLS,,,
1994.7916666666288,114.93424246862246,,,,,,1994.7916666666288,80.303,S&P/CoreLogic/Case-Shiller,,,,1994.7916666666288,149.5,BLS,,,
1994.874999999962,114.58772813454735,,,,,,1994.874999999962,80.168,S&P/CoreLogic/Case-Shiller,,,,1994.874999999962,149.7,BLS,,,
1994.9583333332953,114.45765774161943,,,,,,1994.9583333332953,80.077,S&P/CoreLogic/Case-Shiller,,,,1994.9583333332953,149.7,BLS,,,
1995.0416666666285,113.9281353547756,,,,,,1995.0416666666285,80.02600000000001,S&P/CoreLogic/Case-Shiller,,,,1995.0416666666285,150.3,BLS,,,
1995.1249999999618,113.42551153621324,,,,,,1995.1249999999618,79.991,S&P/CoreLogic/Case-Shiller,,,,1995.1249999999618,150.9,BLS,,,
1995.208333333295,113.17246607609265,,,,,,1995.208333333295,80.077,S&P/CoreLogic/Case-Shiller,,,,1995.208333333295,151.4,BLS,,,
1995.2916666666283,113.21126703951994,,,,,,1995.2916666666283,80.369,S&P/CoreLogic/Case-Shiller,,,,1995.2916666666283,151.9,BLS,,,
1995.3749999999616,113.44080651102809,,,,,,1995.3749999999616,80.691,S&P/CoreLogic/Case-Shiller,,,,1995.3749999999616,152.2,BLS,,,
1995.4583333332948,113.74661344605828,,,,,,1995.4583333332948,81.068,S&P/CoreLogic/Case-Shiller,,,,1995.4583333332948,152.5,BLS,,,
1995.541666666628,114.22928028162153,,,,,,1995.541666666628,81.41199999999999,S&P/CoreLogic/Case-Shiller,,,,1995.541666666628,152.5,BLS,,,
1995.6249999999613,114.26910853613717,,,,,,1995.6249999999613,81.654,S&P/CoreLogic/Case-Shiller,,,,1995.6249999999613,152.9,BLS,,,
1995.7083333332946,114.1626659425264,,,,,,1995.7083333332946,81.738,S&P/CoreLogic/Case-Shiller,,,,1995.7083333332946,153.2,BLS,,,
1995.7916666666279,113.77597085244659,,,,,,1995.7916666666279,81.727,S&P/CoreLogic/Case-Shiller,,,,1995.7916666666279,153.7,BLS,,,
1995.8749999999611,113.71631066070493,,,,,,1995.8749999999611,81.631,S&P/CoreLogic/Case-Shiller,,,,1995.8749999999611,153.6,BLS,,,
1995.9583333332944,113.62590560390558,,,,,,1995.9583333332944,81.513,S&P/CoreLogic/Case-Shiller,,,,1995.9583333332944,153.5,BLS,,,
1996.0416666666276,112.84439661330084,,,,,,1996.0416666666276,81.42699999999999,S&P/CoreLogic/Case-Shiller,,,,1996.0416666666276,154.4,BLS,,,
1996.124999999961,112.44146930075595,,,,,,1996.124999999961,81.399,S&P/CoreLogic/Case-Shiller,,,,1996.124999999961,154.9,BLS,,,
1996.2083333332941,112.22928964386244,,,,,,1996.2083333332941,81.665,S&P/CoreLogic/Case-Shiller,,,,1996.2083333332941,155.7,BLS,,,
1996.2916666666274,112.42683287542081,,,,,,1996.2916666666274,82.124,S&P/CoreLogic/Case-Shiller,,,,1996.2916666666274,156.3,BLS,,,
1996.3749999999607,112.86321246668467,,,,,,1996.3749999999607,82.601,S&P/CoreLogic/Case-Shiller,,,,1996.3749999999607,156.6,BLS,,,
1996.458333333294,113.40156335574103,,,,,,1996.458333333294,83.04799999999999,S&P/CoreLogic/Case-Shiller,,,,1996.458333333294,156.7,BLS,,,
1996.5416666666272,113.68913991584964,,,,,,1996.5416666666272,83.41799999999999,S&P/CoreLogic/Case-Shiller,,,,1996.5416666666272,157,BLS,,,
1996.6249999999604,113.77973841021628,,,,,,1996.6249999999604,83.64399999999999,S&P/CoreLogic/Case-Shiller,,,,1996.6249999999604,157.3,BLS,,,
1996.7083333332937,113.4965102007809,,,,,,1996.7083333332937,83.70100000000001,S&P/CoreLogic/Case-Shiller,,,,1996.7083333332937,157.8,BLS,,,
1996.791666666627,113.03935113605533,,,,,,1996.791666666627,83.62799999999999,S&P/CoreLogic/Case-Shiller,,,,1996.791666666627,158.3,BLS,,,
1996.8749999999602,112.72704451445084,,,,,,1996.8749999999602,83.555,S&P/CoreLogic/Case-Shiller,,,,1996.8749999999602,158.6,BLS,,,
1996.9583333332935,112.63935068531504,,,,,,1996.9583333332935,83.49,S&P/CoreLogic/Case-Shiller,,,,1996.9583333332935,158.6,BLS,,,
1997.0416666666267,112.33915736275685,,,,,,1997.0416666666267,83.53,S&P/CoreLogic/Case-Shiller,,,,1997.0416666666267,159.1,BLS,,,
1997.12499999996,112.07570269836243,,,,,,1997.12499999996,83.596,S&P/CoreLogic/Case-Shiller,,,,1997.12499999996,159.6,BLS,,,
1997.2083333332932,112.21677267332747,,,,,,1997.2083333332932,83.911,S&P/CoreLogic/Case-Shiller,,,,1997.2083333332932,160,BLS,,,
1997.2916666666265,112.62296230622178,,,,,,1997.2916666666265,84.32,S&P/CoreLogic/Case-Shiller,,,,1997.2916666666265,160.2,BLS,,,
1997.3749999999598,113.41902479422419,,,,,,1997.3749999999598,84.863,S&P/CoreLogic/Case-Shiller,,,,1997.3749999999598,160.1,BLS,,,
1997.458333333293,113.9903145425205,,,,,,1997.458333333293,85.397,S&P/CoreLogic/Case-Shiller,,,,1997.458333333293,160.3,BLS,,,
1997.5416666666263,114.43886252308707,,,,,,1997.5416666666263,85.84,S&P/CoreLogic/Case-Shiller,,,,1997.5416666666263,160.5,BLS,,,
1997.6249999999595,114.63786720966274,,,,,,1997.6249999999595,86.15,S&P/CoreLogic/Case-Shiller,,,,1997.6249999999595,160.8,BLS,,,
1997.7083333332928,114.56578609310408,,,,,,1997.7083333332928,86.31,S&P/CoreLogic/Case-Shiller,,,,1997.7083333332928,161.2,BLS,,,
1997.791666666626,114.41064414411036,,,,,,1997.791666666626,86.40700000000001,S&P/CoreLogic/Case-Shiller,,,,1997.791666666626,161.6,BLS,,,
1997.8749999999593,114.778266457837,,,,,,1997.8749999999593,86.631,S&P/CoreLogic/Case-Shiller,,,,1997.8749999999593,161.5,BLS,,,
1997.9583333332926,115.2071183425195,,,,,,1997.9583333332926,86.84700000000001,S&P/CoreLogic/Case-Shiller,,,,1997.9583333332926,161.3,BLS,,,
1998.0416666666258,115.41033208986477,,,,,,1998.0416666666258,87.162,S&P/CoreLogic/Case-Shiller,,,,1998.0416666666258,161.6,BLS,,,
1998.124999999959,115.47402090037875,,,,,,1998.124999999959,87.37200000000001,S&P/CoreLogic/Case-Shiller,,,,1998.124999999959,161.9,BLS,,,
1998.2083333332923,115.92531656651863,,,,,,1998.2083333332923,87.876,S&P/CoreLogic/Case-Shiller,,,,1998.2083333332923,162.2,BLS,,,
1998.2916666666256,116.60801182359683,,,,,,1998.2916666666256,88.557,S&P/CoreLogic/Case-Shiller,,,,1998.2916666666256,162.5,BLS,,,
1998.3749999999588,117.46562557062018,,,,,,1998.3749999999588,89.37299999999999,S&P/CoreLogic/Case-Shiller,,,,1998.3749999999588,162.8,BLS,,,
1998.458333333292,118.39923698880312,,,,,,1998.458333333292,90.194,S&P/CoreLogic/Case-Shiller,,,,1998.458333333292,163,BLS,,,
1998.5416666666254,119.12471607467843,,,,,,1998.5416666666254,90.85799999999999,S&P/CoreLogic/Case-Shiller,,,,1998.5416666666254,163.2,BLS,,,
1998.6249999999586,119.69651674541946,,,,,,1998.6249999999586,91.406,S&P/CoreLogic/Case-Shiller,,,,1998.6249999999586,163.4,BLS,,,
1998.7083333332919,120.00141504625935,,,,,,1998.7083333332919,91.751,S&P/CoreLogic/Case-Shiller,,,,1998.7083333332919,163.6,BLS,,,
1998.7916666666251,120.03229750886992,,,,,,1998.7916666666251,91.999,S&P/CoreLogic/Case-Shiller,,,,1998.7916666666251,164,BLS,,,
1998.8749999999584,120.28932598319297,,,,,,1998.8749999999584,92.196,S&P/CoreLogic/Case-Shiller,,,,1998.8749999999584,164,BLS,,,
1998.9583333332916,120.68517863445511,,,,,,1998.9583333332916,92.443,S&P/CoreLogic/Case-Shiller,,,,1998.9583333332916,163.9,BLS,,,
1999.041666666625,120.74299131358391,,,,,,1999.041666666625,92.713,S&P/CoreLogic/Case-Shiller,,,,1999.041666666625,164.3,BLS,,,
1999.1249999999582,120.94219012573934,,,,,,1999.1249999999582,92.979,S&P/CoreLogic/Case-Shiller,,,,1999.1249999999582,164.5,BLS,,,
1999.2083333332914,121.39398304711952,,,,,,1999.2083333332914,93.61,S&P/CoreLogic/Case-Shiller,,,,1999.2083333332914,165,BLS,,,
1999.2916666666247,121.5796322552649,,,,,,1999.2916666666247,94.435,S&P/CoreLogic/Case-Shiller,,,,1999.2916666666247,166.2,BLS,,,
1999.374999999958,122.7692291229926,,,,,,1999.374999999958,95.359,S&P/CoreLogic/Case-Shiller,,,,1999.374999999958,166.2,BLS,,,
1999.4583333332912,124.06053394802602,,,,,,1999.4583333332912,96.36200000000001,S&P/CoreLogic/Case-Shiller,,,,1999.4583333332912,166.2,BLS,,,
1999.5416666666245,124.7525153688338,,,,,,1999.5416666666245,97.191,S&P/CoreLogic/Case-Shiller,,,,1999.5416666666245,166.7,BLS,,,
1999.6249999999577,125.35664414640304,,,,,,1999.6249999999577,97.896,S&P/CoreLogic/Case-Shiller,,,,1999.6249999999577,167.1,BLS,,,
1999.708333333291,125.40037895913555,,,,,,1999.708333333291,98.399,S&P/CoreLogic/Case-Shiller,,,,1999.708333333291,167.9,BLS,,,
1999.7916666666242,125.72627787547142,,,,,,1999.7916666666242,98.831,S&P/CoreLogic/Case-Shiller,,,,1999.7916666666242,168.2,BLS,,,
1999.8749999999575,126.05460107911007,,,,,,1999.8749999999575,99.148,S&P/CoreLogic/Case-Shiller,,,,1999.8749999999575,168.3,BLS,,,
1999.9583333332907,126.55552407125487,,,,,,1999.9583333332907,99.542,S&P/CoreLogic/Case-Shiller,,,,1999.9583333332907,168.3,BLS,,,
2000.041666666624,126.76122221047393,,,,,,2000.041666666624,100,S&P/CoreLogic/Case-Shiller,,,,2000.041666666624,168.8,BLS,,,
2000.1249999999573,126.73423356674392,,,,,,2000.1249999999573,100.571,S&P/CoreLogic/Case-Shiller,,,,2000.1249999999573,169.8,BLS,,,
2000.2083333332905,126.81646404030268,,,,,,2000.2083333332905,101.46600000000001,S&P/CoreLogic/Case-Shiller,,,,2000.2083333332905,171.2,BLS,,,
2000.2916666666238,128.0839788942198,,,,,,2000.2916666666238,102.54,S&P/CoreLogic/Case-Shiller,,,,2000.2916666666238,171.3,BLS,,,
2000.374999999957,129.38313802629054,,,,,,2000.374999999957,103.70100000000001,S&P/CoreLogic/Case-Shiller,,,,2000.374999999957,171.5,BLS,,,
2000.4583333332903,130.13998229603342,,,,,,2000.4583333332903,104.855,S&P/CoreLogic/Case-Shiller,,,,2000.4583333332903,172.4,BLS,,,
2000.5416666666235,130.9110735911644,,,,,,2000.5416666666235,105.721,S&P/CoreLogic/Case-Shiller,,,,2000.5416666666235,172.8,BLS,,,
2000.6249999999568,131.90168906843886,,,,,,2000.6249999999568,106.521,S&P/CoreLogic/Case-Shiller,,,,2000.6249999999568,172.8,BLS,,,
2000.70833333329,131.97461864182085,,,,,,2000.70833333329,107.135,S&P/CoreLogic/Case-Shiller,,,,2000.70833333329,173.7,BLS,,,
2000.7916666666233,132.4763058237782,,,,,,2000.7916666666233,107.728,S&P/CoreLogic/Case-Shiller,,,,2000.7916666666233,174,BLS,,,
2000.8749999999566,133.0909247981316,,,,,,2000.8749999999566,108.29,S&P/CoreLogic/Case-Shiller,,,,2000.8749999999566,174.1,BLS,,,
2000.9583333332898,133.78350834392782,,,,,,2000.9583333332898,108.791,S&P/CoreLogic/Case-Shiller,,,,2000.9583333332898,174,BLS,,,
2001.041666666623,133.45997148355826,,,,,,2001.041666666623,109.214,S&P/CoreLogic/Case-Shiller,,,,2001.041666666623,175.1,BLS,,,
2001.1249999999563,133.4494961684535,,,,,,2001.1249999999563,109.64200000000001,S&P/CoreLogic/Case-Shiller,,,,2001.1249999999563,175.8,BLS,,,
2001.2083333332896,134.0597564110032,,,,,,2001.2083333332896,110.39399999999999,S&P/CoreLogic/Case-Shiller,,,,2001.2083333332896,176.2,BLS,,,
2001.2916666666229,134.56104013609738,,,,,,2001.2916666666229,111.24700000000001,S&P/CoreLogic/Case-Shiller,,,,2001.2916666666229,176.9,BLS,,,
2001.3749999999561,135.10518942446708,,,,,,2001.3749999999561,112.20200000000001,S&P/CoreLogic/Case-Shiller,,,,2001.3749999999561,177.7,BLS,,,
2001.4583333332894,136.16372589795208,,,,,,2001.4583333332894,113.272,S&P/CoreLogic/Case-Shiller,,,,2001.4583333332894,178,BLS,,,
2001.5416666666226,137.69731491574393,,,,,,2001.5416666666226,114.226,S&P/CoreLogic/Case-Shiller,,,,2001.5416666666226,177.5,BLS,,,
2001.624999999956,138.61468623795497,,,,,,2001.624999999956,114.98700000000001,S&P/CoreLogic/Case-Shiller,,,,2001.624999999956,177.5,BLS,,,
2001.7083333332891,138.5651817223306,,,,,,2001.7083333332891,115.464,S&P/CoreLogic/Case-Shiller,,,,2001.7083333332891,178.3,BLS,,,
2001.7916666666224,139.29313481597788,,,,,,2001.7916666666224,115.68,S&P/CoreLogic/Case-Shiller,,,,2001.7916666666224,177.7,BLS,,,
2001.8749999999557,139.71926596283927,,,,,,2001.8749999999557,115.838,S&P/CoreLogic/Case-Shiller,,,,2001.8749999999557,177.4,BLS,,,
2001.958333333289,140.53675089644366,,,,,,2001.958333333289,116.056,S&P/CoreLogic/Case-Shiller,,,,2001.958333333289,176.7,BLS,,,
2002.0416666666222,140.67965880699813,,,,,,2002.0416666666222,116.43700000000001,S&P/CoreLogic/Case-Shiller,,,,2002.0416666666222,177.1,BLS,,,
2002.1249999999554,140.70225317469118,,,,,,2002.1249999999554,116.916,S&P/CoreLogic/Case-Shiller,,,,2002.1249999999554,177.8,BLS,,,
2002.2083333332887,141.12760182221228,,,,,,2002.2083333332887,117.929,S&P/CoreLogic/Case-Shiller,,,,2002.2083333332887,178.8,BLS,,,
2002.291666666622,141.86477530603617,,,,,,2002.291666666622,119.208,S&P/CoreLogic/Case-Shiller,,,,2002.291666666622,179.8,BLS,,,
2002.3749999999552,143.7438814080447,,,,,,2002.3749999999552,120.787,S&P/CoreLogic/Case-Shiller,,,,2002.3749999999552,179.8,BLS,,,
2002.4583333332885,145.50279070142054,,,,,,2002.4583333332885,122.333,S&P/CoreLogic/Case-Shiller,,,,2002.4583333332885,179.9,BLS,,,
2002.5416666666217,146.9498690290458,,,,,,2002.5416666666217,123.68700000000001,S&P/CoreLogic/Case-Shiller,,,,2002.5416666666217,180.1,BLS,,,
2002.624999999955,147.69698501259188,,,,,,2002.624999999955,124.73,S&P/CoreLogic/Case-Shiller,,,,2002.624999999955,180.7,BLS,,,
2002.7083333332882,148.35536199059166,,,,,,2002.7083333332882,125.494,S&P/CoreLogic/Case-Shiller,,,,2002.7083333332882,181,BLS,,,
2002.7916666666215,148.8675739093309,,,,,,2002.7916666666215,126.13600000000001,S&P/CoreLogic/Case-Shiller,,,,2002.7916666666215,181.3,BLS,,,
2002.8749999999548,149.46476259771583,,,,,,2002.8749999999548,126.64200000000001,S&P/CoreLogic/Case-Shiller,,,,2002.8749999999548,181.3,BLS,,,
2002.958333333288,150.3973117025945,,,,,,2002.958333333288,127.15100000000001,S&P/CoreLogic/Case-Shiller,,,,2002.958333333288,180.9,BLS,,,
2003.0416666666213,150.3251190505673,,,,,,2003.0416666666213,127.652,S&P/CoreLogic/Case-Shiller,,,,2003.0416666666213,181.7,BLS,,,
2003.1249999999545,149.9633637090748,,,,,,2003.1249999999545,128.326,S&P/CoreLogic/Case-Shiller,,,,2003.1249999999545,183.1,BLS,,,
2003.2083333332878,150.20854139656478,,,,,,2003.2083333332878,129.308,S&P/CoreLogic/Case-Shiller,,,,2003.2083333332878,184.2,BLS,,,
2003.291666666621,151.90914797657746,,,,,,2003.291666666621,130.488,S&P/CoreLogic/Case-Shiller,,,,2003.291666666621,183.8,BLS,,,
2003.3749999999543,153.73285473684612,,,,,,2003.3749999999543,131.839,S&P/CoreLogic/Case-Shiller,,,,2003.3749999999543,183.5,BLS,,,
2003.4583333332876,155.1798875521817,,,,,,2003.4583333332876,133.225,S&P/CoreLogic/Case-Shiller,,,,2003.4583333332876,183.7,BLS,,,
2003.5416666666208,156.66565996961162,,,,,,2003.5416666666208,134.64700000000002,S&P/CoreLogic/Case-Shiller,,,,2003.5416666666208,183.9,BLS,,,
2003.624999999954,157.59930231530817,,,,,,2003.624999999954,135.965,S&P/CoreLogic/Case-Shiller,,,,2003.624999999954,184.6,BLS,,,
2003.7083333332873,158.37232800853292,,,,,,2003.7083333332873,137.076,S&P/CoreLogic/Case-Shiller,,,,2003.7083333332873,185.2,BLS,,,
2003.7916666666206,159.58449078898622,,,,,,2003.7916666666206,137.976,S&P/CoreLogic/Case-Shiller,,,,2003.7916666666206,185,BLS,,,
2003.8749999999538,160.93200784857163,,,,,,2003.8749999999538,138.765,S&P/CoreLogic/Case-Shiller,,,,2003.8749999999538,184.5,BLS,,,
2003.958333333287,162.10859521404902,,,,,,2003.958333333287,139.628,S&P/CoreLogic/Case-Shiller,,,,2003.958333333287,184.3,BLS,,,
2004.0416666666204,162.56513476057535,,,,,,2004.0416666666204,140.705,S&P/CoreLogic/Case-Shiller,,,,2004.0416666666204,185.2,BLS,,,
2004.1249999999536,163.213550667623,,,,,,2004.1249999999536,142.029,S&P/CoreLogic/Case-Shiller,,,,2004.1249999999536,186.2,BLS,,,
2004.2083333332869,164.51025421873865,,,,,,2004.2083333332869,144.08,S&P/CoreLogic/Case-Shiller,,,,2004.2083333332869,187.4,BLS,,,
2004.2916666666201,166.3742066390437,,,,,,2004.2916666666201,146.179,S&P/CoreLogic/Case-Shiller,,,,2004.2916666666201,188,BLS,,,
2004.3749999999534,167.84485743258554,,,,,,2004.3749999999534,148.334,S&P/CoreLogic/Case-Shiller,,,,2004.3749999999534,189.1,BLS,,,
2004.4583333332866,169.77743515136152,,,,,,2004.4583333332866,150.518,S&P/CoreLogic/Case-Shiller,,,,2004.4583333332866,189.7,BLS,,,
2004.54166666662,172.10135286006505,,,,,,2004.54166666662,152.33700000000002,S&P/CoreLogic/Case-Shiller,,,,2004.54166666662,189.4,BLS,,,
2004.6249999999532,173.6782811010139,,,,,,2004.6249999999532,153.814,S&P/CoreLogic/Case-Shiller,,,,2004.6249999999532,189.5,BLS,,,
2004.7083333332864,174.7704858188639,,,,,,2004.7083333332864,155.108,S&P/CoreLogic/Case-Shiller,,,,2004.7083333332864,189.9,BLS,,,
2004.7916666666197,175.1888059679459,,,,,,2004.7916666666197,156.298,S&P/CoreLogic/Case-Shiller,,,,2004.7916666666197,190.9,BLS,,,
2004.874999999953,176.4391761523782,,,,,,2004.874999999953,157.496,S&P/CoreLogic/Case-Shiller,,,,2004.874999999953,191,BLS,,,
2004.9583333332862,178.40823373774774,,,,,,2004.9583333332862,158.67,S&P/CoreLogic/Case-Shiller,,,,2004.9583333332862,190.3,BLS,,,
2005.0416666666194,179.67219390249957,,,,,,2005.0416666666194,160.13,S&P/CoreLogic/Case-Shiller,,,,2005.0416666666194,190.7,BLS,,,
2005.1249999999527,180.6431430506383,,,,,,2005.1249999999527,161.924,S&P/CoreLogic/Case-Shiller,,,,2005.1249999999527,191.8,BLS,,,
2005.208333333286,182.17698438794872,,,,,,2005.208333333286,164.576,S&P/CoreLogic/Case-Shiller,,,,2005.208333333286,193.3,BLS,,,
2005.2916666666192,183.62419076721824,,,,,,2005.2916666666192,166.99900000000002,S&P/CoreLogic/Case-Shiller,,,,2005.2916666666192,194.6,BLS,,,
2005.3749999999525,186.61434497668714,,,,,,2005.3749999999525,169.544,S&P/CoreLogic/Case-Shiller,,,,2005.3749999999525,194.4,BLS,,,
2005.4583333332857,189.23679077556056,,,,,,2005.4583333332857,172.015,S&P/CoreLogic/Case-Shiller,,,,2005.4583333332857,194.5,BLS,,,
2005.541666666619,190.64616912131862,,,,,,2005.541666666619,174.09799999999998,S&P/CoreLogic/Case-Shiller,,,,2005.541666666619,195.4,BLS,,,
2005.6249999999523,191.6637579808923,,,,,,2005.6249999999523,175.923,S&P/CoreLogic/Case-Shiller,,,,2005.6249999999523,196.4,BLS,,,
2005.7083333332855,191.16674243151573,,,,,,2005.7083333332855,177.611,S&P/CoreLogic/Case-Shiller,,,,2005.7083333332855,198.8,BLS,,,
2005.7916666666188,192.00741742223587,,,,,,2005.7916666666188,178.75099999999998,S&P/CoreLogic/Case-Shiller,,,,2005.7916666666188,199.2,BLS,,,
2005.874999999952,194.56052937266978,,,,,,2005.874999999952,179.673,S&P/CoreLogic/Case-Shiller,,,,2005.874999999952,197.6,BLS,,,
2005.9583333332853,195.82329705966038,,,,,,2005.9583333332853,180.107,S&P/CoreLogic/Case-Shiller,,,,2005.9583333332853,196.8,BLS,,,
2006.0416666666185,195.12001691028732,,,,,,2006.0416666666185,180.828,S&P/CoreLogic/Case-Shiller,,,,2006.0416666666185,198.3,BLS,,,
2006.1249999999518,195.45087655293062,,,,,,2006.1249999999518,181.5,S&P/CoreLogic/Case-Shiller,,,,2006.1249999999518,198.7,BLS,,,
2006.208333333285,195.71349023989697,,,,,,2006.208333333285,182.75,S&P/CoreLogic/Case-Shiller,,,,2006.208333333285,199.8,BLS,,,
2006.2916666666183,195.01589604380837,,,,,,2006.2916666666183,183.648,S&P/CoreLogic/Case-Shiller,,,,2006.2916666666183,201.5,BLS,,,
2006.3749999999516,194.82632714651953,,,,,,2006.3749999999516,184.38,S&P/CoreLogic/Case-Shiller,,,,2006.3749999999516,202.5,BLS,,,
2006.4583333332848,194.61835746015993,,,,,,2006.4583333332848,184.547,S&P/CoreLogic/Case-Shiller,,,,2006.4583333332848,202.9,BLS,,,
2006.541666666618,194.1076319668399,,,,,,2006.541666666618,184.607,S&P/CoreLogic/Case-Shiller,,,,2006.541666666618,203.5,BLS,,,
2006.6249999999513,193.51381362336636,,,,,,2006.6249999999513,184.40400000000002,S&P/CoreLogic/Case-Shiller,,,,2006.6249999999513,203.9,BLS,,,
2006.7083333332846,194.25031134316208,,,,,,2006.7083333332846,184.19799999999998,S&P/CoreLogic/Case-Shiller,,,,2006.7083333332846,202.9,BLS,,,
2006.7916666666179,195.156472089804,,,,,,2006.7916666666179,184.054,S&P/CoreLogic/Case-Shiller,,,,2006.7916666666179,201.8,BLS,,,
2006.8749999999511,194.9989056364165,,,,,,2006.8749999999511,183.632,S&P/CoreLogic/Case-Shiller,,,,2006.8749999999511,201.5,BLS,,,
2006.9583333332844,194.28276691087822,,,,,,2006.9583333332844,183.23,S&P/CoreLogic/Case-Shiller,,,,2006.9583333332844,201.8,BLS,,,
2007.0416666666176,193.15134272337954,,,,,,2007.0416666666176,182.71900000000002,S&P/CoreLogic/Case-Shiller,,,,2007.0416666666176,202.416,BLS,,,
2007.124999999951,191.8636989457051,,,,,,2007.124999999951,182.472,S&P/CoreLogic/Case-Shiller,,,,2007.124999999951,203.499,BLS,,,
2007.2083333332841,189.84274023906593,,,,,,2007.2083333332841,182.19400000000002,S&P/CoreLogic/Case-Shiller,,,,2007.2083333332841,205.352,BLS,,,
2007.2916666666174,188.55222945994362,,,,,,2007.2916666666174,182.13099999999997,S&P/CoreLogic/Case-Shiller,,,,2007.2916666666174,206.686,BLS,,,
2007.3749999999507,187.1528825876266,,,,,,2007.3749999999507,181.88400000000001,S&P/CoreLogic/Case-Shiller,,,,2007.3749999999507,207.949,BLS,,,
2007.458333333284,186.43760601669754,,,,,,2007.458333333284,181.54,S&P/CoreLogic/Case-Shiller,,,,2007.458333333284,208.352,BLS,,,
2007.5416666666172,185.92314360088162,,,,,,2007.5416666666172,180.993,S&P/CoreLogic/Case-Shiller,,,,2007.5416666666172,208.299,BLS,,,
2007.6249999999504,185.48362772218604,,,,,,2007.6249999999504,180.234,S&P/CoreLogic/Case-Shiller,,,,2007.6249999999504,207.917,BLS,,,
2007.7083333332837,183.83158683607445,,,,,,2007.7083333332837,179.12099999999998,S&P/CoreLogic/Case-Shiller,,,,2007.7083333332837,208.49,BLS,,,
2007.791666666617,181.80879606220014,,,,,,2007.791666666617,177.52900000000002,S&P/CoreLogic/Case-Shiller,,,,2007.791666666617,208.936,BLS,,,
2007.8749999999502,178.32452972880805,,,,,,2007.8749999999502,175.16099999999997,S&P/CoreLogic/Case-Shiller,,,,2007.8749999999502,210.177,BLS,,,
2007.9583333332835,176.58707083336324,,,,,,2007.9583333332835,173.338,S&P/CoreLogic/Case-Shiller,,,,2007.9583333332835,210.036,BLS,,,
2008.0416666666167,173.42269830476596,,,,,,2008.0416666666167,171.078,S&P/CoreLogic/Case-Shiller,,,,2008.0416666666167,211.08,BLS,,,
2008.12499999995,171.01420541775045,,,,,,2008.12499999995,169.192,S&P/CoreLogic/Case-Shiller,,,,2008.12499999995,211.693,BLS,,,
2008.2083333332832,168.2548752844656,,,,,,2008.2083333332832,167.905,S&P/CoreLogic/Case-Shiller,,,,2008.2083333332832,213.528,BLS,,,
2008.2916666666165,166.66289318531264,,,,,,2008.2916666666165,167.325,S&P/CoreLogic/Case-Shiller,,,,2008.2916666666165,214.823,BLS,,,
2008.3749999999498,164.9718827365845,,,,,,2008.3749999999498,167.02200000000002,S&P/CoreLogic/Case-Shiller,,,,2008.3749999999498,216.632,BLS,,,
2008.458333333283,162.85275687926142,,,,,,2008.458333333283,166.53799999999998,S&P/CoreLogic/Case-Shiller,,,,2008.458333333283,218.815,BLS,,,
2008.5416666666163,161.19955228348857,,,,,,2008.5416666666163,165.713,S&P/CoreLogic/Case-Shiller,,,,2008.5416666666163,219.964,BLS,,,
2008.6249999999495,160.44405916009825,,,,,,2008.6249999999495,164.278,S&P/CoreLogic/Case-Shiller,,,,2008.6249999999495,219.086,BLS,,,
2008.7083333332828,158.3522813097696,,,,,,2008.7083333332828,161.912,S&P/CoreLogic/Case-Shiller,,,,2008.7083333332828,218.783,BLS,,,
2008.791666666616,157.25217613108464,,,,,,2008.791666666616,159.16299999999998,S&P/CoreLogic/Case-Shiller,,,,2008.791666666616,216.573,BLS,,,
2008.8749999999493,157.20829093185432,,,,,,2008.8749999999493,156.071,S&P/CoreLogic/Case-Shiller,,,,2008.8749999999493,212.425,BLS,,,
2008.9583333332826,155.262394180886,,,,,,2008.9583333332826,152.545,S&P/CoreLogic/Case-Shiller,,,,2008.9583333332826,210.228,BLS,,,
2009.0416666666158,151.36389426123412,,,,,,2009.0416666666158,149.362,S&P/CoreLogic/Case-Shiller,,,,2009.0416666666158,211.143,BLS,,,
2009.124999999949,148.85626723430352,,,,,,2009.124999999949,147.618,S&P/CoreLogic/Case-Shiller,,,,2009.124999999949,212.193,BLS,,,
2009.2083333332823,147.3856101858355,,,,,,2009.2083333332823,146.515,S&P/CoreLogic/Case-Shiller,,,,2009.2083333332823,212.709,BLS,,,
2009.2916666666156,147.44806873317367,,,,,,2009.2916666666156,146.94299999999998,S&P/CoreLogic/Case-Shiller,,,,2009.2916666666156,213.24,BLS,,,
2009.3749999999488,148.25102394992405,,,,,,2009.3749999999488,148.17,S&P/CoreLogic/Case-Shiller,,,,2009.3749999999488,213.856,BLS,,,
2009.458333333282,148.60243473939568,,,,,,2009.458333333282,149.797,S&P/CoreLogic/Case-Shiller,,,,2009.458333333282,215.693,BLS,,,
2009.5416666666154,149.78433904679972,,,,,,2009.5416666666154,150.749,S&P/CoreLogic/Case-Shiller,,,,2009.5416666666154,215.351,BLS,,,
2009.6249999999486,149.36884545380695,,,,,,2009.6249999999486,150.668,S&P/CoreLogic/Case-Shiller,,,,2009.6249999999486,215.834,BLS,,,
2009.7083333332819,148.2431070337681,,,,,,2009.7083333332819,149.626,S&P/CoreLogic/Case-Shiller,,,,2009.7083333332819,215.969,BLS,,,
2009.7916666666151,147.06909512239855,,,,,,2009.7916666666151,148.584,S&P/CoreLogic/Case-Shiller,,,,2009.7916666666151,216.177,BLS,,,
2009.8749999999484,146.32611868459196,,,,,,2009.8749999999484,147.938,S&P/CoreLogic/Case-Shiller,,,,2009.8749999999484,216.33,BLS,,,
2009.9583333332816,145.32194048381555,,,,,,2009.9583333332816,146.664,S&P/CoreLogic/Case-Shiller,,,,2009.9583333332816,215.949,BLS,,,
2010.041666666615,143.1868024711444,,,,,,2010.041666666615,145.003,S&P/CoreLogic/Case-Shiller,,,,2010.041666666615,216.687,BLS,,,
2010.1249999999482,141.227019350192,,,,,,2010.1249999999482,143.054,S&P/CoreLogic/Case-Shiller,,,,2010.1249999999482,216.741,BLS,,,
2010.2083333332814,141.18334570478714,,,,,,2010.2083333332814,143.597,S&P/CoreLogic/Case-Shiller,,,,2010.2083333332814,217.631,BLS,,,
2010.2916666666147,142.71111671674743,,,,,,2010.2916666666147,145.403,S&P/CoreLogic/Case-Shiller,,,,2010.2916666666147,218.009,BLS,,,
2010.374999999948,144.20504165955646,,,,,,2010.374999999948,147.039,S&P/CoreLogic/Case-Shiller,,,,2010.374999999948,218.178,BLS,,,
2010.4583333332812,144.9987823107124,,,,,,2010.4583333332812,147.704,S&P/CoreLogic/Case-Shiller,,,,2010.4583333332812,217.965,BLS,,,
2010.5416666666144,144.83078089785212,,,,,,2010.5416666666144,147.564,S&P/CoreLogic/Case-Shiller,,,,2010.5416666666144,218.011,BLS,,,
2010.6249999999477,143.51767246404202,,,,,,2010.6249999999477,146.428,S&P/CoreLogic/Case-Shiller,,,,2010.6249999999477,218.312,BLS,,,
2010.708333333281,141.65340118032952,,,,,,2010.708333333281,144.61,S&P/CoreLogic/Case-Shiller,,,,2010.708333333281,218.439,BLS,,,
2010.7916666666142,140.0312526143682,,,,,,2010.7916666666142,143.132,S&P/CoreLogic/Case-Shiller,,,,2010.7916666666142,218.711,BLS,,,
2010.8749999999475,138.69226979536202,,,,,,2010.8749999999475,141.82299999999998,S&P/CoreLogic/Case-Shiller,,,,2010.8749999999475,218.803,BLS,,,
2010.9583333332807,137.29163347224363,,,,,,2010.9583333332807,140.632,S&P/CoreLogic/Case-Shiller,,,,2010.9583333332807,219.179,BLS,,,
2011.041666666614,135.09493549881103,,,,,,2011.041666666614,139.041,S&P/CoreLogic/Case-Shiller,,,,2011.041666666614,220.223,BLS,,,
2011.1249999999472,133.17026099083427,,,,,,2011.1249999999472,137.736,S&P/CoreLogic/Case-Shiller,,,,2011.1249999999472,221.309,BLS,,,
2011.2083333332805,131.93499646750692,,,,,,2011.2083333332805,137.789,S&P/CoreLogic/Case-Shiller,,,,2011.2083333332805,223.467,BLS,,,
2011.2916666666138,132.39424820876025,,,,,,2011.2916666666138,139.159,S&P/CoreLogic/Case-Shiller,,,,2011.2916666666138,224.906,BLS,,,
2011.374999999947,133.22695333035992,,,,,,2011.374999999947,140.69299999999998,S&P/CoreLogic/Case-Shiller,,,,2011.374999999947,225.964,BLS,,,
2011.4583333332803,134.55567217262225,,,,,,2011.4583333332803,141.944,S&P/CoreLogic/Case-Shiller,,,,2011.4583333332803,225.722,BLS,,,
2011.5416666666135,134.81350495081924,,,,,,2011.5416666666135,142.342,S&P/CoreLogic/Case-Shiller,,,,2011.5416666666135,225.922,BLS,,,
2011.6249999999468,133.9166776410741,,,,,,2011.6249999999468,141.785,S&P/CoreLogic/Case-Shiller,,,,2011.6249999999468,226.545,BLS,,,
2011.70833333328,132.18963219971712,,,,,,2011.70833333328,140.16899999999998,S&P/CoreLogic/Case-Shiller,,,,2011.70833333328,226.889,BLS,,,
2011.7916666666133,130.8015114596577,,,,,,2011.7916666666133,138.411,S&P/CoreLogic/Case-Shiller,,,,2011.7916666666133,226.421,BLS,,,
2011.8749999999466,129.2624329817264,,,,,,2011.8749999999466,136.667,S&P/CoreLogic/Case-Shiller,,,,2011.8749999999466,226.23,BLS,,,
2011.9583333332798,128.16170701152654,,,,,,2011.9583333332798,135.16899999999998,S&P/CoreLogic/Case-Shiller,,,,2011.9583333332798,225.672,BLS,,,
2012.041666666613,126.65529229775596,,,,,,2012.041666666613,134.168,S&P/CoreLogic/Case-Shiller,,,,2012.041666666613,226.665,BLS,,,
2012.1249999999463,125.93841986822257,,,,,,2012.1249999999463,133.996,S&P/CoreLogic/Case-Shiller,,,,2012.1249999999463,227.663,BLS,,,
2012.2083333332796,126.73162071978825,,,,,,2012.2083333332796,135.864,S&P/CoreLogic/Case-Shiller,,,,2012.2083333332796,229.392,BLS,,,
2012.2916666666129,128.7743547071414,,,,,,2012.2916666666129,138.471,S&P/CoreLogic/Case-Shiller,,,,2012.2916666666129,230.085,BLS,,,
2012.374999999946,131.32500349036772,,,,,,2012.374999999946,141.048,S&P/CoreLogic/Case-Shiller,,,,2012.374999999946,229.815,BLS,,,
2012.4583333332794,133.49648446639134,,,,,,2012.4583333332794,143.17,S&P/CoreLogic/Case-Shiller,,,,2012.4583333332794,229.478,BLS,,,
2012.5416666666126,134.7548367596473,,,,,,2012.5416666666126,144.284,S&P/CoreLogic/Case-Shiller,,,,2012.5416666666126,229.104,BLS,,,
2012.6249999999459,134.40193192916826,,,,,,2012.6249999999459,144.707,S&P/CoreLogic/Case-Shiller,,,,2012.6249999999459,230.379,BLS,,,
2012.7083333332791,133.48308431341354,,,,,,2012.7083333332791,144.359,S&P/CoreLogic/Case-Shiller,,,,2012.7083333332791,231.407,BLS,,,
2012.7916666666124,133.1742614849254,,,,,,2012.7916666666124,143.969,S&P/CoreLogic/Case-Shiller,,,,2012.7916666666124,231.317,BLS,,,
2012.8749999999457,133.80082121250345,,,,,,2012.8749999999457,143.961,S&P/CoreLogic/Case-Shiller,,,,2012.8749999999457,230.221,BLS,,,
2012.958333333279,134.0754586289096,,,,,,2012.958333333279,143.868,S&P/CoreLogic/Case-Shiller,,,,2012.958333333279,229.601,BLS,,,
2013.0416666666122,134.0926843989439,,,,,,2013.0416666666122,144.312,S&P/CoreLogic/Case-Shiller,,,,2013.0416666666122,230.28,BLS,,,
2013.1249999999454,133.7858531915668,,,,,,2013.1249999999454,145.161,S&P/CoreLogic/Case-Shiller,,,,2013.1249999999454,232.166,BLS,,,
2013.2083333332787,136.00991807377054,,,,,,2013.2083333332787,147.96,S&P/CoreLogic/Case-Shiller,,,,2013.2083333332787,232.773,BLS,,,
2013.291666666612,138.91940116631483,,,,,,2013.291666666612,150.968,S&P/CoreLogic/Case-Shiller,,,,2013.291666666612,232.531,BLS,,,
2013.3749999999452,141.3280519053049,,,,,,2013.3749999999452,153.859,S&P/CoreLogic/Case-Shiller,,,,2013.3749999999452,232.945,BLS,,,
2013.4583333332785,143.3438379722949,,,,,,2013.4583333332785,156.428,S&P/CoreLogic/Case-Shiller,,,,2013.4583333332785,233.504,BLS,,,
2013.5416666666117,144.99205118655976,,,,,,2013.5416666666117,158.289,S&P/CoreLogic/Case-Shiller,,,,2013.5416666666117,233.596,BLS,,,
2013.624999999945,145.83154910453254,,,,,,2013.624999999945,159.39700000000002,S&P/CoreLogic/Case-Shiller,,,,2013.624999999945,233.877,BLS,,,
2013.7083333332782,145.9161887862008,,,,,,2013.7083333332782,159.675,S&P/CoreLogic/Case-Shiller,,,,2013.7083333332782,234.149,BLS,,,
2013.7916666666115,146.18482389257517,,,,,,2013.7916666666115,159.55700000000002,S&P/CoreLogic/Case-Shiller,,,,2013.7916666666115,233.546,BLS,,,
2013.8749999999447,146.3059013848073,,,,,,2013.8749999999447,159.363,S&P/CoreLogic/Case-Shiller,,,,2013.8749999999447,233.069,BLS,,,
2013.958333333278,146.2422510956025,,,,,,2013.958333333278,159.28,S&P/CoreLogic/Case-Shiller,,,,2013.958333333278,233.049,BLS,,,
2014.0416666666113,145.78162232388635,,,,,,2014.0416666666113,159.369,S&P/CoreLogic/Case-Shiller,,,,2014.0416666666113,233.916,BLS,,,
2014.1249999999445,145.70294171116538,,,,,,2014.1249999999445,159.872,S&P/CoreLogic/Case-Shiller,,,,2014.1249999999445,234.781,BLS,,,
2014.2083333332778,145.96320976051058,,,,,,2014.2083333332778,161.189,S&P/CoreLogic/Case-Shiller,,,,2014.2083333332778,236.293,BLS,,,
2014.291666666611,147.09105476642497,,,,,,2014.291666666611,162.97,S&P/CoreLogic/Case-Shiller,,,,2014.291666666611,237.072,BLS,,,
2014.3749999999443,148.12162308948064,,,,,,2014.3749999999443,164.685,S&P/CoreLogic/Case-Shiller,,,,2014.3749999999443,237.9,BLS,,,
2014.4583333332776,149.2198752886265,,,,,,2014.4583333332776,166.215,S&P/CoreLogic/Case-Shiller,,,,2014.4583333332776,238.343,BLS,,,
2014.5416666666108,150.10796950822012,,,,,,2014.5416666666108,167.139,S&P/CoreLogic/Case-Shiller,,,,2014.5416666666108,238.25,BLS,,,
2014.624999999944,150.64252229288468,,,,,,2014.624999999944,167.454,S&P/CoreLogic/Case-Shiller,,,,2014.624999999944,237.852,BLS,,,
2014.7083333332773,150.34046361338662,,,,,,2014.7083333332773,167.24400000000003,S&P/CoreLogic/Case-Shiller,,,,2014.7083333332773,238.031,BLS,,,
2014.7916666666106,150.4208170313091,,,,,,2014.7916666666106,166.91299999999998,S&P/CoreLogic/Case-Shiller,,,,2014.7916666666106,237.433,BLS,,,
2014.8749999999438,151.00817144789866,,,,,,2014.8749999999438,166.66,S&P/CoreLogic/Case-Shiller,,,,2014.8749999999438,236.151,BLS,,,
2014.958333333277,151.68885769407294,,,,,,2014.958333333277,166.46200000000002,S&P/CoreLogic/Case-Shiller,,,,2014.958333333277,234.812,BLS,,,
2015.0416666666104,152.21379648368037,,,,,,2015.0416666666104,166.252,S&P/CoreLogic/Case-Shiller,,,,2015.0416666666104,233.707,BLS,,,
2015.1249999999436,151.90290397205737,,,,,,2015.1249999999436,166.63299999999998,S&P/CoreLogic/Case-Shiller,,,,2015.1249999999436,234.722,BLS,,,
2015.2083333332769,152.32451435171782,,,,,,2015.2083333332769,168.09,S&P/CoreLogic/Case-Shiller,,,,2015.2083333332769,236.119,BLS,,,
2015.2916666666101,153.71570098447103,,,,,,2015.2916666666101,169.97,S&P/CoreLogic/Case-Shiller,,,,2015.2916666666101,236.599,BLS,,,
2015.3749999999434,154.62774235292136,,,,,,2015.3749999999434,171.85,S&P/CoreLogic/Case-Shiller,,,,2015.3749999999434,237.805,BLS,,,
2015.4583333332766,155.5235165905078,,,,,,2015.4583333332766,173.451,S&P/CoreLogic/Case-Shiller,,,,2015.4583333332766,238.638,BLS,,,
2015.54166666661,156.45091492536932,,,,,,2015.54166666661,174.497,S&P/CoreLogic/Case-Shiller,,,,2015.54166666661,238.654,BLS,,,
2015.6249999999432,157.06965831687938,,,,,,2015.6249999999432,174.93900000000002,S&P/CoreLogic/Case-Shiller,,,,2015.6249999999432,238.316,BLS,,,
2015.7083333332764,157.41077894621105,,,,,,2015.7083333332764,175.046,S&P/CoreLogic/Case-Shiller,,,,2015.7083333332764,237.945,BLS,,,
2015.7916666666097,157.48699381097535,,,,,,2015.7916666666097,175.05200000000002,S&P/CoreLogic/Case-Shiller,,,,2015.7916666666097,237.838,BLS,,,
2015.874999999943,157.90394679998917,,,,,,2015.874999999943,175.145,S&P/CoreLogic/Case-Shiller,,,,2015.874999999943,237.336,BLS,,,
2015.9583333332762,158.42184894282576,,,,,,2015.9583333332762,175.11900000000003,S&P/CoreLogic/Case-Shiller,,,,2015.9583333332762,236.525,BLS,,,
2016.0416666666094,158.0890440438706,,,,,,2016.0416666666094,175.04,S&P/CoreLogic/Case-Shiller,,,,2016.0416666666094,236.916,BLS,,,
2016.1249999999427,158.18012378065552,,,,,,2016.1249999999427,175.285,S&P/CoreLogic/Case-Shiller,,,,2016.1249999999427,237.111,BLS,,,
2016.208333333276,158.68710480612606,,,,,,2016.208333333276,176.604,S&P/CoreLogic/Case-Shiller,,,,2016.208333333276,238.132,BLS,,,
2016.2916666666092,159.63123293375938,,,,,,2016.2916666666092,178.497,S&P/CoreLogic/Case-Shiller,,,,2016.2916666666092,239.261,BLS,,,
2016.3749999999425,160.63313109097487,,,,,,2016.3749999999425,180.34400000000002,S&P/CoreLogic/Case-Shiller,,,,2016.3749999999425,240.229,BLS,,,
2016.4583333332757,161.50288325101565,,,,,,2016.4583333332757,181.916,S&P/CoreLogic/Case-Shiller,,,,2016.4583333332757,241.018,BLS,,,
2016.541666666609,162.74634724373752,,,,,,2016.541666666609,183.02,S&P/CoreLogic/Case-Shiller,,,,2016.541666666609,240.628,BLS,,,
2016.6249999999422,163.1638195809752,,,,,,2016.6249999999422,183.658,S&P/CoreLogic/Case-Shiller,,,,2016.6249999999422,240.849,BLS,,,
2016.7083333332755,163.02953649019486,,,,,,2016.7083333332755,183.94799999999998,S&P/CoreLogic/Case-Shiller,,,,2016.7083333332755,241.428,BLS,,,
2016.7916666666088,162.89292102514227,,,,,,2016.7916666666088,184.023,S&P/CoreLogic/Case-Shiller,,,,2016.7916666666088,241.729,BLS,,,
2016.874999999942,163.33463918170472,,,,,,2016.874999999942,184.235,S&P/CoreLogic/Case-Shiller,,,,2016.874999999942,241.353,BLS,,,
2016.9583333332753,163.4336314847811,,,,,,2016.9583333332753,184.407,S&P/CoreLogic/Case-Shiller,,,,2016.9583333332753,241.432,BLS,,,
2017.0416666666085,162.7087481759218,,,,,,2017.0416666666085,184.65900000000002,S&P/CoreLogic/Case-Shiller,,,,2017.0416666666085,242.839,BLS,,,
2017.1249999999418,162.52081365339163,,,,,,2017.1249999999418,185.02599999999998,S&P/CoreLogic/Case-Shiller,,,,2017.1249999999418,243.603,BLS,,,
2017.208333333275,163.7132043737799,,,,,,2017.208333333275,186.535,S&P/CoreLogic/Case-Shiller,,,,2017.208333333275,243.801,BLS,,,
2017.2916666666083,164.99238692259593,,,,,,2017.2916666666083,188.55,S&P/CoreLogic/Case-Shiller,,,,2017.2916666666083,244.524,BLS,,,
2017.3749999999416,166.59835968241805,,,,,,2017.3749999999416,190.548,S&P/CoreLogic/Case-Shiller,,,,2017.3749999999416,244.733,BLS,,,
2017.4583333332748,167.9568149489455,,,,,,2017.4583333332748,192.27599999999998,S&P/CoreLogic/Case-Shiller,,,,2017.4583333332748,244.955,BLS,,,
2017.541666666608,169.16192875781576,,,,,,2017.541666666608,193.52200000000002,S&P/CoreLogic/Case-Shiller,,,,2017.541666666608,244.786,BLS,,,
2017.6249999999413,169.3846068955637,,,,,,2017.6249999999413,194.357,S&P/CoreLogic/Case-Shiller,,,,2017.6249999999413,245.519,BLS,,,
2017.7083333332746,168.8990418513231,,,,,,2017.7083333332746,194.826,S&P/CoreLogic/Case-Shiller,,,,2017.7083333332746,246.819,BLS,,,
2017.7916666666079,169.23660789645788,,,,,,2017.7916666666079,195.092,S&P/CoreLogic/Case-Shiller,,,,2017.7916666666079,246.663,BLS,,,
2017.874999999941,169.5491104994641,,,,,,2017.874999999941,195.457,S&P/CoreLogic/Case-Shiller,,,,2017.874999999941,246.669,BLS,,,
2017.9583333332744,169.99167971602506,,,,,,2017.9583333332744,195.852,S&P/CoreLogic/Case-Shiller,,,,2017.9583333332744,246.524,BLS,,,
2018.0416666666076,169.30197888005193,,,,,,2018.0416666666076,196.12,S&P/CoreLogic/Case-Shiller,,,,2018.0416666666076,247.867,BLS,,,
2018.1249999999409,169.21574776261335,,,,,,2018.1249999999409,196.90900000000002,S&P/CoreLogic/Case-Shiller,,,,2018.1249999999409,248.991,BLS,,,
2018.2083333332741,170.26502918478647,,,,,,2018.2083333332741,198.578,S&P/CoreLogic/Case-Shiller,,,,2018.2083333332741,249.554,BLS,,,
2018.2916666666074,171.33566616875018,,,,,,2018.2916666666074,200.62099999999998,S&P/CoreLogic/Case-Shiller,,,,2018.2916666666074,250.546,BLS,,,
2018.3749999999407,172.19009673855885,,,,,,2018.3749999999407,202.46,S&P/CoreLogic/Case-Shiller,,,,2018.3749999999407,251.588,BLS,,,
2018.458333333274,173.2687575910256,,,,,,2018.458333333274,204.053,S&P/CoreLogic/Case-Shiller,,,,2018.458333333274,251.989,BLS,,,
2018.5416666666072,174.02888170073302,,,,,,2018.5416666666072,204.96200000000002,S&P/CoreLogic/Case-Shiller,,,,2018.5416666666072,252.006,BLS,,,
2018.6249999999404,174.25302854046242,,,,,,2018.6249999999404,205.34,S&P/CoreLogic/Case-Shiller,,,,2018.6249999999404,252.146,BLS,,,
2018.7083333332737,174.08976778447717,,,,,,2018.7083333332737,205.386,S&P/CoreLogic/Case-Shiller,,,,2018.7083333332737,252.439,BLS,,,
2018.791666666607,173.77850416209017,,,,,,2018.791666666607,205.38099999999997,S&P/CoreLogic/Case-Shiller,,,,2018.791666666607,252.885,BLS,,,
2018.8749999999402,174.13922559692253,,,,,,2018.8749999999402,205.118,S&P/CoreLogic/Case-Shiller,,,,2018.8749999999402,252.038,BLS,,,
2018.9583333332735,174.34886025033666,,,,,,2018.9583333332735,204.709,S&P/CoreLogic/Case-Shiller,,,,2018.9583333332735,251.233,BLS,,,
2019.0416666666067,173.59714504427973,,,,,,2019.0416666666067,204.215,S&P/CoreLogic/Case-Shiller,,,,2019.0416666666067,251.712,BLS,,,
2019.12499999994,173.0594297101408,,,,,,2019.12499999994,204.44299999999998,S&P/CoreLogic/Case-Shiller,,,,2019.12499999994,252.776,BLS,,,
2019.2083333332732,173.22244497979761,,,,,,2019.2083333332732,205.79,S&P/CoreLogic/Case-Shiller,,,,2019.2083333332732,254.202,BLS,,,
2019.2916666666065,173.91099999195862,,,,,,2019.2916666666065,207.702,S&P/CoreLogic/Case-Shiller,,,,2019.2916666666065,255.548,BLS,,,
2019.3749999999397,174.9310608308961,,,,,,2019.3749999999397,209.365,S&P/CoreLogic/Case-Shiller,,,,2019.3749999999397,256.092,BLS,,,
2019.458333333273,175.93041283132018,,,,,,2019.458333333273,210.60299999999998,S&P/CoreLogic/Case-Shiller,,,,2019.458333333273,256.143,BLS,,,
2019.5416666666063,176.2649144291466,,,,,,2019.5416666666063,211.356,S&P/CoreLogic/Case-Shiller,,,,2019.5416666666063,256.571,BLS,,,
2019.6249999999395,176.57325691099223,,,,,,2019.6249999999395,211.715,S&P/CoreLogic/Case-Shiller,,,,2019.6249999999395,256.558,BLS,,,
2019.7083333332728,176.58253403969283,,,,,,2019.7083333332728,211.892,S&P/CoreLogic/Case-Shiller,,,,2019.7083333332728,256.759,BLS,,,
2019.791666666606,176.2562478851892,,,,,,2019.791666666606,211.984,S&P/CoreLogic/Case-Shiller,,,,2019.791666666606,257.346,BLS,,,
2019.8749999999393,176.46478593770564,,,,,,2019.8749999999393,212.12099999999998,S&P/CoreLogic/Case-Shiller,,,,2019.8749999999393,257.208,BLS,,,
2019.9583333332725,176.73372070352355,,,,,,2019.9583333332725,212.25099999999998,S&P/CoreLogic/Case-Shiller,,,,2019.9583333332725,256.974,BLS,,,
2020.0416666666058,176.18505475750393,,,,,,2020.0416666666058,212.41299999999998,S&P/CoreLogic/Case-Shiller,,,,2020.0416666666058,257.971,BLS,,,
2020.124999999939,176.3834594363227,,,,,,2020.124999999939,213.235,S&P/CoreLogic/Case-Shiller,,,,2020.124999999939,258.678,BLS,1.0,,
2020.2083333332723,178.4079150824386,,,,,,2020.2083333332723,215.213,S&P/CoreLogic/Case-Shiller,,,,2020.2083333332723,258.115,BLS,,,
2020.2916666666056,181.3173015067397,,,,,,2020.2916666666056,217.26,S&P/CoreLogic/Case-Shiller,,,,2020.2916666666056,256.389,BLS,,,
2020.3749999999388,182.3561152832457,,,,,,2020.3749999999388,218.50900000000001,S&P/CoreLogic/Case-Shiller,,,,2020.3749999999388,256.394,BLS,,,
2020.458333333272,182.46427206085227,,,,,,2020.458333333272,219.835,S&P/CoreLogic/Case-Shiller,,,,2020.458333333272,257.797,BLS,,,
2020.5416666666054,182.99529704476916,,,,,,2020.5416666666054,221.59,S&P/CoreLogic/Case-Shiller,,,,2020.5416666666054,259.101,BLS,,,
2020.6249999999386,184.46170468556662,,,,,,2020.6249999999386,224.07,S&P/CoreLogic/Case-Shiller,,,,2020.6249999999386,259.918,BLS,,,
2020.7083333332719,186.4700046745028,,,,,,2020.7083333332719,226.825,S&P/CoreLogic/Case-Shiller,,,,2020.7083333332719,260.28,BLS,,,
2020.7916666666051,188.87105094337252,,,,,,2020.7916666666051,229.84099999999998,S&P/CoreLogic/Case-Shiller,,,,2020.7916666666051,260.388,BLS,,,
2020.8749999999384,191.05029531759334,,,,,,2020.8749999999384,232.351,S&P/CoreLogic/Case-Shiller,,,,2020.8749999999384,260.229,BLS,,,
2020.9583333332716,192.55790491684962,,,,,,2020.9583333332716,234.405,S&P/CoreLogic/Case-Shiller,,,,2020.9583333332716,260.474,BLS,,,
2021.041666666605,193.4412517990996,,,,,,2021.041666666605,236.482,S&P/CoreLogic/Case-Shiller,,,,2021.041666666605,261.582,BLS,,,
2021.1249999999382,194.64155740939617,,,,,,2021.1249999999382,239.252,S&P/CoreLogic/Case-Shiller,,,,2021.1249999999382,263.014,BLS,,,
2021.2083333332714,197.3084239256672,,,,,,2021.2083333332714,244.248,S&P/CoreLogic/Case-Shiller,,,,2021.2083333332714,264.877,BLS,,,
2021.2916666666047,200.18369316204877,,,,,,2021.2916666666047,249.84400000000002,S&P/CoreLogic/Case-Shiller,,,,2021.2916666666047,267.054,BLS,,,
2021.374999999938,203.060279276201,,,,,,2021.374999999938,255.46599999999998,S&P/CoreLogic/Case-Shiller,,,,2021.374999999938,269.195,BLS,,,
2021.4583333332712,205.6989908059427,,,,,,2021.4583333332712,261.19,S&P/CoreLogic/Case-Shiller,,,,2021.4583333332712,271.696,BLS,,,
2021.5416666666044,208.11030563190124,,,,,,2021.5416666666044,265.52299999999997,S&P/CoreLogic/Case-Shiller,,,,2021.5416666666044,273.003,BLS,,,
2021.6249999999377,210.2428259148577,,,,,,2021.6249999999377,268.798,S&P/CoreLogic/Case-Shiller,,,,2021.6249999999377,273.567,BLS,,,
2021.708333333271,211.74514707411439,,,,,,2021.708333333271,271.454,S&P/CoreLogic/Case-Shiller,,,,2021.708333333271,274.31,BLS,,,
2021.7916666666042,211.71476572022243,,,,,,2021.7916666666042,273.67,S&P/CoreLogic/Case-Shiller,,,,2021.7916666666042,276.589,BLS,,,
2021.8749999999375,212.51026448998252,,,,,,2021.8749999999375,276.048,S&P/CoreLogic/Case-Shiller,,,,2021.8749999999375,277.948,BLS,,,
2021.9583333332707,213.83940282938124,,,,,,2021.9583333332707,278.628,S&P/CoreLogic/Case-Shiller,,,,2021.9583333332707,278.802,BLS,,,
2022.041666666604,214.62822324266503,,,,,,2022.041666666604,282.009,S&P/CoreLogic/Case-Shiller,,,,2022.041666666604,281.148,BLS,,,
2022.1249999999372,216.63896951850887,,,,,,2022.1249999999372,287.251,S&P/CoreLogic/Case-Shiller,,,,2022.1249999999372,283.716,BLS,,,
2022.2083333332705,219.61728473662842,,,,,,2022.2083333332705,295.08799999999997,S&P/CoreLogic/Case-Shiller,,,,2022.2083333332705,287.504,BLS,,,
2022.2916666666038,223.33905620024632,,,,,,2022.2916666666038,301.764,S&P/CoreLogic/Case-Shiller,,,,2022.2916666666038,289.109,BLS,,,
2022.374999999937,224.40527337289123,,,,,,2022.374999999937,306.547,S&P/CoreLogic/Case-Shiller,,,,2022.374999999937,292.296,BLS,,,
2022.4583333332703,222.64708273649214,,,,,,2022.4583333332703,308.323,S&P/CoreLogic/Case-Shiller,,,,2022.4583333332703,296.311,BLS,,,
2022.5416666666035,221.8096237724134,,,,,,2022.5416666666035,307.127,S&P/CoreLogic/Case-Shiller,,,,2022.5416666666035,296.276,BLS,,,
2022.6249999999368,219.37480787714185,,,,,,2022.6249999999368,303.64799999999997,S&P/CoreLogic/Case-Shiller,,,,2022.6249999999368,296.171,BLS,,,
2022.70833333327,216.5977897456672,,,,,,2022.70833333327,300.449,S&P/CoreLogic/Case-Shiller,,,,2022.70833333327,296.808,BLS,,,
2022.7916666666033,214.44969582007144,,,,,,2022.7916666666033,298.676,S&P/CoreLogic/Case-Shiller,,,,2022.7916666666033,298.012,BLS,,,
2022.8749999999366,213.3375883959792,,,,,,2022.8749999999366,296.827,S&P/CoreLogic/Case-Shiller,,,,2022.8749999999366,297.711,BLS,,,
2022.9583333332698,212.18717376060243,,,,,,2022.9583333332698,294.32,S&P/CoreLogic/Case-Shiller,,,,2022.9583333332698,296.797,BLS,,,
2023.041666666603,209.34974857263825,,,,,,2023.041666666603,292.70599999999996,S&P/CoreLogic/Case-Shiller,,,,2023.041666666603,299.17,BLS,,,
,,,,,,,,,,,,,2023.1249999999363,300.84,BLS,,,
