month,fedfunds,gs10,wti,cpi,cape,trcape,spx,spx_low,tr_real,mortgage30,diesel,gas_storage,henryhub,gas_resid,caseshiller,spy,rsp,spx_ew,xhb,heatingoil,tariff_pct,wti_real
1946-01,,,1.17,18.2,15.6232,20.5995,18.64,17.31,51.955,,,,,,,,,,,,,21.4645
1946-02,,,1.17,18.1,15.7617,20.7655,17.21,16.81,48.3734,,,,,,,,,,,,,21.5831
1946-03,,,1.17,18.3,15.1349,19.9266,18.04,17.09,50.3012,,,,,,,,,,,,,21.3472
1946-04,,,1.27,18.4,16.0408,21.1019,18.46,18.06,51.3723,,,,,,,,,,,,,23.0458
1946-05,,,1.27,18.5,16.0137,21.0483,19.18,18.26,53.2352,,,,,,,,,,,,,22.9213
1946-06,,,1.27,18.7,15.7732,20.7145,18.43,18.03,50.7491,,,,,,,,,,,,,22.6761
1946-07,,,1.27,19.8,14.5081,19.039,18.02,17.39,47.0343,,,,,,,,,,,,,21.4163
1946-08,,,1.52,20.2,13.9849,18.3406,16.65,16.65,42.7265,,,,,,,,,,,,,25.1246
1946-09,,,1.52,20.4,11.8413,15.5277,14.81,14.33,37.7973,,,,,,,,,,,,,24.8783
1946-10,,,1.52,20.8,11.3876,14.9319,15.07,14.12,37.8577,,,,,,,,,,,,,24.3998
1946-11,,,1.52,21.3,11.11,14.5655,14.68,14.13,36.146,,,,,,,,,,,,,23.8271
1946-12,,,1.62,21.5,11.3728,14.9042,15.26,14.44,37.3925,,,,,,,,,,,,10.3,25.1584
1947-01,,,1.62,21.5,11.4693,15.0222,15.66,14.77,38.5105,,,,,,,,,,,,,25.1584
1947-02,,,1.62,21.5,11.9496,15.6372,15.43,15.3,38.0775,,,,,,,,,,,,,25.1584
1947-03,,,1.62,21.9,11.2879,14.7575,15.18,14.78,36.9448,,,,,,,,,,,,,24.6989
1947-04,,,1.87,21.9,10.9008,14.239,14.79,14.09,36.136,,,,,,,,,,,,,28.5105
1947-05,,,1.87,21.9,10.7337,14.0085,14.45,13.77,35.4477,,,,,,,,,,,,,28.5105
1947-06,,,1.87,22.0,11.0827,14.4483,15.6,14.3,38.2801,,,,,,,,,,,,,28.3809
1947-07,,,1.87,22.2,11.6964,15.2266,15.8,15.52,38.5649,,,,,,,,,,,,,28.1252
1947-08,,,1.87,22.5,11.3375,14.7391,15.32,15.22,37.0382,,,,,,,,,,,,,27.7502
1947-09,,,1.87,23.0,10.8275,14.058,15.24,14.85,36.2258,,,,,,,,,,,,,27.1469
1947-10,,,1.87,23.0,11.1327,14.435,15.43,15.16,36.825,,,,,,,,,,,,,27.1469
1947-11,,,2.07,23.1,10.9754,14.2147,14.98,14.98,35.7448,,,,,,,,,,,,,29.9202
1947-12,,,2.07,23.4,10.6809,13.82,15.34,14.63,36.3292,,,,,,,,,,,,7.9,29.5366
1948-01,,,2.57,23.7,10.4193,13.4707,14.68,14.32,34.477,,,,,,,,,,,,,36.2069
1948-02,,,2.57,23.5,9.9998,12.9221,13.93,13.85,33.148,,,,,,,,,,,,,36.5151
1948-03,,,2.57,23.4,10.1867,13.1573,15.15,13.84,36.4104,,,,,,,,,,,,,36.6711
1948-04,,,2.57,23.8,10.7795,13.9125,15.48,15.18,36.7329,,,,,,,,,,,,,36.0548
1948-05,,,2.57,23.9,11.241,14.4966,16.69,15.5,39.5967,,,,,,,,,,,,,35.9039
1948-06,,,2.57,24.1,11.5839,14.9258,16.85,16.54,39.8374,,,,,,,,,,,,,35.606
1948-07,,,2.57,24.4,11.1346,14.3384,15.85,15.72,37.1621,,,,,,,,,,,,,35.1682
1948-08,,,2.57,24.5,10.7236,13.8042,16.27,15.67,38.1878,,,,,,,,,,,,,35.0246
1948-09,,,2.57,24.5,10.553,13.5816,15.67,15.19,36.9365,,,,,,,,,,,,,35.0246
1948-10,,,2.57,24.4,10.8254,13.9293,16.5,15.82,39.2169,,,,,,,,,,,,,35.1682
1948-11,,,2.57,24.2,10.2481,13.187,15.13,14.75,36.4676,,,,,,,,,,,,,35.4588
1948-12,,,2.57,24.1,10.1597,13.0739,15.2,15.08,36.9616,,,,,,,,,,,,5.9,35.606
1949-01,,,2.57,24.0,10.2483,13.1874,15.09,14.95,37.0664,,,,,,,,,,,,,35.7543
1949-02,,,2.57,23.8,9.8725,12.706,14.67,14.38,36.5224,,,,,,,,,,,,,36.0548
1949-03,,,2.57,23.8,9.9013,12.7442,14.94,14.77,37.3825,,,,,,,,,,,,,36.0548
1949-04,,,2.57,23.9,9.7836,12.5938,14.71,14.68,36.8421,,,,,,,,,,,,,35.9039
1949-05,,,2.57,23.8,9.6923,12.4785,14.05,14.05,35.5717,,,,,,,,,,,,,36.0548
1949-06,,,2.57,23.9,9.0677,11.6807,14.26,13.55,36.154,,,,,,,,,,,,,35.9039
1949-07,,,2.57,23.7,9.605,12.3758,15.04,14.34,38.659,,,,,,,,,,,,,36.2069
1949-08,,,2.57,23.8,9.8513,12.6935,15.29,15.12,39.3907,,,,,,,,,,,,,36.0548
1949-09,,,2.57,23.9,9.884,12.7356,15.58,15.19,40.1759,,,,,,,,,,,,,35.9039
1949-10,,,2.57,23.7,10.1699,13.1047,16.21,15.6,42.4262,,,,,,,,,,,,,36.2069
1949-11,,,2.57,23.8,10.2159,13.1653,16.28,15.75,42.6543,,,,,,,,,,,,,36.0548
1949-12,,,2.57,23.6,10.5293,13.5708,16.79,16.39,44.5978,,,,,,,,,,,,5.7,36.3603
1950-01,,,2.57,23.5,10.7457,13.8497,17.29,16.66,46.4233,,,,,,,,,,,,,36.5151
1950-02,,,2.57,23.5,10.9116,14.0609,17.29,16.99,46.6641,,,,,,,,,,,,,36.5151
1950-03,,,2.57,23.6,10.9109,14.0568,17.29,17.07,46.7079,,,,,,,,,,,,,36.3603
1950-04,,,2.57,23.6,11.178,14.3949,17.96,17.53,48.7642,,,,,,,,,,,,,36.3603
1950-05,,,2.57,23.7,11.4615,14.7505,18.79,18.11,51.1174,,,,,,,,,,,,,36.2069
1950-06,,,2.57,23.8,11.5541,14.8582,17.69,17.44,48.1591,,,,,,,,,,,,,36.0548
1950-07,,,2.57,24.1,10.5397,13.551,18.14,16.68,49.102,,,,,,,,,,,,,35.606
1950-08,,,2.57,24.3,11.0406,14.1891,18.55,18.28,50.0653,,,,,,,,,,,,,35.3129
1950-09,,,2.57,24.4,11.3374,14.5635,19.45,18.54,52.5579,,,,,,,,,,,,,35.1682
1950-10,,,2.57,24.6,11.6624,14.9722,19.85,19.53,53.5574,,,,,,,,,,,,,34.8823
1950-11,,,2.57,24.7,11.5422,14.8126,19.66,19.36,53.1207,,,,,,,,,,,,,34.741
1950-12,,,2.57,25.0,11.3067,14.5086,20.43,19.0,54.8509,,,,,,,,,,,,6.1,34.3241
1951-01,,,2.57,25.4,11.8958,15.258,21.96,20.69,58.4206,,,,,,,,,,,,,33.7836
1951-02,,,2.57,25.7,12.1415,15.5656,21.93,21.76,57.963,,,,,,,,,,,,,33.3892
1951-03,,,2.57,25.8,11.8416,15.1773,21.48,21.25,56.8589,,,,,,,,,,,,,33.2598
1951-04,,,2.57,25.8,11.9511,15.3141,22.77,21.26,60.675,,,,,,,,,,,,,33.2598
1951-05,,,2.57,25.9,11.8639,15.2007,21.48,21.03,57.3316,,,,,,,,,,,,,33.1314
1951-06,,,2.57,25.9,11.6157,14.8844,20.96,20.96,56.2565,,,,,,,,,,,,,33.1314
1951-07,,,2.57,25.9,11.7782,15.0936,22.85,21.1,61.7418,,,,,,,,,,,,,33.1314
1951-08,,,2.57,25.9,12.257,15.7039,23.28,22.7,63.2273,,,,,,,,,,,,,33.1314
1951-09,,,2.57,26.1,12.445,15.9395,23.26,23.26,63.0018,,,,,,,,,,,,,32.8775
1951-10,,,2.57,26.2,12.3095,15.7606,22.93,22.66,62.2506,,,,,,,,,,,,,32.7521
1951-11,,,2.57,26.4,11.852,15.1717,22.88,22.4,61.9469,,,,,,,,,,,,,32.5039
1951-12,,,2.57,26.5,12.1471,15.5433,23.92,23.01,64.8902,,,,,,,,,,,,5.6,32.3813
1952-01,,,2.57,26.5,12.5271,16.0225,24.3,23.74,66.2169,,,,,,,,,,,,,32.3813
1952-02,,,2.57,26.3,12.3641,15.811,23.26,23.09,64.16,,,,,,,,,,,,,32.6275
1952-03,,,2.57,26.3,12.3623,15.8075,24.02,23.29,66.6355,,,,,,,,,,,,,32.6275
1952-04,,,2.57,26.4,12.2427,15.6564,23.56,23.17,65.4149,,,,,,,,,,,,,32.5039
1952-05,,,2.57,26.4,12.2005,15.6065,23.86,23.56,66.5569,,,,,,,,,,,,,32.5039
1952-06,,,2.57,26.5,12.4479,15.9273,25.05,23.78,70.0078,,,,,,,,,,,,,32.3813
1952-07,,,2.57,26.7,12.6691,16.214,25.45,24.81,70.9071,,,,,,,,,,,,,32.1387
1952-08,,,2.57,26.7,12.6784,16.2304,25.03,24.83,70.0462,,,,,,,,,,,,,32.1387
1952-09,,,2.57,26.7,12.4347,15.9247,24.5,24.45,68.9502,,,,,,,,,,,,,32.1387
1952-10,,,2.57,26.7,12.1312,15.5437,24.52,23.8,69.3206,,,,,,,,,,,,,32.1387
1952-11,,,2.57,26.7,12.4735,15.9864,25.66,24.6,72.8603,,,,,,,,,,,,,32.1387
1952-12,,,2.57,26.7,12.934,16.5765,26.54,25.61,75.751,,,,,,,,,,,,5.3,32.1387
1953-01,,,2.57,26.6,13.0108,16.6738,26.38,25.86,75.8915,,,,,,,,,,,,,32.2595
1953-02,,,2.57,26.5,12.8593,16.479,25.9,25.48,75.105,,,,,,,,,,,,,32.3813
1953-03,,,2.57,26.6,12.8348,16.4461,25.23,25.23,73.2697,,,,,,,,,,,,,32.2595
1953-04,,2.83,2.57,26.6,12.1639,15.5891,24.73,24.19,72.1358,,,,,,,,,,,,,32.2595
1953-05,,3.05,2.57,26.7,12.142,15.5632,24.54,24.46,71.627,,,,,,,,,,,,,32.1387
1953-06,,3.11,2.82,26.8,11.6244,14.9045,24.36,23.54,71.2392,,,,,,,,,,,,,35.1335
1953-07,,2.93,2.82,26.8,11.7502,15.0691,24.75,24.07,72.7038,,,,,,,,,,,,,35.1335
1953-08,,2.95,2.82,26.9,11.7151,15.027,23.57,23.32,69.3702,,,,,,,,,,,,,35.0029
1953-09,,2.87,2.82,26.9,11.1393,14.2947,23.59,22.71,69.7559,,,,,,,,,,,,,35.0029
1953-10,,2.66,2.82,27.0,11.3919,14.6238,24.54,23.39,72.6259,,,,,,,,,,,,,34.8732
1953-11,,2.68,2.82,26.9,11.6441,14.9531,24.98,24.25,74.6208,,,,,,,,,,,,,35.0029
1953-12,,2.59,2.82,26.9,11.7544,15.1014,24.81,24.55,74.4463,,,,,,,,,,,,5.5,35.0029
1954-01,,2.48,2.82,26.9,12.0027,15.4271,26.08,24.8,78.6007,,,,,,,,,,,,,35.0029
1954-02,,2.47,2.82,26.9,12.2151,15.7058,26.15,25.81,79.1518,,,,,,,,,,,,,35.0029
1954-03,,2.37,2.82,26.9,12.4201,15.9741,27.21,26.25,82.7963,,,,,,,,,,,,,35.0029
1954-04,,2.29,2.82,26.8,12.9079,16.6031,28.26,27.01,86.6617,,,,,,,,,,,,,35.1335
1954-05,,2.37,2.82,26.9,13.312,17.1214,29.19,28.21,89.5271,,,,,,,,,,,,,35.0029
1954-06,,2.38,2.82,26.9,13.3579,17.178,29.59,28.15,91.1896,,,,,,,,,,,,,35.0029
1954-07,0.8,2.3,2.82,26.9,13.833,17.7843,30.88,29.84,95.5169,,,,,,,,,,,,,35.0029
1954-08,1.22,2.36,2.82,26.9,14.0421,18.0479,30.5,29.83,94.7748,,,,,,,,,,,,,35.0029
1954-09,1.07,2.38,2.82,26.8,14.3565,18.4458,32.29,30.66,101.07,,,,,,,,,,,,,35.1335
1954-10,0.85,2.43,2.82,26.8,14.6192,18.777,31.68,31.68,99.5167,,,,,,,,,,,,,35.1335
1954-11,0.83,2.48,2.82,26.8,15.1173,19.4076,34.49,31.79,108.813,,,,,,,,,,,,,35.1335
1954-12,1.28,2.51,2.82,26.7,15.7891,20.2575,35.98,34.35,114.32,,,,,,,,,,,,5.4,35.2651
1955-01,1.39,2.61,2.82,26.7,15.9908,20.5019,36.96,34.58,117.922,,,,,,,,,,,,,35.2651
1955-02,1.29,2.65,2.82,26.7,16.4377,21.057,37.52,36.46,120.096,,,,,,,,,,,,,35.2651
1955-03,1.35,2.68,2.82,26.7,16.2193,20.7593,36.95,34.96,118.661,,,,,,,,,,,,,35.2651
1955-04,1.43,2.75,2.82,26.7,16.6853,21.334,37.96,36.83,122.292,,,,,,,,,,,,,35.2651
1955-05,1.43,2.76,2.82,26.7,16.5181,21.0978,38.37,36.97,124.106,,,,,,,,,,,,,35.2651
1955-06,1.64,2.78,2.82,26.7,17.3701,22.1571,41.19,39.01,133.626,,,,,,,,,,,,,35.2651
1955-07,1.68,2.9,2.82,26.8,18.454,23.5035,43.52,41.69,141.059,,,,,,,,,,,,,35.1335
1955-08,1.96,2.97,2.82,26.8,18.2223,23.1737,43.6,41.74,141.829,,,,,,,,,,,,,35.1335
1955-09,2.18,2.97,2.82,26.9,18.844,23.9255,43.67,42.61,141.925,,,,,,,,,,,,,35.0029
1955-10,2.24,2.88,2.82,26.9,17.7723,22.5324,43.96,40.8,143.394,,,,,,,,,,,,,35.0029
1955-11,2.35,2.89,2.82,26.9,18.8356,23.8416,45.44,44.15,148.632,,,,,,,,,,,,,35.0029
1955-12,2.48,2.96,2.82,26.8,18.9424,23.9378,45.48,44.95,149.732,,,,,,,,,,,,5.9,35.1335
1956-01,2.45,2.9,2.82,26.8,18.2926,23.0825,44.78,43.11,147.964,,,,,,,,,,,,,35.1335
1956-02,2.5,2.84,2.82,26.8,18.2661,23.0172,45.81,43.42,151.81,,,,,,,,,,,,,35.1335
1956-03,2.5,2.96,2.82,26.8,19.3712,24.3736,48.48,46.01,161.103,,,,,,,,,,,,,35.1335
1956-04,2.62,3.18,2.82,26.9,19.3706,24.3387,48.51,47.09,161.166,,,,,,,,,,,,,35.0029
1956-05,2.75,3.07,2.82,27.0,18.5445,23.2742,45.58,44.1,151.321,,,,,,,,,,,,,34.8732
1956-06,2.71,3.0,2.82,27.2,18.1582,22.7674,46.97,45.14,155.253,,,,,,,,,,,,,34.6168
1956-07,2.75,3.11,2.82,27.4,18.8568,23.6203,49.64,46.93,163.461,,,,,,,,,,,,,34.3641
1956-08,2.73,3.33,2.82,27.3,18.6709,23.3689,47.51,46.94,157.477,,,,,,,,,,,,,34.49
1956-09,2.95,3.38,2.82,27.4,17.8366,22.3115,45.35,45.35,150.223,,,,,,,,,,,,,34.3641
1956-10,2.96,3.34,2.82,27.5,17.419,21.7773,46.98,44.7,155.636,,,,,,,,,,,,,34.2392
1956-11,2.88,3.49,2.82,27.5,17.1203,21.3921,45.08,44.38,149.789,,,,,,,,,,,,,34.2392
1956-12,2.94,3.59,2.82,27.6,17.1975,21.4745,46.66,45.84,155.032,,,,,,,,,,,,5.9,34.1151
1957-01,2.84,3.46,2.82,27.6,16.7178,20.8632,44.62,44.4,148.694,,,,,,,,,,,,,34.1151
1957-02,3.0,3.34,3.07,27.7,15.8437,19.7626,43.74,42.39,145.681,,,,,,,,,,,,,37.0054
1957-03,2.96,3.41,3.07,27.8,15.9004,19.8218,44.11,43.75,146.827,,,,,,,,,,,,,36.8723
1957-04,3.0,3.48,3.07,27.9,16.1237,20.0868,46.34,44.14,154.262,,,,,,,,,,,,,36.7401
1957-05,3.0,3.6,3.07,28.0,16.5981,20.6611,47.43,46.13,157.772,,,,,,,,,,,,,36.6089
1957-06,3.0,3.8,3.07,28.1,16.7299,20.8068,47.37,46.78,157.451,,,,,,,,,,,,,36.4786
1957-07,2.99,3.93,3.07,28.3,16.8689,20.9598,47.68,47.43,157.905,,,,,,,,,,,,,36.2208
1957-08,3.24,3.93,3.07,28.3,15.8689,19.7027,45.22,43.89,150.2,,,,,,,,,,,,,36.2208
1957-09,3.47,3.92,3.07,28.3,15.1573,18.808,42.79,42.42,142.681,,,,,,,,,,,,,36.2208
1957-10,3.5,3.97,3.07,28.3,14.1495,17.5515,40.44,38.98,135.298,,,,,,,,,,,,,36.2208
1957-11,3.28,3.72,3.07,28.4,13.7362,17.0353,41.72,39.44,139.556,,,,,,,,,,,,,36.0933
1957-12,2.98,3.21,3.0,28.4,13.6732,16.9546,40.87,39.38,137.296,,,,,,,,,,,,6.0,35.2703
1958-01,2.72,3.09,3.07,28.6,13.7884,17.0941,41.7,40.37,139.568,,,,,,,,,,,,,35.8409
1958-02,1.67,3.05,3.07,28.6,13.7849,17.0873,40.84,40.61,137.144,,,,,,,,,,,,,35.8409
1958-03,1.2,2.98,3.07,28.8,13.9256,17.2582,41.48,41.13,138.886,,,,,,,,,,,,,35.592
1958-04,1.26,2.88,3.07,28.9,13.9135,17.2397,43.69,41.33,146.24,,,,,,,,,,,,,35.4689
1958-05,0.63,2.92,3.07,28.9,14.3238,17.743,44.09,43.12,148.03,,,,,,,,,,,,,35.4689
1958-06,0.93,2.97,3.07,28.9,14.6356,18.1225,45.47,44.31,153.229,,,,,,,,,,,,,35.4689
1958-07,0.68,3.2,3.07,29.0,14.9575,18.5131,47.49,45.11,159.942,,,,,,,,,,,,,35.3466
1958-08,1.53,3.54,3.07,28.9,15.5446,19.2292,47.75,47.22,161.824,,,,,,,,,,,,,35.4689
1958-09,1.76,3.76,3.07,28.9,15.9319,19.6954,50.37,47.97,171.281,,,,,,,,,,,,,35.4689
1958-10,1.8,3.8,3.07,28.9,16.5598,20.4551,51.33,50.42,175.001,,,,,,,,,,,,,35.4689
1958-11,2.27,3.74,3.0,29.0,16.9889,20.9656,52.48,51.02,178.76,,,,,,,,,,,,,34.5406
1958-12,2.42,3.86,3.0,28.9,17.3584,21.3995,55.44,52.46,190.089,,,,,,,,,,,,6.5,34.6601
1959-01,2.48,4.02,3.0,29.0,17.9803,22.14,55.45,54.89,189.927,,,,,,,,,,,,,34.5406
1959-02,2.43,3.96,3.0,28.9,17.7592,21.8417,55.41,53.58,190.917,,,,,,,,,,,,,34.6601
1959-03,2.8,3.99,2.97,28.9,18.2009,22.3554,56.44,55.44,195.055,,,,,,,,,,,,,34.3135
1959-04,2.96,4.12,2.97,29.0,18.4308,22.6061,57.65,56.17,199.022,,,,,,,,,,,,,34.1952
1959-05,2.9,4.31,2.97,29.0,18.6927,22.8942,58.68,56.88,203.057,,,,,,,,,,,,,34.1952
1959-06,3.39,4.34,2.97,29.1,18.4486,22.5622,59.28,56.36,205.037,,,,,,,,,,,,,34.0777
1959-07,3.47,4.4,2.97,29.2,19.0905,23.3107,60.51,58.91,209.057,,,,,,,,,,,,,33.961
1959-08,3.5,4.43,2.97,29.2,18.9588,23.1146,58.54,58.26,202.843,,,,,,,,,,,,,33.961
1959-09,3.76,4.68,2.97,29.3,18.1233,22.0656,57.2,55.14,198.008,,,,,,,,,,,,,33.8451
1959-10,3.98,4.53,2.97,29.4,18.022,21.9133,57.52,56.0,198.924,,,,,,,,,,,,,33.73
1959-11,4.0,4.53,2.97,29.4,18.0718,21.9459,58.85,56.22,204.144,,,,,,,,,,,,,33.73
1959-12,3.99,4.69,2.97,29.4,18.6247,22.5883,59.89,58.86,208.246,,,,,,,,,,,,7.1,33.73
1960-01,3.99,4.72,2.97,29.3,18.3383,22.2154,55.61,55.61,194.507,,,,,,,,,,,,,33.8451
1960-02,3.97,4.49,2.97,29.4,17.5453,21.2339,54.57,54.57,190.847,,,,,,,,,,,,,33.73
1960-03,3.84,4.25,2.97,29.4,17.286,20.9019,55.43,53.47,194.379,,,,,,,,,,,,,33.73
1960-04,3.92,4.28,2.97,29.5,17.4298,21.057,54.37,54.37,190.527,,,,,,,,,,,,,33.6156
1960-05,3.85,4.35,2.97,29.5,17.2562,20.8296,56.23,54.13,197.71,,,,,,,,,,,,,33.6156
1960-06,3.32,4.15,2.97,29.6,17.8234,21.494,57.06,56.89,200.472,,,,,,,,,,,,,33.5021
1960-07,3.23,3.9,2.97,29.6,17.3768,20.9375,55.51,54.17,195.55,,,,,,,,,,,,,33.5021
1960-08,2.98,3.8,2.97,29.6,17.5821,21.166,57.0,54.72,201.464,,,,,,,,,,,,,33.5021
1960-09,2.6,3.8,2.97,29.6,17.052,20.5112,53.52,52.48,189.684,,,,,,,,,,,,,33.5021
1960-10,2.47,3.89,2.97,29.8,16.6051,19.9582,54.9,52.2,193.939,,,,,,,,,,,,,33.2772
1960-11,2.44,3.93,2.97,29.8,17.1461,20.591,55.39,55.11,196.196,,,,,,,,,,,,,33.2772
1960-12,1.98,3.84,2.97,29.8,17.5621,21.0713,58.11,55.31,206.369,,,,,,,,,,,,7.2,33.2772
1961-01,1.45,3.84,2.97,29.8,18.4704,22.138,62.22,57.57,221.653,,,,,,,,,,,,,33.2772
1961-02,2.54,3.78,2.97,29.8,19.234,23.0287,63.95,61.14,228.36,,,,,,,,,,,,,33.2772
1961-03,2.02,3.74,2.97,29.8,19.8442,23.734,65.06,63.38,232.864,,,,,,,,,,,,,33.2772
1961-04,1.49,3.78,2.97,29.8,20.3828,24.3521,65.31,64.4,234.289,,,,,,,,,,,,,33.2772
1961-05,1.98,3.71,2.97,29.8,20.5986,24.5844,66.73,65.17,240.054,,,,,,,,,,,,,33.2772
1961-06,1.73,3.88,2.97,29.8,20.3324,24.244,64.64,64.47,233.066,,,,,,,,,,,,,33.2772
1961-07,1.17,3.92,2.97,30.0,20.1466,24.0017,67.68,64.41,243.088,,,,,,,,,,,,,33.0554
1961-08,2.0,4.04,2.97,29.9,20.9417,24.9274,68.19,67.55,246.282,,,,,,,,,,,,,33.1659
1961-09,1.88,3.98,2.97,30.0,20.7052,24.6268,66.73,65.77,240.745,,,,,,,,,,,,,33.0554
1961-10,2.26,3.92,2.97,30.0,20.9242,24.8699,69.47,66.73,251.331,,,,,,,,,,,,,33.0554
1961-11,2.61,3.94,2.97,30.0,21.858,25.9601,71.78,70.01,260.247,,,,,,,,,,,,,33.0554
1961-12,2.33,4.06,2.97,30.0,22.0415,26.159,71.55,70.86,259.976,,,,,,,,,,,,7.2,33.0554
1962-01,2.15,4.08,2.97,30.0,21.1979,25.1425,69.81,67.55,254.369,,,,,,,,,,,,,33.0554
1962-02,2.37,4.04,2.97,30.1,21.4517,25.4271,70.16,69.41,255.362,,,,,,,,,,,,,32.9455
1962-03,2.85,3.93,2.97,30.1,21.4432,25.4006,69.55,69.16,253.707,,,,,,,,,,,,,32.9455
1962-04,2.78,3.84,2.97,30.2,20.6583,24.4574,66.24,63.76,241.535,,,,,,,,,,,,,32.8364
1962-05,2.36,3.87,2.97,30.2,19.0894,22.5927,59.38,53.13,217.08,,,,,,,,,,,,,32.8364
1962-06,2.68,3.91,2.97,30.2,16.8276,19.9172,54.75,51.35,200.727,,,,,,,,,,,,,32.8364
1962-07,2.71,4.01,2.97,30.3,17.1413,20.2891,58.12,54.47,213.118,,,,,,,,,,,,,32.7281
1962-08,2.93,3.98,2.97,30.3,17.5713,20.7974,59.12,56.76,217.373,,,,,,,,,,,,,32.7281
1962-09,2.9,3.98,2.97,30.4,17.3215,20.5019,56.27,55.53,206.785,,,,,,,,,,,,,32.6204
1962-10,2.9,3.93,2.97,30.4,16.7398,19.8163,57.75,52.55,212.984,,,,,,,,,,,,,32.6204
1962-11,2.94,3.92,2.97,30.4,17.8544,21.1346,62.26,57.69,230.233,,,,,,,,,,,,,32.6204
1962-12,2.93,3.86,2.97,30.4,18.5858,21.9969,64.13,61.28,237.919,,,,,,,,,,,,7.6,32.6204
1963-01,2.92,3.83,2.97,30.4,19.2592,22.7878,66.31,63.67,246.624,,,,,,,,,,,,,32.6204
1963-02,3.0,3.92,2.97,30.4,19.4692,23.0294,64.1,63.8,239.004,,,,,,,,,,,,,32.6204
1963-03,2.98,3.93,2.97,30.5,19.2881,22.8089,66.57,63.88,248.021,,,,,,,,,,,,,32.5135
1963-04,2.9,3.97,2.97,30.5,20.1501,23.8197,70.03,66.23,261.698,,,,,,,,,,,,,32.5135
1963-05,3.0,3.93,2.97,30.5,20.5076,24.2324,70.8,69.03,265.207,,,,,,,,,,,,,32.5135
1963-06,2.99,3.99,2.97,30.6,20.3841,24.0772,69.37,68.78,259.628,,,,,,,,,,,,,32.4072
1963-07,3.02,4.02,2.97,30.7,19.9692,23.5788,69.3,67.54,259.313,,,,,,,,,,,,,32.3017
1963-08,3.49,4.0,2.97,30.7,20.4726,24.1632,72.5,69.2,271.931,,,,,,,,,,,,,32.3017
1963-09,3.48,4.08,2.97,30.7,20.9604,24.7271,72.85,71.28,274.042,,,,,,,,,,,,,32.3017
1963-10,3.5,4.11,2.97,30.8,20.8913,24.6346,73.83,71.6,277.476,,,,,,,,,,,,,32.1968
1963-11,3.48,4.12,2.97,30.8,20.7204,24.4237,73.23,69.48,275.884,,,,,,,,,,,,,32.1968
1963-12,3.38,4.13,2.97,30.9,21.0386,24.7891,75.5,73.02,284.351,,,,,,,,,,,,7.4,32.0926
1964-01,3.48,4.17,2.97,30.9,21.6272,25.4718,77.04,75.18,290.82,,,,,,,,,,,,,32.0926
1964-02,3.48,4.15,2.97,30.9,21.8327,25.7025,77.8,76.36,294.363,,,,,,,,,,,,,32.0926
1964-03,3.43,4.22,2.97,30.9,22.1672,26.084,79.94,77.5,303.318,,,,,,,,,,,,,32.0926
1964-04,3.47,4.23,2.97,30.9,22.4222,26.3709,80.17,78.9,304.877,,,,,,,,,,,,,32.0926
1964-05,3.5,4.2,2.97,30.9,22.5743,26.5361,80.37,79.78,306.326,,,,,,,,,,,,,32.0926
1964-06,3.5,4.17,2.97,31.0,22.3003,26.2012,82.6,78.15,314.701,,,,,,,,,,,,,31.9891
1964-07,3.42,4.19,2.92,31.1,22.9844,26.9897,83.18,82.37,316.591,,,,,,,,,,,,,31.3494
1964-08,3.5,4.19,2.92,31.0,22.6504,26.5843,82.76,80.8,316.904,,,,,,,,,,,,,31.4505
1964-09,3.45,4.2,2.92,31.1,22.8922,26.854,84.36,82.46,322.713,,,,,,,,,,,,,31.3494
1964-10,3.36,4.19,2.92,31.1,23.2122,27.2145,84.86,83.65,325.349,,,,,,,,,,,,,31.3494
1964-11,3.52,4.15,2.92,31.2,23.225,27.2146,84.35,83.12,323.26,,,,,,,,,,,,,31.2489
1964-12,3.85,4.18,2.92,31.2,22.753,26.6483,84.75,82.65,325.535,,,,,,,,,,,,7.4,31.2489
1965-01,3.9,4.19,2.92,31.2,23.2693,27.2379,87.56,83.77,337.082,,,,,,,,,,,,,31.2489
1965-02,3.98,4.21,2.92,31.2,23.3721,27.3421,87.43,85.25,337.338,,,,,,,,,,,,,31.2489
1965-03,4.05,4.21,2.92,31.3,23.2535,27.1872,86.53,85.65,333.741,,,,,,,,,,,,,31.1491
1965-04,4.09,4.2,2.92,31.4,23.4206,27.3653,89.11,86.08,343.364,,,,,,,,,,,,,31.0499
1965-05,4.1,4.21,2.92,31.4,23.7088,27.6832,88.42,87.24,341.466,,,,,,,,,,,,,31.0499
1965-06,4.05,4.21,2.92,31.6,22.3853,26.1227,85.16,80.73,327.76,,,,,,,,,,,,,30.8534
1965-07,4.09,4.2,2.92,31.6,22.3008,26.0087,85.25,83.3,328.885,,,,,,,,,,,,,30.8534
1965-08,4.12,4.25,2.92,31.6,22.666,26.4174,88.06,84.8,340.72,,,,,,,,,,,,,30.8534
1965-09,4.02,4.29,2.92,31.6,23.3741,27.2223,89.9,87.76,348.633,,,,,,,,,,,,,30.8534
1965-10,4.08,4.35,2.92,31.7,23.7757,27.6674,92.42,89.47,358.079,,,,,,,,,,,,,30.756
1965-11,4.1,4.45,2.92,31.7,23.9255,27.8181,91.27,90.53,354.621,,,,,,,,,,,,,30.756
1965-12,4.32,4.62,2.92,31.8,23.6941,27.5256,92.43,89.2,358.813,,,,,,,,,,,,7.6,30.6593
1966-01,4.42,4.61,2.92,31.8,24.0585,27.9234,93.26,91.32,363.058,,,,,,,,,,,,,30.6593
1966-02,4.6,4.83,2.92,32.0,23.7,27.483,89.24,88.26,346.038,,,,,,,,,,,,,30.4677
1966-03,4.66,4.87,2.92,32.1,22.6111,26.2003,89.94,86.69,348.5,,,,,,,,,,,,,30.3728
1966-04,4.67,4.75,2.92,32.3,23.1137,26.7604,91.06,89.92,351.477,,,,,,,,,,,,,30.1847
1966-05,4.9,4.78,2.92,32.3,21.8522,25.2836,86.06,83.18,333.219,,,,,,,,,,,,,30.1847
1966-06,5.17,4.81,2.92,32.4,21.5553,24.9255,85.61,83.75,331.288,,,,,,,,,,,,,30.0915
1966-07,5.3,5.02,2.92,32.5,21.3817,24.7118,83.6,83.05,323.339,,,,,,,,,,,,,29.999
1966-08,5.53,5.22,2.92,32.7,19.9139,23.0089,77.42,73.91,298.633,,,,,,,,,,,,,29.8155
1966-09,5.4,5.18,2.97,32.7,19.1617,22.137,76.56,75.03,296.162,,,,,,,,,,,,,30.326
1966-10,5.53,5.01,2.97,32.9,18.8254,21.7469,80.81,72.28,311.813,,,,,,,,,,,,,30.1417
1966-11,5.76,5.16,2.97,32.9,19.7113,22.7657,80.13,78.89,310.034,,,,,,,,,,,,,30.1417
1966-12,5.4,4.84,2.97,32.9,19.7365,22.7902,80.33,79.6,311.652,,,,,,,,,,,,7.6,30.1417
1967-01,4.94,4.58,2.97,32.9,20.4322,23.587,87.36,79.43,340.029,,,,,,,,,,,,,30.1417
1967-02,5.0,4.63,3.0,32.9,21.0744,24.32,88.29,85.61,344.519,,,,,,,,,,,,,30.4461
1967-03,4.53,4.54,3.0,33.0,21.4439,24.7373,90.2,87.34,351.776,,,,,,,,,,,,,30.3539
1967-04,4.05,4.59,3.0,33.1,21.686,25.0073,94.01,87.86,366.419,,,,,,,,,,,,,30.2622
1967-05,3.94,4.85,3.0,33.2,21.9485,25.3001,89.79,88.71,349.974,,,,,,,,,,,,,30.171
1967-06,3.98,5.02,3.0,33.3,21.5521,24.8352,90.64,87.19,353.084,,,,,,,,,,,,,30.0804
1967-07,3.79,5.16,3.0,33.4,21.8042,25.1174,95.83,90.12,373.295,,,,,,,,,,,,,29.9903
1967-08,3.9,5.28,3.07,33.5,22.0306,25.3695,93.68,92.01,364.698,,,,,,,,,,,,,30.5985
1967-09,3.99,5.3,3.07,33.6,22.2191,25.5774,96.71,93.36,376.252,,,,,,,,,,,,,30.5074
1967-10,3.88,5.48,3.07,33.7,22.0682,25.395,91.78,91.33,357.065,,,,,,,,,,,,,30.4169
1967-11,4.13,5.75,3.07,33.8,21.2631,24.463,94.5,90.09,367.442,,,,,,,,,,,,,30.3269
1967-12,4.51,5.7,3.07,33.9,21.7516,25.0183,96.47,94.0,374.876,,,,,,,,,,,,7.5,30.2375
1968-01,4.61,5.53,3.07,34.1,21.5115,24.7367,92.27,91.27,357.514,,,,,,,,,,,,,30.0601
1968-02,4.71,5.56,3.07,34.2,20.425,23.4863,89.11,86.73,345.126,,,,,,,,,,,,,29.9722
1968-03,5.05,5.74,3.07,34.3,19.9347,22.9238,90.2,86.99,349.217,,,,,,,,,,,,,29.8848
1968-04,5.76,5.64,3.07,34.4,21.2774,24.4658,98.66,91.11,381.988,,,,,,,,,,,,,29.798
1968-05,6.12,5.87,3.07,34.5,21.6302,24.8693,98.68,95.8,381.851,,,,,,,,,,,,,29.7116
1968-06,6.07,5.72,3.07,34.7,22.0046,25.2969,99.58,98.72,383.989,,,,,,,,,,,,,29.5403
1968-07,6.03,5.5,3.07,34.9,21.7535,25.0067,96.63,95.79,371.553,,,,,,,,,,,,,29.3711
1968-08,6.03,5.42,3.07,35.0,21.1378,24.2996,98.86,95.95,379.937,,,,,,,,,,,,,29.2871
1968-09,5.78,5.46,3.07,35.1,21.6803,24.9225,103.71,98.31,398.578,,,,,,,,,,,,,29.2037
1968-10,5.91,5.58,3.07,35.3,22.0046,25.2936,103.06,102.36,394.724,,,,,,,,,,,,,29.0382
1968-11,5.82,5.7,3.07,35.4,22.1955,25.511,108.37,101.85,414.808,,,,,,,,,,,,,28.9562
1968-12,6.02,6.03,3.07,35.5,22.2779,25.6035,103.99,102.98,398.027,,,,,,,,,,,,7.1,28.8746
1969-01,6.3,6.04,3.07,35.6,21.195,24.3597,103.01,96.63,394.082,,,,,,,,,,,,,28.7935
1969-02,6.61,6.19,3.07,35.8,20.8957,24.0167,98.13,97.36,374.193,,,,,,,,,,,,,28.6327
1969-03,6.79,6.3,3.25,36.1,20.2023,23.2217,101.51,97.06,384.786,,,,,,,,,,,,,30.0596
1969-04,7.41,6.17,3.35,36.3,20.4286,23.4826,104.0,99.08,393.205,,,,,,,,,,,,,30.8138
1969-05,8.67,6.32,3.35,36.4,20.9723,24.1063,103.46,102.29,390.983,,,,,,,,,,,,,30.7291
1969-06,8.9,6.57,3.35,36.6,19.7133,22.6608,99.61,95.21,375.518,,,,,,,,,,,,,30.5612
1969-07,8.61,6.72,3.35,36.8,18.6817,21.4788,93.47,88.04,351.356,,,,,,,,,,,,,30.3951
1969-08,9.19,6.69,3.35,37.0,18.4295,21.1933,95.51,91.48,357.995,,,,,,,,,,,,,30.2308
1969-09,9.15,7.16,3.35,37.1,18.398,21.1616,93.19,91.66,349.481,,,,,,,,,,,,,30.1493
1969-10,9.0,7.1,3.35,37.3,18.4487,21.2239,97.12,91.75,363.18,,,,,,,,,,,,,29.9877
1969-11,8.85,7.14,3.35,37.5,18.4378,21.2157,93.81,92.24,349.817,,,,,,,,,,,,,29.8277
1969-12,8.97,7.65,3.35,37.7,17.3269,19.9451,93.0,88.62,346.1,,,,,,,,,,,,7.1,29.6695
1970-01,8.98,7.79,3.35,37.8,17.0905,19.6816,85.02,84.42,316.426,,,,,,,,,,,,,29.591
1970-02,8.98,7.24,3.35,38.0,16.3726,18.8653,89.5,84.64,332.269,,,,,,,,,,,,,29.4353
1970-03,7.76,7.07,3.35,38.2,16.5317,19.0588,89.39,86.19,331.259,,,,,,,,,,,,,29.2811
1970-04,8.1,7.39,3.35,38.5,15.8731,18.3114,81.44,79.31,300.313,,,,,,,,,,,,,29.053
1970-05,7.95,7.91,3.35,38.6,13.9838,16.1496,76.55,68.61,282.453,,,,,,,,,,,,,28.9777
1970-06,7.61,7.84,3.35,38.8,13.7997,15.9551,72.92,72.11,268.77,,,,,,,,,,,,,28.8283
1970-07,7.21,7.46,3.31,39.0,13.7265,15.8889,78.05,70.69,287.115,,,,,,,,,,,,,28.3381
1970-08,6.62,7.53,3.31,39.0,14.1005,16.3395,82.83,74.13,305.88,,,,,,,,,,,,,28.3381
1970-09,6.29,7.39,3.31,39.2,14.8427,17.2151,85.16,80.61,313.803,,,,,,,,,,,,,28.1935
1970-10,6.2,7.33,3.31,39.4,15.0642,17.4867,83.25,82.29,306.094,,,,,,,,,,,,,28.0504
1970-11,5.6,6.84,3.31,39.6,14.9508,17.3698,89.46,82.23,328.433,,,,,,,,,,,,,27.9087
1970-12,4.9,6.39,3.56,39.8,15.8738,18.4545,92.15,88.48,337.505,,,,,,,,,,,,6.5,29.8658
1971-01,4.14,6.24,3.56,39.8,16.4618,19.149,95.88,90.64,352.066,,,,,,,,,,,,,29.8658
1971-02,3.72,6.11,3.56,39.9,17.0345,19.8246,96.75,94.92,355.246,,,,,,,,,,,,,29.7909
1971-03,3.71,5.7,3.56,40.0,17.4029,20.2616,100.56,96.11,369.415,,,,,,,,,,,,,29.7164
1971-04,4.16,5.83,3.56,40.1,17.9241,20.8755,103.95,99.88,381.798,7.31,,,,,,,,,,,,29.6423
1971-05,4.63,6.39,3.56,40.3,17.5642,20.4639,99.63,98.68,364.973,7.425,,,,,,,,,,,,29.4952
1971-06,4.91,6.52,3.56,40.6,17.0832,19.9119,99.78,96.92,363.906,7.53,,,,,,,,,,,,29.2773
1971-07,5.31,6.73,3.56,40.7,16.8894,19.6949,95.58,95.08,348.573,7.604,,,,,,,,,,,,29.2053
1971-08,5.57,6.58,3.56,40.8,16.5194,19.273,100.69,92.81,367.424,7.6975,,,,,,,,,,,,29.1338
1971-09,5.55,6.14,3.56,40.8,16.8568,19.6749,98.93,96.97,361.866,7.6875,,,,,,,,,,,,29.1338
1971-10,5.2,5.93,3.56,40.9,16.4289,19.1844,94.23,92.96,344.676,7.628,,,,,,,,,,,,29.0625
1971-11,4.91,5.81,3.56,40.9,15.6387,18.2719,97.06,89.34,356.154,7.55,,,,,,,,,,,,29.0625
1971-12,4.14,5.93,3.56,41.1,16.6036,19.4058,102.09,95.4,373.668,7.48,,,,,,,,,,,6.1,28.9211
1972-01,3.51,5.95,3.56,41.1,17.263,20.1808,104.86,100.87,384.898,7.4375,,,,,,,,,,,,28.9211
1972-02,3.3,6.08,3.56,41.3,17.4641,20.4189,107.94,103.9,395.163,7.325,,,,,,,,,,,,28.781
1972-03,3.83,6.07,3.56,41.4,17.8056,20.8197,107.2,105.86,392.365,7.298,,,,,,,,,,,,28.7115
1972-04,4.17,6.19,3.56,41.5,17.9152,20.9484,107.67,106.18,393.988,7.29,,,,,,,,,,,,28.6423
1972-05,4.27,6.13,3.56,41.6,17.6626,20.6541,109.73,103.83,401.652,7.3725,,,,,,,,,,,,28.5735
1972-06,4.46,6.11,3.56,41.7,17.6409,20.6291,107.14,105.94,392.09,7.372,,,,,,,,,,,,28.505
1972-07,4.55,6.11,3.56,41.9,17.3987,20.3466,110.43,104.43,403.303,7.395,,,,,,,,,,,,28.3689
1972-08,4.81,6.21,3.56,42.0,17.9434,20.9826,111.51,109.26,407.141,7.4,,,,,,,,,,,,28.3014
1972-09,4.87,6.55,3.56,42.1,17.6139,20.5969,110.55,107.35,403.549,7.42,,,,,,,,,,,,28.2341
1972-10,5.05,6.48,3.56,42.3,17.5332,20.5024,114.22,106.27,416.099,7.42,,,,,,,,,,,,28.1006
1972-11,5.06,6.28,3.56,42.4,18.3389,21.4419,117.38,112.08,427.488,7.4275,,,,,,,,,,,,28.0344
1972-12,5.33,6.36,3.56,42.5,18.6457,21.7968,118.05,114.63,429.799,7.442,,,,,,,,,,,5.7,27.9684
1973-01,5.94,6.46,3.56,42.6,18.7125,21.8703,114.35,113.45,416.423,7.4375,,,,,,,,,,,,27.9028
1973-02,6.58,6.64,3.56,42.9,17.8899,20.9059,112.28,109.45,406.895,7.44,,,,,,,,,,,,27.7076
1973-03,7.09,6.71,3.56,43.3,17.4121,20.3453,111.52,107.41,401.28,7.458,,,,,,,,,,,,27.4517
1973-04,7.12,6.67,3.56,43.6,16.9357,19.7873,111.0,105.34,397.764,7.5425,,,,,,,,,,,,27.2628
1973-05,7.84,6.85,3.56,43.9,16.3143,19.0611,103.93,101.36,370.745,7.6525,,,,,,,,,,,,27.0765
1973-06,8.49,6.9,3.56,44.2,15.8083,18.4706,104.26,101.45,370.27,7.734,,,,,,,,,,,,26.8927
1973-07,10.4,7.13,3.56,44.3,15.8895,18.5655,106.49,100.44,378.449,8.05,,,,,,,,,,,,26.832
1973-08,10.5,7.4,4.31,45.1,15.2785,17.8522,104.25,99.74,364.799,8.496,,,,,,,,,,,,31.9086
1973-09,10.78,7.09,4.31,45.2,15.4753,18.0821,108.43,102.13,379.485,8.815,,,,,,,,,,,,31.838
1973-10,10.01,6.79,4.31,45.6,15.9135,18.5921,107.07,106.33,372.513,8.77,,,,,,,,,,,,31.5587
1973-11,10.03,6.73,4.31,45.9,14.6518,17.1197,95.96,94.88,332.523,8.582,,,,,,,,,,,,31.3524
1973-12,9.95,6.74,4.31,46.2,13.4933,15.7711,98.9,91.05,341.641,8.5375,,,,,,,,,,,5.0,31.1488
1974-01,9.65,6.99,10.11,46.6,13.5307,15.8191,95.32,91.62,327.344,8.54,,,,,,,,,,,,72.4389
1974-02,8.97,6.96,10.11,47.2,12.9573,15.1543,95.53,89.53,324.804,8.455,,,,,,,,,,,,71.5181
1974-03,9.35,7.21,10.11,47.8,13.3104,15.5711,93.98,93.44,316.385,8.406,,,,,,,,,,,,70.6204
1974-04,10.51,7.51,10.11,48.0,12.5504,14.6883,91.29,88.62,307.156,8.5825,,,,,,,,,,,,70.3261
1974-05,11.31,7.58,10.11,48.6,11.9954,14.0459,87.28,85.87,290.913,8.972,,,,,,,,,,,,69.4579
1974-06,11.93,7.54,10.11,49.0,11.8885,13.9277,86.0,85.13,285.165,9.085,,,,,,,,,,,,68.8909
1974-07,12.92,7.81,10.11,49.4,10.3941,12.1885,78.59,77.84,259.553,9.28,,,,,,,,,,,,68.3331
1974-08,12.01,8.04,10.11,50.0,9.8242,11.5329,72.15,69.37,236.287,9.586,,,,,,,,,,,,67.5131
1974-09,11.34,8.04,10.11,50.6,8.6804,10.2062,62.34,60.96,202.786,9.9575,,,,,,,,,,,,66.7125
1974-10,10.06,7.9,11.16,51.1,8.745,10.2972,73.88,62.78,238.89,9.9775,,,,,,,,,,,,72.9206
1974-11,9.45,7.68,11.16,51.5,8.949,10.5515,69.97,66.85,225.362,9.788,,,,,,,,,,,,72.3542
1974-12,8.53,7.43,11.16,51.9,8.2891,9.7895,70.71,64.13,227.155,9.615,,,,,,,,,,,3.8,71.7965
1975-01,7.13,7.5,11.16,52.1,8.921,10.5499,76.98,69.04,247.285,9.432,,,,,25.34,,,,,,,71.5209
1975-02,6.24,7.39,11.16,52.5,9.7622,11.556,81.59,76.0,260.999,9.105,,,,,25.4,,,,,,,70.976
1975-03,5.54,7.73,11.16,52.7,10.1638,12.0417,80.88,80.08,258.838,8.9025,,,,,25.42,,,,,,,70.7066
1975-04,5.49,8.23,11.16,52.9,10.2331,12.134,89.22,79.66,285.381,8.82,,,,,25.39,,,,,,,70.4393
1975-05,5.22,8.06,11.16,53.2,10.8181,12.8361,91.15,87.6,290.82,8.906,,,,,25.4,,,,,,,70.0421
1975-06,5.55,7.86,11.16,53.6,11.0114,13.0732,94.36,89.3,299.964,8.8925,,,,,25.43,,,,,,,69.5194
1975-07,6.1,8.06,11.16,54.2,10.9028,12.9524,87.99,87.46,277.485,8.89,,,,,25.55,,,,,,,68.7498
1975-08,6.14,8.4,11.16,54.3,10.0898,11.9973,86.88,82.21,274.389,8.942,,,,,25.73,,,,,,,68.6232
1975-09,6.24,8.43,11.16,54.6,9.9189,11.8052,85.95,81.57,271.091,9.13,,,,,25.97,,,,,,,68.2462
1975-10,5.82,8.14,11.16,54.9,10.3276,12.3009,89.04,85.56,280.197,9.224,,,,,26.2,,,,,,,67.8732
1975-11,5.22,8.05,11.16,55.3,10.4359,12.4381,91.24,87.63,285.94,9.145,,,,,26.43,,,,,,,67.3823
1975-12,5.2,8.0,11.16,55.5,10.2504,12.2253,90.9,86.15,284.98,9.0975,,,,,26.54,,,,,,3.9,67.1395
1976-01,4.87,7.74,11.16,55.6,11.1851,13.3449,100.86,90.85,316.551,9.016,,,,,26.67,,,,,,,67.0187
1976-02,4.77,7.79,12.03,55.8,11.5861,13.8258,99.71,98.5,312.703,8.8125,,,,,26.73,,,,,,,71.9844
1976-03,4.84,7.73,12.1,55.9,11.6318,13.882,102.25,98.23,321.22,8.755,,,,,26.91,,,,,,,72.2737
1976-04,4.82,7.56,12.17,56.1,11.6892,13.9513,101.64,99.57,319.064,8.73,,,,,27.1,,,,,,,72.4327
1976-05,5.29,7.9,12.17,56.5,11.5321,13.7646,100.18,98.26,313.142,8.765,,,,,27.35,,,,,,,71.9199
1976-06,5.48,7.86,12.17,56.8,11.5438,13.779,104.11,97.97,324.854,8.8475,,,,,27.48,,,,,,,71.54
1976-07,5.31,7.83,12.17,57.1,11.7575,14.0332,103.44,102.31,321.966,8.934,,,,,27.7,,,,,,,71.1641
1976-08,5.29,7.77,12.17,57.4,11.598,13.8426,104.3,100.43,324.097,9.0,,,,,27.89,,,,,,,70.7922
1976-09,5.25,7.59,13.9,57.6,11.806,14.0899,104.17,103.28,323.476,8.9775,,,,,28.07,,,,,,,80.5748
1976-10,5.02,7.41,13.9,57.9,11.3457,13.5416,102.9,99.21,318.82,8.93,,,,,28.2,,,,,,,80.1573
1976-11,4.95,7.29,13.9,58.0,11.2489,13.428,102.76,98.18,319.038,8.8125,,,,,28.41,,,,,,,80.0191
1976-12,4.65,6.87,13.9,58.2,11.5976,13.8452,107.46,102.53,333.468,8.792,,,,,28.7,,,,,,3.9,79.7441
1977-01,4.61,7.21,13.9,58.5,11.438,13.6561,101.88,100.91,315.734,8.7225,,,,,28.98,,,,,,,79.3351
1977-02,4.68,7.39,13.9,59.1,11.0148,13.1541,101.2,98.82,311.429,8.67,,,,,29.34,,,,,,,78.5297
1977-03,4.69,7.46,13.9,59.5,10.8957,13.0159,99.21,97.8,304.23,8.6875,,,,,29.7,,,,,,,78.0018
1977-04,4.73,7.37,13.9,60.0,10.636,12.7109,98.44,96.53,300.341,8.752,,,,,30.16,,,,,,,77.3518
1977-05,5.35,7.46,13.9,60.3,10.5485,12.6123,97.69,95.52,297.82,8.8275,,,,,30.45,,,,,,,76.9669
1977-06,5.39,7.28,13.9,60.7,10.53,12.5965,100.1,96.6,304.175,8.8575,,,,,30.7,,,,,,,76.4597
1977-07,5.42,7.33,13.9,61.0,10.5677,12.648,98.85,97.71,299.913,8.942,,,,,31.0,,,,,,,76.0837
1977-08,5.9,7.4,14.85,61.2,10.2684,12.2975,97.45,95.04,295.995,8.94,,,,,31.33,,,,,,,81.018
1977-09,6.14,7.34,14.85,61.4,10.0677,12.0658,96.53,94.44,293.3,8.896,,,,,31.73,,,,,,,80.7541
1977-10,6.47,7.52,14.85,61.6,9.7667,11.715,91.58,90.01,278.663,8.9225,,,,,32.17,,,,,,,80.4919
1977-11,6.51,7.58,14.85,61.9,9.7663,11.7247,94.67,91.32,287.734,8.9225,,,,,32.55,,,,,,,80.1018
1977-12,6.56,7.69,14.85,62.1,9.6783,11.6298,95.1,91.76,289.21,8.96,,,,,32.89,,,,,,3.7,79.8439
1978-01,6.7,7.96,14.85,62.5,9.2415,11.1173,89.62,88.02,272.169,9.015,,,,,33.26,,,,,,,79.3329
1978-02,6.78,8.03,14.85,62.9,9.0453,10.8945,87.45,86.45,264.983,9.145,,,,,33.65,,,,,,,78.8284
1978-03,6.79,8.04,14.85,63.4,8.9504,10.7938,89.21,86.48,269.293,9.202,,,,,34.06,,,,,,,78.2067
1978-04,6.89,8.15,14.85,63.9,9.2626,11.1824,96.83,88.07,291.164,9.355,,,,,34.43,,,,,,,77.5947
1978-05,7.36,8.35,14.85,64.5,9.6349,11.6422,98.14,94.57,293.766,9.5725,,,,,34.83,,,,,,,76.8729
1978-06,7.6,8.46,14.85,65.2,9.5497,11.5495,95.53,93.99,283.984,9.708,,,,,35.36,,,,,,,76.0476
1978-07,7.81,8.64,14.85,65.7,9.4255,11.4099,103.92,93.59,308.054,9.74,,,,,35.84,,,,,,,75.4689
1978-08,8.04,8.41,14.85,66.0,10.024,12.1424,103.68,102.6,307.072,9.785,,,,,36.32,,,,,,,75.1258
1978-09,8.45,8.42,14.85,66.5,9.9419,12.051,102.54,100.66,302.535,9.756,,,,,36.71,,,,,,,74.561
1978-10,8.96,8.64,14.85,67.1,9.5336,11.5653,96.18,91.65,282.608,9.8575,,,,,37.11,,,,,,,73.8942
1978-11,9.76,8.81,14.85,67.4,8.9284,10.8423,96.28,91.77,282.793,10.1075,,,,,37.56,,,,,,,73.5653
1978-12,10.03,9.01,14.85,67.7,9.0119,10.9539,96.11,92.64,282.185,10.346,,,,,38.07,,,,,,4.0,73.2393
1979-01,10.07,9.1,14.85,68.3,9.2576,11.261,99.5,95.22,290.998,10.39,,,,,38.63,,,,,,,72.596
1979-02,10.06,9.1,15.85,69.1,9.0037,10.961,96.97,95.38,281.454,10.4075,,,,,39.14,,,,,,,76.5875
1979-03,10.09,9.12,15.85,69.8,9.0708,11.0506,101.59,97.03,293.066,10.426,,,,,39.6,,,,,,,75.8194
1979-04,10.01,9.18,15.85,70.6,9.1331,11.1336,100.69,100.14,288.605,10.4975,,,,,40.02,,,,,,,74.9603
1979-05,10.24,9.25,18.1,71.5,8.7944,10.729,99.17,97.49,281.821,10.69,,,,,40.46,,,,,,,84.5238
1979-06,10.29,8.91,19.1,72.3,8.8539,10.8092,102.91,98.61,290.377,11.036,,,,,40.96,,,,,,,88.2067
1979-07,10.47,8.95,21.75,73.1,8.8275,10.7843,104.04,100.35,291.818,11.0925,,,,,41.39,,,,,,,99.3456
1979-08,10.94,9.03,26.5,73.8,9.1272,11.1563,109.32,103.27,304.899,11.094,,,,,41.8,,,,,,,119.8936
1979-09,11.43,9.33,28.5,74.6,9.1128,11.1444,109.32,105.38,302.804,11.3,,,,,42.19,,,,,,,127.5595
1979-10,13.77,10.3,29.0,75.2,8.6818,10.6248,102.51,99.06,283.126,11.6375,,,,,42.6,,,,,,,128.7617
1979-11,13.18,10.65,31.0,75.9,8.5188,10.4335,106.16,99.42,291.709,12.83,,,,,42.98,,,,,,,136.3724
1979-12,13.78,10.39,32.5,76.7,8.7452,10.7179,106.52,103.26,291.11,12.9,,,,,43.3,,,,,,3.5,141.4799
1980-01,13.82,10.8,32.5,77.8,8.8509,10.8541,115.12,105.8,311.376,12.8775,,,,,43.58,,,,,,,139.4795
1980-02,14.13,12.41,37.0,78.9,9.0545,11.1093,113.66,111.33,304.304,13.04,,,,,43.86,,,,,,,156.5782
1980-03,17.19,12.75,38.0,80.1,8.0812,9.9248,102.15,94.23,270.846,15.2825,,,,,44.18,,,,,,,158.4009
1980-04,17.61,11.47,39.5,81.0,7.844,9.6444,105.58,98.95,278.032,16.325,,,,,44.49,,,,,,,162.8241
1980-05,10.98,10.18,39.5,81.8,8.1042,9.9744,111.24,103.5,291.287,14.262,,,,,44.72,,,,,,,161.2317
1980-06,9.47,9.78,39.5,82.7,8.5121,10.4849,117.46,109.77,305.737,12.71,,,,,44.95,,,,,,,159.4771
1980-07,9.03,10.25,39.5,82.7,8.8809,10.9469,121.21,116.29,316.706,12.1925,,,,,45.23,,,,,,,159.4771
1980-08,9.61,11.1,38.0,83.3,9.071,11.1885,122.38,119.42,318.644,12.56,,,,,45.49,,,,,,,152.3159
1980-09,10.87,11.51,36.0,84.0,9.196,11.3498,129.33,121.79,335.471,13.1975,,,,,45.76,,,,,,,143.0968
1980-10,12.81,11.75,36.0,84.8,9.3578,11.5562,127.47,125.29,328.713,13.792,,,,,46.0,,,,,,,141.7468
1980-11,15.85,12.68,36.0,85.5,9.654,11.9276,140.52,127.23,360.643,14.205,,,,,46.27,,,,,,,140.5863
1980-12,18.9,12.84,37.0,86.3,9.3899,11.608,136.34,125.32,348.208,14.79,,,,,46.51,,,,,,3.1,143.1521
1981-01,19.08,12.57,38.0,87.0,9.2594,11.4542,129.55,128.57,329.392,14.904,,,,3.94,46.71,,,,,,,145.8381
1981-02,15.93,13.19,38.0,87.9,8.8299,10.9321,131.27,124.66,331.58,15.1325,,,,3.99,46.93,,,,,,,144.3449
1981-03,14.7,13.12,38.0,88.5,9.0811,11.2514,135.49,128.56,341.461,15.4,,,,4.06,47.15,,,,,,,143.3663
1981-04,15.72,13.68,38.0,89.1,9.0856,11.2653,132.72,131.43,333.431,15.58,,,,4.11,47.46,,,,,,,142.4008
1981-05,18.52,14.1,38.0,89.8,8.8185,10.9432,132.59,128.78,331.734,16.402,,,,4.29,47.72,,,,,,,141.2908
1981-06,19.1,13.47,36.0,90.6,8.7653,10.8863,128.64,127.84,320.499,16.695,,,,4.3,47.98,,,,,,,132.6725
1981-07,19.04,14.28,36.0,91.6,8.4453,10.4987,130.92,125.96,323.85,16.832,,,,4.32,48.18,,,,,,,131.2241
1981-08,17.82,14.94,36.0,92.3,8.3998,10.4521,120.07,119.24,296.203,17.285,,,,4.3,48.41,,,,,,,130.2289
1981-09,15.87,15.32,36.0,93.2,7.5812,9.4464,119.36,110.19,292.855,18.16,,,,4.47,48.55,,,,,,,128.9714
1981-10,15.08,15.15,35.0,93.4,7.6491,9.5438,121.89,116.81,299.676,18.454,,,,4.5,48.69,,,,,,,125.1203
1981-11,13.31,13.39,36.0,93.7,7.8108,9.7572,126.26,119.13,311.018,17.825,,,,4.53,48.79,,,,,,,128.2831
1981-12,12.37,13.72,35.0,94.0,7.8326,9.7959,122.55,121.04,302.161,16.946,,,,4.55,48.88,,,,,,3.4,124.3217
1982-01,13.22,14.59,33.85,94.3,7.3887,9.2538,120.4,113.63,297.203,17.485,,,,4.65,48.96,,,,,,,119.8543
1982-02,14.78,14.43,31.56,94.6,7.1818,9.0088,113.11,110.03,279.576,17.5975,,,,4.69,49.07,,,,,,,111.3916
1982-03,14.68,13.86,28.48,94.5,6.9507,8.7342,115.12,104.46,286.506,17.16,,,,4.78,49.0,,,,,,,100.6271
1982-04,14.94,13.87,33.45,94.9,7.2591,9.1358,116.44,113.7,289.853,16.892,,,,4.86,48.96,,,,,,,117.6892
1982-05,14.45,13.62,35.93,95.8,7.1926,9.0663,111.88,111.66,277.128,16.6775,,,,5.17,48.95,,,,,,,125.2271
1982-06,14.15,14.3,35.07,97.0,6.6921,8.4515,107.65,107.01,264.936,16.6975,,,,5.2,48.89,,,,,,,120.7176
1982-07,12.59,13.95,34.16,97.5,6.6387,8.4003,107.09,105.57,263.465,16.816,,,,5.23,48.83,,,,,,,116.9822
1982-08,10.12,13.06,33.95,97.7,6.6434,8.4228,122.68,102.2,302.981,16.27,,,,5.23,48.78,,,,,,,116.0251
1982-09,10.31,12.34,35.63,97.9,7.3988,9.3938,121.97,120.14,301.91,15.43,,,,5.41,48.85,,,,,,,121.5178
1982-10,9.71,10.91,35.68,98.2,7.9998,10.1678,133.72,120.56,331.282,14.608,,,,5.66,48.93,,,,,,,121.3165
1982-11,9.2,10.55,34.15,98.0,8.3475,10.6194,138.69,132.89,345.941,13.825,,,,5.68,49.03,,,,,,,116.3513
1982-12,8.95,10.54,31.72,97.6,8.4677,10.782,140.64,134.79,353.581,13.624,,,,5.74,49.18,,,,,,3.6,108.5151
1983-01,8.68,10.46,31.19,97.8,8.7568,11.1585,146.14,138.08,368.33,13.2475,,,,5.86,49.39,,,,,,,106.4837
1983-02,8.51,10.72,28.95,97.9,8.9105,11.3621,153.67,143.84,388.286,13.0425,,,,5.87,49.67,,,,,,,98.7353
1983-03,8.77,10.51,28.82,97.9,9.2328,11.7793,152.96,149.12,387.848,12.8,,,,6.0,49.83,,,,,,,98.2919
1983-04,8.8,10.4,30.61,98.6,9.5316,12.165,164.43,150.17,415.359,12.782,,,,6.06,50.0,,,,,,,103.6557
1983-05,8.63,10.38,30.0,99.2,9.8745,12.6053,164.42,160.29,414.498,12.6325,,,,6.22,50.16,,,,,,,100.9756
1983-06,8.98,10.85,31.0,99.5,10.0001,12.7674,168.64,160.8,425.206,12.87,,,,6.2,50.34,,,,,,,104.0268
1983-07,9.37,11.38,31.66,99.9,10.0145,12.7869,162.56,161.5,409.556,13.422,,,,6.21,50.57,,,,,,,105.8162
1983-08,9.56,11.85,31.91,100.2,9.7281,12.4228,165.0,158.5,416.168,13.81,,,,6.18,50.76,,,,,,,106.3324
1983-09,9.45,11.65,31.11,100.7,9.9842,12.7499,166.07,164.17,418.131,13.726,,,,6.19,50.94,,,,,,,103.1519
1983-10,9.48,11.54,30.41,101.0,10.0034,12.7735,162.44,162.22,409.435,13.535,,,,6.7,51.11,,,,,,,100.5314
1983-11,9.34,11.69,29.84,101.2,9.8536,12.5815,165.44,161.63,417.536,13.435,,,,6.3,51.3,,,,,,,98.4521
1983-12,9.47,11.83,29.24,101.3,9.815,12.5311,164.93,161.58,417.224,13.42,,,,5.94,51.5,,,,,,3.7,96.3773
1984-01,9.56,11.67,29.69,101.9,9.8949,12.6308,160.91,160.82,406.335,13.3675,,,,5.78,51.7,,,,,,,97.2843
1984-02,9.59,11.84,30.145,102.4,9.3245,11.9024,159.24,152.13,401.556,13.2325,,,,5.84,51.9,,,,,,,98.2929
1984-03,9.91,12.32,30.761,102.6,9.3267,11.9046,159.18,153.77,402.03,13.386,,,,5.92,52.11,,,,,,,100.1059
1984-04,10.29,12.63,30.618,103.1,9.3056,11.8765,159.11,154.12,401.666,13.6525,,,,5.96,52.31,,,,,,,99.1573
1984-05,10.32,13.41,30.52,103.4,9.2318,11.7811,153.24,148.68,387.121,13.9425,,,,6.27,52.54,,,,,,,98.5532
1984-06,11.06,13.56,29.967,103.7,9.0102,11.4977,153.18,148.53,387.27,14.416,,,,6.76,52.76,,,,,,,96.4875
1984-07,11.23,13.36,28.752,104.1,8.8683,11.3162,162.35,147.26,410.763,14.6675,,,,7.11,52.98,,,,,,,92.2198
1984-08,11.64,12.72,29.25,104.5,9.6231,12.2747,166.68,160.81,421.539,14.47,,,,7.23,53.19,,,,,,,93.4579
1984-09,11.3,12.52,29.311,105.0,9.6873,12.3516,166.1,163.06,419.502,14.35,,,,7.17,53.39,,,,,,,93.2069
1984-10,9.99,12.16,28.765,105.3,9.5951,12.2294,167.42,160.02,423.454,14.13,,,,6.8,53.58,,,,,,,91.21
1984-11,9.43,11.57,28.098,105.3,9.692,12.3487,163.58,162.99,415.182,13.638,,,,6.31,53.72,,,,,,,89.0951
1984-12,8.38,11.5,25.429,105.3,9.5951,12.2222,163.68,161.54,417.272,13.18,,,,6.05,53.91,,,,,,3.7,80.632
1985-01,8.35,11.38,25.641,105.5,9.997,12.7296,178.63,163.68,456.047,13.075,,,,5.97,54.15,,,,,,,81.1501
1985-02,8.5,11.51,27.271,106.0,10.4949,13.3574,183.23,177.75,467.089,12.92,,,,5.86,54.43,,,,,,,85.9017
1985-03,8.58,11.86,28.238,106.4,10.3732,13.1978,180.66,176.53,460.32,13.17,,,,5.99,54.72,,,,,,,88.6133
1985-04,8.27,11.43,28.805,106.9,10.3971,13.2241,180.08,177.86,458.568,13.195,,,,6.11,55.0,,,,,,,89.9698
1985-05,7.97,10.85,27.623,107.3,10.6081,13.4885,189.55,179.82,482.408,12.914,,,,6.59,55.31,,,,,,,85.9563
1985-06,7.53,10.16,27.143,107.6,10.81,13.7414,191.85,185.03,488.432,12.215,,,,6.96,55.61,,,,,,,84.2272
1985-07,7.88,10.31,27.329,107.8,10.9976,13.9764,191.48,189.3,488.473,12.0325,,,,7.07,55.92,,,,,,,84.647
1985-08,7.9,10.33,27.755,108.0,10.7388,13.6462,188.63,186.1,481.851,12.186,,,,7.21,56.26,,,,,,,85.8073
1985-09,7.92,10.37,28.289,108.3,10.4712,13.3066,183.22,179.45,468.656,12.1925,,,,7.06,56.66,,,,,,,87.2159
1985-10,7.99,10.24,29.538,108.7,10.5525,13.4104,191.53,181.16,489.684,12.135,,,,6.5,57.08,,,,,,,90.7315
1985-11,8.05,9.78,30.813,109.0,11.1646,14.1866,202.17,190.66,517.038,11.784,,,,6.13,57.54,,,,,,,94.3874
1985-12,8.27,9.26,27.228,109.3,11.6905,14.8512,210.88,200.1,539.792,11.26,,,,5.7,57.94,,,,,,3.8,83.1768
1986-01,8.14,9.19,22.945,109.6,11.715,14.8792,211.78,202.6,542.201,10.886,,,,5.63,58.36,,,,,,,69.9011
1986-02,7.86,8.7,15.442,109.3,12.3882,15.728,226.92,210.82,584.174,10.71,,,,5.67,58.75,,,,,,,47.1726
1986-03,7.48,7.78,12.618,108.8,13.189,16.7347,228.69,222.18,593.4,10.08,,,,5.71,59.17,,,,,,,38.7229
1986-04,6.99,7.3,12.847,108.6,13.5525,17.1839,234.79,226.3,611.934,9.9375,,,,5.89,59.62,,,,,,,39.4983
1986-05,6.85,7.71,15.444,108.9,13.56,17.1807,247.35,232.26,644.56,10.144,,,,6.18,60.06,,,,,,,47.352
1986-06,6.92,7.8,13.469,109.5,13.8887,17.5824,251.79,238.23,654.586,10.6825,,,,6.67,60.53,,,,,,,41.0703
1986-07,6.56,7.3,11.575,109.5,13.62,17.2285,234.91,233.07,612.309,10.5075,,,,6.84,61.02,,,,,,,35.295
1986-08,6.17,7.17,15.092,109.7,13.8877,17.5522,252.93,231.92,659.76,10.2,,,,6.94,61.5,,,,,,,45.9353
1986-09,5.89,7.45,14.913,110.2,13.4673,17.0078,233.71,228.08,608.9,10.0075,,,,6.83,61.99,,,,,,,45.1846
1986-10,5.85,7.43,14.852,110.3,13.4259,16.9424,243.98,233.17,636.767,9.974,,,,6.38,62.45,,,,,,,44.9589
1986-11,6.04,7.25,15.207,110.4,13.873,17.4917,249.22,235.51,651.532,9.695,,,,5.66,62.92,,,,,,,45.9919
1986-12,6.91,7.11,16.076,110.5,14.0851,17.7433,246.45,241.28,645.774,9.31,,,,5.28,63.51,,,,,,3.6,48.5761
1987-01,6.43,7.08,18.656,111.2,14.9222,18.778,274.08,246.45,715.359,9.204,,,,5.3,63.963,,,,,,,56.0171
1987-02,6.1,7.25,17.726,111.6,15.8223,19.8864,284.2,273.16,740.791,9.0825,,,,5.34,64.422,,,,,,,53.0339
1987-03,6.13,7.25,18.305,112.1,16.4333,20.6272,300.41,282.3,781.673,9.035,,,,5.36,64.732,,,,,,,54.5219
1987-04,6.37,8.02,18.643,112.7,16.1965,20.3038,288.03,275.67,747.148,9.8325,,,,5.46,65.129,,,,,,,55.233
1987-05,6.85,8.61,19.415,113.1,16.1603,20.2335,290.1,277.01,751.551,10.596,,,,5.98,65.562,,,,,,,57.3167
1987-06,6.73,8.4,20.034,113.5,16.8252,21.0388,305.63,286.93,791.13,10.5375,,,,6.55,66.07,,,,,,,58.9357
1987-07,6.58,8.45,21.355,113.8,17.306,21.6115,318.66,304.23,824.419,10.278,,,,6.78,66.507,,,,,,,62.6562
1987-08,6.73,8.76,20.274,114.4,18.3269,22.8521,316.7,314.51,817.117,10.33,,,,6.84,66.939,,,,,,,59.1725
1987-09,7.22,9.42,19.526,115.0,17.6756,22.0078,328.07,308.56,843.784,10.8875,,,,6.64,67.33,,,,,,,56.692
1987-10,7.29,9.52,19.848,115.3,15.5301,19.3134,251.79,216.46,647.507,11.26,,,,5.85,67.739,,,,,,,57.477
1987-11,6.69,8.86,18.92,115.4,13.5909,16.8874,223.92,221.24,577.358,10.65,,,,5.42,68.106,,,,,,,54.7422
1987-12,6.77,8.99,17.241,115.4,13.389,16.6225,247.08,223.92,638.833,10.64,,,,5.13,68.506,,,,,,3.5,49.8842
1988-01,6.83,8.67,17.16,115.7,13.8983,17.2375,257.07,240.17,664.75,10.3825,,,,5.08,68.859,,,,,,,49.5211
1988-02,6.58,8.21,16.765,116.0,14.2983,17.7141,267.3,247.82,691.69,9.8925,,,,5.09,69.264,,,,,,,48.2561
1988-03,6.58,8.37,16.217,116.5,14.6689,18.1521,258.89,256.07,668.798,9.93,,,,5.18,69.639,,,,,,,46.4784
1988-04,6.87,8.72,17.875,117.1,14.4333,17.8406,261.33,254.71,673.423,10.202,,,,5.35,69.976,,,,,,,50.9678
1988-05,7.09,9.09,17.438,117.5,14.0319,17.3253,266.45,248.85,686.619,10.455,,,,5.87,70.426,,,,,,,49.5525
1988-06,7.51,8.92,16.53,118.0,14.7665,18.2082,271.78,264.5,699.209,10.46,,,,6.5,70.888,,,,,,,46.7732
1988-07,7.75,9.06,15.498,118.5,14.6083,17.9888,272.02,262.48,698.728,10.432,,,,6.74,71.353,,,,,,,43.6681
1988-08,8.01,9.26,15.524,119.0,14.2449,17.5187,264.48,256.53,678.825,10.5975,,,,6.92,71.799,,,,,,,43.5575
1988-09,8.19,8.98,14.467,119.8,14.3694,17.6483,271.91,263.66,695.107,10.48,,,,6.79,72.241,,,,,,,40.3207
1988-10,8.3,8.8,13.798,120.2,14.8115,18.1655,276.31,268.84,706.329,10.3025,,,,5.95,72.635,,,,,,,38.3282
1988-11,8.35,8.96,13.977,120.3,14.4455,17.6929,271.81,262.85,696.169,10.265,,,,5.56,73.072,,,,,,,38.7931
1988-12,8.76,9.11,16.266,120.5,14.7021,17.9816,277.72,271.81,712.048,10.612,,,,5.39,73.464,,,,,,3.4,45.0713
1989-01,9.12,9.09,17.983,121.1,15.0881,18.4254,296.97,273.81,760.114,10.73,,,,5.41,73.945,,,,,,,49.5821
1989-02,9.36,9.17,17.826,121.6,15.4671,18.8574,291.18,286.26,744.169,10.645,,,,5.38,74.381,,,,,,,48.9471
1989-03,9.85,9.36,19.445,122.3,15.299,18.6223,294.87,288.07,751.261,11.032,,,,5.45,74.777,,,,,,,53.087
1989-04,9.84,9.18,21.04,123.1,15.6867,19.0614,309.64,294.35,785.765,11.05,,,,5.54,75.083,,,,,,,57.0682
1989-05,9.81,8.86,20.032,123.8,16.1864,19.6336,325.52,304.06,823.929,10.7725,,,,5.93,75.304,,,,,,,54.0269
1989-06,9.53,8.28,20.005,124.1,16.6419,20.15,317.98,314.38,804.88,10.196,,,,6.58,75.477,,,,,,,53.8237
1989-07,9.24,8.02,19.644,124.4,17.0134,20.5621,343.92,317.26,871.038,9.8825,,,,6.92,75.655,,,,,,,52.725
1989-08,8.99,8.11,18.522,124.6,17.7343,21.3937,353.73,339.0,896.528,9.985,,,,7.07,75.833,,,,,,,49.6337
1989-09,9.02,8.19,19.594,125.0,17.7142,21.3321,349.15,341.37,884.185,10.126,,,,6.8,76.054,,,,,,,52.3383
1989-10,8.84,8.01,20.091,125.6,17.6409,21.2081,337.62,327.12,853.487,9.9475,,,,6.06,76.28,,,,,,,53.4095
1989-11,8.55,7.87,19.82,125.9,17.2424,20.6973,350.63,330.91,886.427,9.7675,,,,5.56,76.519,,,,,,,52.5635
1989-12,8.45,7.84,21.088,126.1,17.6502,21.1549,353.4,339.63,894.184,9.744,,,,5.3,76.704,,,,,,3.4,55.8376
1990-01,8.23,8.21,22.641,127.4,17.0488,20.4062,330.92,319.83,831.395,9.895,,,,5.43,76.896,,,,,,,59.338
1990-02,8.24,8.47,22.108,128.0,16.5081,19.7354,335.54,322.1,841.239,10.1975,,,,5.65,77.053,,,,,,,57.6695
1990-03,8.28,8.59,20.418,128.7,16.8337,20.101,339.94,333.49,849.813,10.268,,,,5.6,77.2,,,,,,,52.9714
1990-04,8.26,8.79,18.582,128.9,16.8139,20.0557,338.39,327.76,847.383,10.37,,,,5.64,77.278,,,,,,,48.1334
1990-05,8.18,8.76,18.237,129.2,17.3924,20.7234,363.16,338.11,909.566,10.4775,,,,6.0,77.297,,,,,,,47.13
1990-06,8.29,8.48,16.871,129.9,17.8171,21.2068,358.02,351.23,894.092,10.164,,,,6.56,77.259,,,,,,,43.3649
1990-07,8.15,8.47,18.638,130.4,17.7472,21.1029,344.86,338.2,860.638,10.035,,,,7.04,77.137,,,,,,,47.7231
1990-08,8.13,8.75,27.174,131.6,16.1683,19.2119,322.56,306.18,799.879,10.1,,,,7.08,77.008,,,,,,,68.9452
1990-09,8.2,8.89,33.687,132.7,15.3013,18.1724,306.05,295.98,754.828,10.175,,,,6.9,76.849,,,,,,,84.7614
1990-10,8.11,8.72,35.922,133.5,14.8181,17.5922,311.85,294.51,767.375,10.1775,,,,6.14,76.698,,,,,,,89.8433
1990-11,7.81,8.39,32.3,133.8,15.1876,18.0237,322.22,305.03,793.423,10.014,,,,5.69,76.369,,,,,,,80.6033
1990-12,7.31,8.08,27.337,133.8,15.8463,18.7965,321.0,318.87,793.232,9.6725,,,,5.62,76.183,,,,,,3.3,68.2184
1991-01,6.91,8.09,24.959,134.6,15.6062,18.504,343.05,309.35,845.053,9.6375,,,,5.54,75.913,,,,,,,61.914
1991-02,6.25,7.85,20.523,134.8,17.3547,20.5631,370.47,342.96,913.565,9.365,,,,5.56,75.73,,,,,,,50.8344
1991-03,6.12,8.11,19.86,135.0,17.8186,21.0981,375.22,365.58,926.219,9.5,,,,5.6,75.564,,,,,,,49.1193
1991-04,5.91,8.04,20.823,135.2,18.1553,21.4815,380.8,370.27,941.487,9.4925,,,,5.9,75.564,,,,,,,51.4249
1991-05,5.78,8.07,21.24,135.6,18.0354,21.3258,389.83,365.83,963.341,9.472,,,,6.28,75.761,,,,,,,52.3
1991-06,5.9,8.28,20.195,136.0,18.0152,21.2891,371.16,367.98,916.772,9.615,,,,6.97,75.993,,,,,,,49.5806
1991-07,5.82,8.27,21.42,136.2,18.1035,21.3813,387.18,370.92,957.878,9.575,,,,7.23,76.077,,,,,,,52.5108
1991-08,5.66,7.9,21.688,136.6,18.5123,21.8518,395.43,374.09,977.776,9.244,,,,7.36,76.105,,,,,,,53.0122
1991-09,5.45,7.65,21.857,137.2,18.3573,21.6584,381.25,381.24,941.469,9.0075,,,,6.92,76.193,,,,,,,53.1916
1991-10,5.21,7.53,23.228,137.4,18.3492,21.6395,391.32,376.11,967.28,8.855,,,,6.2,76.071,,,,,,,56.4458
1991-11,4.81,7.42,22.465,137.8,18.2889,21.5603,375.22,371.63,927.073,8.712,,,,5.51,76.012,,,,,,,54.4332
1991-12,4.43,7.09,19.517,137.9,18.4417,21.7329,419.34,371.36,1038.41,8.4975,,,,5.51,76.052,,,,,,3.4,47.2558
1992-01,4.03,7.03,18.82,138.1,19.7731,23.2913,408.78,408.64,1013.09,8.432,,,,5.53,76.088,,,,,,,45.5022
1992-02,4.06,7.34,18.995,138.6,19.583,23.0583,412.7,406.34,1021.46,8.7625,,,,5.54,76.158,,,,,,,45.7597
1992-03,3.98,7.54,18.916,139.3,19.2836,22.6985,401.55,398.21,991.76,8.935,,,,5.5,76.278,,,,,,,45.3403
1992-04,3.73,7.48,20.243,139.5,19.3012,22.7127,412.53,392.41,1019.77,8.8525,,,,5.62,76.346,,,,,,,48.4515
1992-05,3.82,7.39,20.94,139.7,19.6623,23.1303,415.35,409.85,1027.62,8.672,,,,6.15,76.398,,,,,,,50.048
1992-06,3.76,7.26,22.375,140.2,19.3154,22.7168,411.77,399.92,1018.08,8.51,,,,6.84,76.332,,,,,,,53.2871
1992-07,3.25,6.84,21.759,140.5,19.6207,23.0705,424.21,407.2,1048.98,8.128,,,,7.27,76.263,,,,,,,51.7094
1992-08,3.3,6.59,21.35,140.9,19.7221,23.1846,417.08,408.3,1031.36,7.975,,,,7.45,76.231,,,,,,,50.5934
1992-09,3.22,6.42,21.902,141.3,19.7088,23.1643,410.47,410.45,1014.46,7.9225,,,,7.15,76.24,,,,,,,51.7545
1992-10,3.1,6.59,21.688,141.8,19.3703,22.7631,418.68,396.8,1033.49,8.088,,,,6.52,76.376,,,,,,,51.0681
1992-11,3.09,6.87,20.342,142.0,19.8337,23.3033,432.06,415.58,1068.0,8.305,,,,6.02,76.559,,,,,,,47.8313
1992-12,2.92,6.77,19.407,141.9,20.4486,24.0202,435.71,430.88,1080.13,8.206,,,,5.74,76.676,,,,,,3.3,45.6649
1993-01,3.02,6.6,19.075,142.6,20.3234,23.868,438.78,426.88,1084.78,7.9925,,,,5.73,76.784,24.0535,,,,,,44.6634
1993-02,3.03,6.26,20.053,143.1,20.5453,24.1229,443.38,428.25,1094.68,7.6825,,,,5.73,76.838,24.3101,,,,,,46.7893
1993-03,3.07,5.98,20.347,143.6,20.8552,24.4803,441.39,440.71,1088.89,7.495,,,,5.67,76.868,24.8547,,,,,,47.31
1993-04,2.96,5.97,20.27,144.0,20.4574,24.008,440.19,432.3,1085.27,7.472,,,,6.02,76.936,24.2187,,,,,,47.0
1993-05,3.0,6.04,19.94,144.2,20.5176,24.0739,450.19,436.86,1110.79,7.465,,,,6.78,77.036,24.8719,,,,,,46.1707
1993-06,3.04,5.96,19.07,144.4,20.6084,24.1758,445.84,442.5,1101.5,7.4175,,,,7.37,77.243,24.9616,,,,,,44.0951
1993-07,3.06,5.81,17.866,144.4,20.5646,24.1204,448.13,441.4,1109.54,7.206,,,,7.86,77.43,24.8404,,,,,,41.3111
1993-08,3.03,5.68,18.009,144.8,20.8122,24.4052,461.34,446.94,1142.11,7.1125,,,,8.13,77.615,25.7925,,,,,,41.5267
1993-09,3.09,5.36,17.514,145.1,20.9935,24.6106,461.28,449.64,1141.98,6.915,,,,7.75,77.796,25.6048,,,,,,40.3018
1993-10,2.99,5.33,18.145,145.7,21.1092,24.7379,467.83,456.4,1155.82,6.834,,,,6.79,77.943,26.1099,,,,,,41.5819
1993-11,3.02,5.72,16.699,145.8,21.0379,24.6454,464.89,454.36,1150.77,7.155,,,,6.17,78.151,25.8313,,,,,,38.2419
1993-12,2.96,5.77,14.51,145.8,21.1647,24.7837,466.45,461.84,1157.03,7.172,,,,6.07,78.327,26.1484,,,,,3.2,33.2289
1994-01,3.05,5.75,15.0,146.2,21.412,25.0611,469.81,464.36,1165.16,7.06,,,,5.93,78.591,27.0603,,,,,,34.2571
1994-02,3.25,5.97,14.78,146.7,21.2638,24.8753,464.74,457.49,1151.05,7.1525,,,,6.04,78.726,26.2712,,,,,,33.6396
1994-03,3.34,6.48,14.66,147.2,20.8334,24.3599,445.77,436.16,1102.66,7.675,1.1065,,,6.3,78.855,25.1703,,,,,,33.2532
1994-04,3.56,6.97,16.38,147.4,20.0553,23.4401,450.91,435.86,1116.3,8.316,1.107,,,6.6,78.987,25.4526,,,,,,37.1042
1994-05,4.01,7.18,17.88,147.5,20.1965,23.5935,460.13,440.78,1141.45,8.5975,1.1002,,,6.84,79.222,25.8583,,,,,,40.4746
1994-06,4.25,7.1,19.07,148.0,20.2908,23.6901,446.2,439.83,1105.57,8.3975,1.1025,,,7.66,79.422,25.2657,,,,,,43.0225
1994-07,4.26,7.3,19.65,148.4,20.068,23.4159,458.26,444.18,1134.86,8.614,1.1102,,,8.1,79.594,26.0825,,,,,,44.2115
1994-08,4.47,7.24,18.38,149.0,20.5355,23.945,470.99,456.08,1164.79,8.5125,1.1232,,,8.22,79.781,27.0768,,,,,,41.1875
1994-09,4.73,7.46,17.46,149.4,20.5765,23.9754,462.71,458.47,1143.69,8.64,1.125,,,7.84,79.919,26.3929,,,,,,39.0212
1994-10,4.76,7.74,17.71,149.5,20.3958,23.7478,462.28,449.27,1144.94,8.925,1.1218,,,6.86,80.065,27.1432,,,,,,39.5534
1994-11,5.29,7.96,18.1,149.7,20.2095,23.5138,453.3,444.18,1123.67,9.17,1.131,,,6.27,80.149,26.0625,,,,,,40.3704
1994-12,5.45,7.81,17.16,149.7,19.9115,23.1501,459.27,442.88,1141.0,9.198,1.113,,,6.06,80.296,26.2523,,,,,3.0,38.2738
1995-01,5.53,7.78,17.99,150.3,20.2191,23.4884,478.65,457.2,1187.61,9.1475,1.0982,,,5.85,80.425,27.1346,,,,,,39.9649
1995-02,5.92,7.47,18.53,150.9,20.8026,24.1443,485.42,478.36,1202.13,8.8275,1.0878,,,5.76,80.527,28.2419,,,,,,41.0008
1995-03,5.98,7.2,18.55,151.4,21.1527,24.5273,500.71,479.7,1238.42,8.462,1.0875,,,5.84,80.597,29.0284,,,,,,40.9096
1995-04,6.05,7.06,19.87,151.9,21.6427,25.0704,514.71,500.2,1271.4,8.32,1.104,,,6.06,80.661,29.8883,,,,,,43.6764
1995-05,6.01,6.63,19.74,152.2,22.1954,25.6842,532.51,513.03,1315.98,7.955,1.125,,,6.54,80.704,31.074,,,,,,43.3051
1995-06,6.0,6.17,18.42,152.5,22.7184,26.2615,544.75,526.0,1346.14,7.566,1.1188,,,7.49,80.785,31.7027,,,,,,40.3298
1995-07,5.85,6.28,17.3,152.5,23.3764,26.9928,558.94,542.51,1384.4,7.6075,1.0998,,,7.82,80.937,32.7224,,,,,,37.8776
1995-08,5.74,6.49,18.03,152.9,23.2841,26.8577,563.84,553.04,1395.47,7.86,1.105,,,8.13,81.109,32.8681,,,,,,39.3727
1995-09,5.8,6.2,18.23,153.2,23.946,27.5914,584.41,563.84,1446.15,7.636,1.1192,,,7.73,81.306,34.2609,,,,,,39.7315
1995-10,5.76,6.04,17.44,153.7,23.9268,27.5403,590.57,571.55,1459.91,7.475,1.115,,,6.62,81.481,34.1602,,,,,,37.886
1995-11,5.8,5.93,17.99,153.6,24.3476,27.9967,606.98,584.24,1504.1,7.3775,1.1198,,,5.61,81.618,35.6796,,,,,,39.1063
1995-12,5.6,5.71,19.04,153.5,25.0274,28.75,615.93,605.05,1529.9,7.2,1.1295,,,5.54,81.735,36.241,,,,,2.5,41.4157
1996-01,5.56,5.65,18.88,154.4,24.7625,28.4199,635.84,597.29,1573.55,7.03,1.1452,,,5.64,81.834,37.5304,,,,,,40.8283
1996-02,5.22,5.81,19.07,154.9,25.9761,29.7844,644.37,633.71,1592.14,7.075,1.1448,,,5.82,81.954,37.6501,,,,,,41.1061
1996-03,5.31,6.27,21.36,155.7,25.6299,29.361,645.5,627.63,1589.42,7.624,1.1825,,,5.93,82.195,38.2984,,,,,,45.8057
1996-04,5.22,6.51,23.57,156.3,25.4242,29.1,641.63,624.14,1577.14,7.925,1.273,,,6.27,82.42,38.7147,,,,,,50.3509
1996-05,5.24,6.74,21.25,156.6,25.814,29.5199,669.12,630.07,1644.26,8.07,1.2763,,,6.84,82.609,39.5935,,,,,,45.3079
1996-06,5.27,6.91,20.45,156.7,25.9667,29.6681,670.63,658.75,1649.62,8.32,1.2068,,,7.83,82.751,39.9428,,,,,,43.5744
1996-07,5.4,6.87,21.32,157.0,24.8584,28.3793,662.49,605.88,1629.96,8.245,1.177,,,8.64,82.928,38.1479,,,,,,45.3413
1996-08,5.22,6.64,21.96,157.3,25.4125,28.988,651.99,650.52,1603.77,8.002,1.2008,,,8.73,83.086,38.8826,,,,,,46.6133
1996-09,5.3,6.83,23.99,157.8,25.6801,29.2689,701.46,643.97,1723.55,8.23,1.2646,,,7.99,83.256,41.0551,,,,,,50.761
1996-10,5.24,6.53,24.9,158.3,26.4835,30.1581,703.77,693.34,1726.54,7.915,1.323,,,7.05,83.377,42.3824,,,,,,52.52
1996-11,5.31,6.2,23.71,158.6,27.5856,31.3834,757.02,702.84,1856.51,7.618,1.3225,,,6.37,83.552,45.4765,,,,,,49.9155
1996-12,5.29,6.3,25.39,158.6,27.7239,31.5107,748.03,716.69,1838.0,7.5975,1.309,,,6.47,83.721,44.3943,,,,,2.3,53.4523
1997-01,5.25,6.58,25.17,159.1,28.3329,32.1706,786.16,742.18,1928.48,7.824,1.2908,,3.45,6.74,83.954,47.1372,,,,,,52.8226
1997-02,5.19,6.42,22.21,159.6,29.2656,33.1946,790.82,773.43,1936.64,7.65,1.28,,2.15,6.79,84.179,47.5882,,,,,,46.4646
1997-03,5.39,6.69,20.99,160.0,28.8025,32.6355,757.9,744.04,1854.81,7.8975,1.2294,,1.89,6.52,84.449,45.4884,,,,,,43.8025
1997-04,5.51,6.89,19.72,160.2,27.5852,31.2259,812.97,733.54,1990.1,8.1425,1.2122,,2.03,6.53,84.622,48.3362,,,,,,41.1009
1997-05,5.5,6.71,20.83,160.1,29.9284,33.8425,848.28,811.8,2080.72,7.944,1.1958,,2.25,6.83,84.861,51.3914,,,,,,43.4415
1997-06,5.56,6.49,19.17,160.3,31.2566,35.3059,916.92,838.82,2249.96,7.69,1.1728,,2.2,8.3,85.08,53.5036,,,,,,39.9296
1997-07,5.52,6.22,19.63,160.5,32.7666,36.9704,947.14,902.48,2324.14,7.4975,1.1508,,2.19,8.78,85.331,57.7446,,,,,,40.8368
1997-08,5.54,6.3,19.93,160.8,32.5863,36.726,899.47,893.34,2205.88,7.48,1.1648,,2.49,8.99,85.573,54.7532,,,,,,41.3836
1997-09,5.54,6.21,19.79,161.2,32.6666,36.7754,965.03,899.47,2364.49,7.43,1.1596,,2.88,8.84,85.851,57.3863,,,,,,40.9909
1997-10,5.5,6.03,21.26,161.6,32.9015,36.9981,914.62,855.27,2238.24,7.294,1.1825,,3.07,7.69,86.147,55.9802,,,,,,43.9267
1997-11,5.52,5.88,20.17,161.5,32.3366,36.323,955.4,900.61,2342.43,7.205,1.1915,,3.01,6.86,86.633,58.1464,,,,,,41.7004
1997-12,5.5,5.81,18.32,161.3,33.0308,37.0613,975.04,924.92,2397.27,7.095,1.166,,2.35,6.54,87.095,59.2554,,,,,2.1,37.9226
1998-01,5.56,5.54,16.71,161.6,32.86,36.8286,980.28,912.83,2408.69,6.994,1.1195,,2.09,6.41,87.616,60.0185,,,,,,34.5256
1998-02,5.51,5.57,16.06,161.9,34.7097,38.856,1049.34,980.28,2576.6,7.0425,1.0842,,2.23,6.41,88.005,64.1774,,,,,,33.1211
1998-03,5.49,5.65,15.02,162.2,36.2969,40.5833,1122.7,1030.87,2755.44,7.1275,1.0628,,2.24,6.29,88.443,67.3082,,,,,,30.919
1998-04,5.45,5.64,15.44,162.5,37.2769,41.6274,1121.0,1076.7,2749.17,7.14,1.0667,,2.43,6.81,88.879,68.1692,,,,,,31.7249
1998-05,5.49,5.65,14.86,162.8,36.9566,41.2182,1090.82,1074.39,2673.18,7.144,1.069,,2.14,7.7,89.364,66.7534,,,,,,30.4769
1998-06,5.56,5.5,13.66,163.0,36.8023,40.9943,1146.42,1074.67,2809.84,6.9975,1.041,,2.17,8.51,89.844,69.5953,,,,,,27.9814
1998-07,5.54,5.46,14.08,163.2,38.2596,42.561,1120.67,1114.3,2746.29,6.952,1.0285,,2.17,8.53,90.309,68.6548,,,,,,28.8064
1998-08,5.55,5.34,13.36,163.4,35.4234,39.358,973.89,939.98,2387.2,6.9225,1.0074,,1.85,9.25,90.785,58.9621,,,,,,27.2999
1998-09,5.51,4.81,14.95,163.6,33.5324,37.2148,1002.6,968.64,2457.57,6.7225,1.0242,,2.02,8.96,91.258,62.7145,,,,,,30.5116
1998-10,5.07,4.53,14.39,164.0,33.7731,37.44,1098.67,923.32,2689.66,6.71,1.0385,,1.91,7.6,91.716,67.7995,,,,,,29.297
1998-11,4.83,4.83,12.85,164.0,37.3694,41.3756,1176.74,1098.67,2884.66,6.865,1.0222,,2.12,6.58,92.199,71.5746,,,,,,26.1617
1998-12,4.68,4.65,11.28,163.9,38.8203,42.9273,1229.23,1136.89,3018.3,6.738,0.973,,1.72,6.34,92.711,76.2572,,,,,2.0,22.9793
1999-01,4.63,4.72,12.47,164.3,40.577,44.8111,1279.64,1205.46,3137.55,6.785,0.9665,,1.85,6.0,93.207,78.9434,,,,,,25.3417
1999-02,4.76,5.0,12.01,164.5,40.4002,44.5577,1238.33,1211.89,3035.66,6.8075,0.959,,1.77,6.29,93.671,76.4118,,,,,,24.3772
1999-03,4.81,5.23,14.66,165.0,41.3561,45.5516,1293.72,1216.03,3165.72,7.04,0.9968,,1.79,6.06,94.217,79.5805,,,,,,29.6658
1999-04,4.74,5.18,17.34,166.2,42.7045,46.9726,1335.18,1284.21,3246.65,6.916,1.0792,,2.15,6.44,94.786,82.6025,,,,,,34.8357
1999-05,4.74,5.54,17.75,166.2,42.5567,46.7467,1301.84,1277.31,3168.59,7.145,1.0734,,2.26,7.3,95.345,80.7137,,,,,,35.6594
1999-06,4.76,5.9,17.89,166.2,42.1807,46.2714,1391.22,1277.47,3390.15,7.55,1.074,,2.3,8.2,95.975,85.1835,,,,,,35.9407
1999-07,4.99,5.79,20.07,166.7,43.828,48.012,1328.72,1328.49,3231.12,7.632,1.1215,,2.31,8.83,96.591,82.5409,,,,,,40.1993
1999-08,5.07,5.94,21.26,167.1,41.9307,45.8735,1357.24,1267.73,3296.51,7.9425,1.172,,2.8,9.14,97.218,82.1135,,,,,,42.4809
1999-09,5.22,5.92,23.88,167.9,41.3235,45.1518,1282.81,1256.26,3103.92,7.8225,1.2148,,2.55,8.63,97.862,80.2793,,,,,,47.4887
1999-10,5.2,6.11,22.64,168.2,40.5529,44.256,1362.93,1233.7,3295.12,7.852,1.228,,2.73,7.56,98.522,85.4234,,,,,,44.9425
1999-11,5.42,6.03,24.97,168.3,43.2083,47.0941,1433.3,1346.41,3467.14,7.7375,1.2634,,2.37,7.15,99.153,86.8458,,,,,,49.5383
1999-12,5.3,6.28,26.08,168.3,44.1979,48.111,1469.25,1391.47,3557.27,7.912,1.2918,,2.36,6.51,99.843,91.8055,,,,,1.8,51.7404
2000-01,5.45,6.66,27.18,168.8,43.7726,47.5877,1424.37,1350.14,3442.27,8.21,1.356,,2.42,6.37,100.551,87.2348,,,,,,53.763
2000-02,5.73,6.52,29.35,169.8,42.1856,45.8077,1409.17,1325.07,3388.66,8.325,1.4608,,2.66,6.54,101.339,85.9065,,,,,,57.7135
2000-03,5.85,6.26,29.89,171.2,43.2207,46.876,1498.58,1346.62,3577.34,8.24,1.479,,2.79,6.91,102.126,94.2321,,,,,,58.2947
2000-04,6.02,5.99,25.74,171.3,43.5286,47.1554,1452.43,1339.4,3468.25,8.1525,1.4217,,3.04,7.19,102.922,90.9226,,,,,,50.1716
2000-05,6.27,6.44,28.78,171.5,41.9661,45.413,1477.26,1361.09,3527.41,8.515,1.4196,,3.59,8.26,103.677,89.4931,,,,,,56.0316
2000-06,6.53,6.1,31.83,172.4,42.782,46.2456,1454.6,1434.63,3458.23,8.288,1.4213,,4.29,9.5,104.424,91.2545,,,,,,61.6462
2000-07,6.54,6.05,29.77,172.8,42.7581,46.1707,1462.93,1413.89,3473.75,8.1475,1.4338,,3.99,10.32,105.055,89.8216,,,,,,57.523
2000-08,6.5,5.83,31.22,172.8,42.8696,46.2421,1520.77,1453.06,3614.14,8.0275,1.466,,4.43,10.37,105.769,95.6906,,,,,,60.3248
2000-09,6.52,5.8,33.88,173.7,41.898,45.1475,1436.51,1419.44,3399.13,7.912,1.637,,5.06,10.1,106.539,90.4408,,,,0.93,,65.1254
2000-10,6.51,5.74,33.08,174.0,39.3697,42.3826,1426.69,1305.79,3373.86,7.795,1.6372,,5.02,9.44,107.384,90.0177,,,,,,63.478
2000-11,6.51,5.72,34.4,174.1,38.7821,41.7134,1315.23,1294.9,3111.39,7.745,1.6212,,5.52,8.58,108.303,83.2977,,,,1.05,,65.973
2000-12,6.4,5.24,28.46,174.0,37.2742,40.0599,1320.28,1254.07,3128.08,7.382,1.5648,,8.9,8.56,109.143,82.8623,,,,0.9066,1.6,54.6125
2001-01,5.98,5.16,29.58,175.1,36.9789,39.7128,1349.47,1274.62,3180.86,7.0325,1.5236,,8.17,10.12,109.848,86.5463,,,,0.795,,56.4051
2001-02,5.49,5.1,29.61,175.8,35.8347,38.4586,1234.18,1214.5,2900.34,7.05,1.4922,,5.61,10.26,110.502,78.2908,,,,0.7225,,56.2375
2001-03,5.31,4.89,27.24,176.2,32.3258,34.6752,1160.33,1081.19,2723.46,6.952,1.3992,,5.23,9.85,111.11,73.9037,,,,0.7045,,51.6188
2001-04,4.8,5.14,27.41,176.9,32.1739,34.4961,1266.61,1091.99,2964.88,7.0775,1.422,,5.19,10.16,111.652,80.218,,,,,,51.7354
2001-05,4.21,5.39,28.64,177.7,34.0746,36.5174,1260.67,1240.79,2940.5,7.145,1.496,,4.19,11.14,112.164,79.7683,,,,0.7795,,53.8136
2001-06,3.97,5.28,27.6,178.0,33.0685,35.4269,1224.38,1203.03,2853.84,7.16,1.4817,,3.72,11.58,112.796,77.8675,,,,0.7125,,51.7721
2001-07,3.77,5.24,26.45,177.5,32.163,34.4486,1214.35,1165.54,2841.98,7.1275,1.3748,,3.11,11.22,113.493,77.0736,,,,,,49.7547
2001-08,3.65,4.97,27.47,177.5,31.4043,33.6314,1133.58,1124.87,2655.7,6.95,1.3895,,2.97,10.89,114.169,72.5006,,,,0.7663,,51.6734
2001-09,3.07,4.73,25.88,178.3,27.6674,29.6319,1040.94,944.75,2430.55,6.8175,1.495,,2.19,10.17,114.813,66.5824,,,,0.6635,,48.464
2001-10,2.49,4.57,22.21,177.7,28.5774,30.6102,1087.2,1026.76,2550.69,6.6175,1.3484,,2.46,8.24,115.31,67.4493,,,,0.5979,,41.7319
2001-11,2.09,4.65,19.67,177.4,30.0051,32.1431,1139.45,1087.2,2680.64,6.658,1.2588,,2.34,7.98,115.857,72.7089,,,,0.5323,,37.0218
2001-12,1.82,5.09,19.33,176.7,30.5,32.678,1172.51,1114.53,2772.99,7.065,1.1666,,2.3,7.3,116.454,73.1189,,,,0.5507,1.6,36.526
2002-01,1.73,5.04,19.67,177.1,30.2772,32.4457,1122.2,1081.66,2650.84,6.9975,1.1528,,2.32,7.38,117.142,72.4024,,,,0.5322,,37.0845
2002-02,1.74,4.91,20.74,177.8,29.0857,31.1764,1131.78,1074.36,2665.86,6.8925,1.1517,,2.32,7.23,117.845,71.1038,,,,0.57,,38.9479
2002-03,1.73,5.28,24.42,178.8,30.2921,32.4758,1147.39,1130.93,2690.33,7.014,1.2302,,3.03,7.1,118.688,73.4695,,,,0.669,,45.6021
2002-04,1.75,5.21,26.27,179.8,29.0059,31.1047,1073.43,1063.46,2506.38,6.985,1.3088,,3.43,7.66,119.611,69.1968,,,,0.686,,48.784
2002-05,1.75,5.16,27.02,179.8,28.1281,30.172,1067.14,1048.96,2494.53,6.806,1.3052,,3.5,8.54,120.725,68.7862,,,,0.631,,50.1767
2002-06,1.75,4.93,25.52,179.9,26.3877,28.3152,989.82,952.92,2315.34,6.65,1.2855,,3.26,9.58,121.814,63.7093,,,,0.6796,,47.3649
2002-07,1.73,4.65,26.94,180.1,23.4631,25.1896,864.24,775.68,2022.82,6.485,1.2994,,2.99,10.31,122.888,58.6877,,,,0.6764,,49.9448
2002-08,1.74,4.26,28.38,180.7,23.5887,25.336,916.07,833.44,2139.85,6.29,1.3275,,3.09,10.44,123.832,59.0869,,,,0.7482,,52.4398
2002-09,1.75,3.87,29.67,181.0,22.365,24.0338,800.58,794.1,1870.31,6.0925,1.4106,,3.55,10.23,124.781,52.8915,,,,,,54.7325
2002-10,1.75,3.94,28.85,181.3,21.9562,23.6066,900.96,768.63,2104.26,6.1125,1.4615,,4.13,8.61,125.736,57.2436,,,,0.7438,,53.1318
2002-11,1.34,4.05,26.27,181.3,23.3484,25.1144,936.31,872.05,2189.76,6.068,1.4198,,4.04,7.99,126.671,60.7745,,,,0.7571,,48.3803
2002-12,1.24,4.03,29.42,180.9,23.1014,24.8604,908.59,869.45,2133.3,6.0475,1.4288,,4.74,7.87,127.625,57.3364,,,,,1.7,54.3014
2003-01,1.24,4.05,32.94,181.7,22.8983,24.6539,855.7,840.34,2003.07,5.916,1.4877,,5.43,8.18,128.462,55.9263,,,,0.9588,,60.5306
2003-02,1.26,3.9,35.87,183.1,21.2141,22.8538,841.15,806.29,1956.86,5.8425,1.6542,,7.71,8.58,129.357,55.1725,,,,1.2559,,65.4108
2003-03,1.25,3.81,33.55,184.2,21.3097,22.9696,878.85,788.9,2036.05,5.745,1.708,,5.93,9.77,130.148,55.2905,,,,0.7924,,60.8148
2003-04,1.26,3.96,28.25,183.8,22.4279,24.1862,930.08,862.76,2162.42,5.8125,1.5325,,5.26,10.18,130.884,59.9687,,,,0.7614,,51.3192
2003-05,1.26,3.57,28.14,183.5,23.5911,25.45,963.59,912.05,2246.96,5.484,1.4512,,5.81,10.79,131.735,63.2572,19.5256,,,0.7542,,51.2029
2003-06,1.22,3.33,30.72,183.7,24.8322,26.7966,985.7,962.1,2299.63,5.23,1.424,,5.82,12.08,132.649,63.931,19.6947,,,,,55.8366
2003-07,1.01,3.98,30.76,183.9,24.8673,26.8419,980.15,975.63,2287.09,5.6325,1.435,,5.03,12.75,133.777,65.0835,20.1582,,,0.7933,,55.8485
2003-08,1.03,4.45,31.59,184.6,24.6423,26.6061,1008.01,960.84,2346.17,6.264,1.4865,,4.99,12.84,134.968,66.4259,21.0277,,,0.8187,,57.1379
2003-09,1.01,4.27,28.29,185.2,25.2437,27.2614,1029.85,990.36,2392.97,6.1475,1.4666,,4.62,12.31,136.295,65.7014,20.7162,,,0.7778,,51.0033
2003-10,1.01,4.29,30.33,185.0,25.6828,27.7409,1050.71,1018.32,2447.13,5.952,1.4813,,4.63,10.64,137.533,69.2182,22.1505,,,0.7858,,54.7403
2003-11,1.0,4.3,31.09,184.5,25.9468,28.03,1058.2,1031.2,2474.36,5.9325,1.4822,,4.47,9.77,138.795,69.9742,22.6181,,,0.8349,,56.2641
2003-12,0.98,4.27,32.15,184.3,26.6352,28.7754,1108.48,1053.41,2598.74,5.876,1.4898,,6.13,9.51,140.182,73.4948,23.7898,,,0.9127,1.6,58.2455
2004-01,1.0,4.15,34.27,185.2,27.6585,29.8797,1131.13,1108.48,2642.11,5.7125,1.551,,6.14,9.71,141.647,74.9478,24.3536,,,0.9314,,61.7845
2004-02,1.01,4.08,34.74,186.2,27.6509,29.8699,1144.94,1124.44,2663.19,5.635,1.582,,5.37,9.85,143.191,75.9648,24.8172,,,,,62.2955
2004-03,1.0,3.83,36.76,187.4,26.8865,29.0437,1141.81,1087.16,2642.96,5.445,1.6294,,5.39,10.03,145.059,74.9587,24.6481,,,0.8864,,65.4957
2004-04,1.0,4.35,36.69,188.0,26.9006,29.0583,1107.3,1107.23,2558.07,5.83,1.6922,,5.71,10.54,146.593,73.5403,24.0672,,,0.9536,,65.1623
2004-05,1.0,4.72,40.28,189.1,25.9028,27.9806,1120.68,1076.32,2577.23,6.27,1.7464,,6.33,11.63,148.186,74.7996,24.4879,,,0.9992,,71.1221
2004-06,1.03,4.73,38.02,189.7,26.4013,28.5179,1125.38,1113.32,2583.93,6.2875,1.7112,,6.27,13.08,149.851,76.1835,25.2318,,,1.0055,,66.9193
2004-07,1.26,4.5,40.69,189.4,25.6959,27.7555,1101.72,1078.78,2536.94,6.056,1.7385,,5.93,13.54,151.338,73.729,24.0774,,,1.1568,,71.7322
2004-08,1.43,4.28,44.94,189.5,25.1745,27.1925,1113.63,1060.72,2567.31,5.8675,1.8328,,5.41,13.74,152.633,73.9086,24.0527,,,,,79.1827
2004-09,1.61,4.13,45.95,189.9,25.6684,27.7253,1131.5,1101.29,2606.43,5.754,1.9168,,5.15,13.31,154.179,74.6504,24.6703,,,1.3917,,80.7918
2004-10,1.76,4.1,53.13,190.9,25.4117,27.4473,1130.2,1090.29,2593.24,5.7225,2.1343,,6.35,11.69,155.75,75.6122,25.256,,,1.4462,,92.9267
2004-11,1.93,4.19,48.46,191.0,26.4653,28.5827,1191.17,1127.6,2736.02,5.73,2.1466,,6.17,11.44,157.527,78.9783,26.7193,,,1.3927,,84.7143
2004-12,2.16,4.23,43.33,190.3,27.1448,29.3126,1211.92,1173.79,2797.4,5.752,2.0093,,6.58,11.09,159.33,81.3572,27.7101,,,1.2297,1.5,76.025
2005-01,2.28,4.22,46.84,190.7,26.5873,28.7074,1203.03,1163.75,2775.5,5.71,1.9588,,6.15,10.9,161.289,79.5331,26.8566,,,1.3308,,82.0111
2005-02,2.5,4.17,47.97,191.8,26.7449,28.8741,1222.12,1184.16,2806.93,5.6275,2.0268,,6.14,10.87,163.346,81.1957,27.428,,,1.4914,,83.5079
2005-03,2.63,4.5,54.31,193.3,26.3391,28.4333,1172.92,1163.69,2676.54,5.928,2.2138,,6.96,10.84,165.815,79.7103,27.0539,,,1.6576,,93.8112
2005-04,2.79,4.34,53.04,194.6,25.4089,27.428,1156.85,1136.15,2625.8,5.855,2.2918,,7.16,11.88,167.504,78.217,26.1895,,,1.4358,,91.0054
2005-05,3.0,4.14,49.83,194.4,25.6502,27.687,1196.02,1146.18,2722.08,5.72,2.1988,,6.47,12.74,169.353,80.7375,27.3669,,,,,85.5857
2005-06,3.04,4.0,56.26,194.5,26.0684,28.1361,1194.44,1188.3,2720.74,5.582,2.2897,,7.18,13.79,171.192,80.8598,27.7875,,,1.6191,,96.5799
2005-07,3.26,4.18,58.7,195.4,26.2879,28.3699,1234.18,1183.55,2802.01,5.695,2.3725,,7.63,14.86,172.861,83.9536,29.2066,,,1.6362,,100.3045
2005-08,3.5,4.26,64.97,196.4,26.1044,28.169,1218.02,1201.07,2755.87,5.82,2.5,,9.53,15.51,174.443,83.1666,28.9517,,,2.053,,110.4531
2005-09,3.62,4.2,65.57,198.8,25.7301,27.7625,1228.81,1205.35,2750.4,5.774,2.8188,,11.75,16.56,176.44,83.834,29.096,,,2.0673,,110.1274
2005-10,3.78,4.46,62.37,199.2,24.8765,26.8405,1220.14,1168.2,2730.28,6.065,3.095,,13.42,16.44,178.03,81.8513,28.3166,,,1.7698,,104.5425
2005-11,4.0,4.54,58.3,197.6,25.9318,27.9772,1265.08,1215.05,2857.61,6.33,2.573,,10.3,15.64,179.684,85.4489,29.6055,,,1.6164,,98.5118
2005-12,4.16,4.47,59.43,196.8,26.4438,28.5272,1248.29,1246.59,2834.98,6.272,2.4428,,13.05,14.6,180.912,85.2854,29.7631,,,1.728,1.4,100.8294
2006-01,4.29,4.42,65.51,198.3,26.4687,28.5513,1264.03,1245.74,2853.83,6.145,2.4674,,8.69,14.92,182.322,87.3334,30.9613,,,,,110.3041
2006-02,4.49,4.57,61.63,198.7,26.2496,28.313,1287.23,1253.61,2904.29,6.2525,2.4752,,7.54,13.98,183.288,87.8334,31.0654,,36.5787,1.712,,103.5621
2006-03,4.59,4.72,62.9,199.8,26.3278,28.3951,1294.87,1268.42,2909.37,6.324,2.5585,,6.89,13.17,184.365,89.283,31.7168,,36.6488,1.8618,,105.1143
2006-04,4.79,4.99,69.69,201.5,26.1473,28.1984,1310.61,1280.74,2923.86,6.5075,2.728,,7.16,13.27,184.33,90.4108,31.9902,,34.7078,2.0129,,115.4788
2006-05,4.94,5.11,70.94,202.5,25.6506,27.6619,1288.22,1245.34,2864.67,6.5975,2.8966,,6.25,14.41,184.157,87.6876,31.0408,,30.0561,1.9605,,116.9696
2006-06,4.99,5.11,70.96,202.9,24.7496,26.6909,1270.2,1219.29,2823.08,6.682,2.8975,,6.21,15.07,183.508,87.9163,30.9535,,27.8569,1.9642,,116.7719
2006-07,5.24,5.09,74.41,203.5,24.6968,26.6349,1279.36,1224.54,2840.18,6.7625,2.9336,,6.17,15.72,183.068,88.31,30.5423,,25.4631,1.9679,,122.0882
2006-08,5.25,4.88,73.05,203.9,25.0514,27.0174,1311.01,1261.3,2908.86,6.524,3.045,,7.14,16.18,182.593,90.2371,31.379,,25.7418,1.9542,,119.6216
2006-09,5.25,4.72,63.87,202.9,25.6442,27.6559,1335.85,1290.93,2982.78,6.4025,2.783,,4.9,15.71,182.798,92.6737,32.1309,,26.887,1.6846,,105.1046
2006-10,5.25,4.73,58.88,201.8,26.538,28.6177,1364.3,1327.1,3068.17,6.3575,2.5192,,5.85,12.51,183.198,95.5944,33.3389,,28.1853,,,97.4212
2006-11,5.25,4.6,59.37,201.5,26.928,29.035,1396.71,1364.27,3150.01,6.24,2.5445,,7.41,12.45,183.608,97.4954,34.1707,,30.404,1.8133,,98.3782
2006-12,5.24,4.56,62.03,201.8,27.2827,29.4133,1418.3,1396.67,3198.26,6.135,2.6102,,6.73,12.53,184.137,98.799,34.364,1891.77,30.7754,1.5979,1.4,102.6331
2007-01,5.25,4.76,54.57,202.416,27.2075,29.3278,1448.39,1403.97,3261.68,6.2175,2.4846,,6.55,12.17,184.515,100.285,35.1916,1935.38,31.475,1.6546,,90.0152
2007-02,5.26,4.72,59.26,203.499,27.3152,29.4392,1387.17,1380.87,3111.41,6.285,2.4882,,8.0,12.13,184.596,98.3176,35.0246,1925.88,29.3597,1.7804,,97.2313
2007-03,5.26,4.56,60.56,205.352,26.2276,28.2641,1420.86,1363.98,3162.61,6.156,2.667,,7.11,12.81,184.148,99.457,35.3133,1938.52,26.8635,1.8794,,98.4677
2007-04,5.25,4.69,63.97,206.686,26.9763,29.0666,1505.62,1416.37,3335.22,6.18,2.8338,,7.6,13.31,183.009,103.8625,36.8698,2021.21,28.1922,,,103.3408
2007-05,5.25,4.75,63.46,207.949,27.5485,29.6782,1536.34,1491.42,3387.05,6.262,2.7962,,7.64,14.69,181.6,107.3856,38.0627,2084.74,29.4301,1.8827,,101.8943
2007-06,5.25,5.1,67.48,208.352,27.4183,29.5333,1503.35,1484.18,3312.31,6.6575,2.8078,,7.35,16.28,180.253,105.8155,37.3565,2045.17,24.9949,2.0319,,108.1394
2007-07,5.26,5.0,74.18,208.299,27.4101,29.5203,1433.06,1432.8,3163.6,6.695,2.8684,,6.22,16.71,179.109,102.5024,35.6711,1951.37,21.8778,,,118.9067
2007-08,5.02,4.67,72.39,207.917,26.1486,28.1609,1473.99,1370.6,3264.52,6.572,2.869,,6.22,16.71,178.115,103.8178,35.7003,1951.6,20.5466,2.0422,,116.2506
2007-09,4.94,4.52,79.93,208.49,26.7257,28.7816,1526.75,1439.29,3376.75,6.3825,2.9532,,6.08,16.03,177.556,107.837,36.5892,1998.17,17.7423,2.2379,,128.0063
2007-10,4.76,4.53,86.2,208.936,27.3206,29.4215,1509.65,1489.56,3337.5,6.375,3.0746,,6.74,14.57,176.623,109.3,36.9991,2022.38,18.3807,2.5078,,137.7529
2007-11,4.49,4.15,94.62,210.177,25.7291,27.711,1481.14,1406.1,3259.86,6.208,3.3955,,7.1,13.04,175.146,105.0665,35.279,1921.78,15.794,2.5296,,150.3157
2007-12,4.24,4.1,91.73,210.036,25.9555,27.96,1411.63,1411.19,3114.61,6.095,3.3406,,7.11,12.34,174.34,103.8834,34.6761,1891.21,16.11,2.6444,1.3,145.8224
2008-01,3.94,3.74,92.95,211.08,24.0223,25.8867,1395.42,1270.05,3068.45,5.758,3.3078,,7.99,12.24,173.131,97.6025,33.1841,1805.97,18.3163,2.5345,,147.031
2008-02,2.98,3.74,95.35,211.693,23.4953,25.3295,1330.63,1316.75,2922.21,5.9175,3.377,,8.54,12.58,171.539,95.0802,32.1845,1742.0601,16.9842,2.8397,,150.3907
2008-03,2.61,3.51,105.56,213.528,22.6068,24.3841,1370.4,1256.98,2989.85,5.97,3.8808,,9.41,13.13,170.05,94.23,31.5875,1720.6801,18.108,3.0492,,165.0636
2008-04,2.28,3.68,112.57,214.823,23.356,25.2041,1413.9,1324.35,3071.01,5.9175,4.0835,,10.18,14.49,168.333,98.7212,33.3953,1809.71,18.467,3.177,,174.9639
2008-05,1.98,3.88,125.39,216.632,23.6964,25.5836,1400.38,1373.07,3020.99,6.036,4.425,,11.27,16.33,166.654,100.2135,34.2807,1854.83,16.647,3.6598,,193.2622
2008-06,2.0,4.1,133.93,218.815,22.4168,24.2167,1262.9,1252.01,2702.9,6.32,4.6768,,12.69,18.91,165.014,91.8381,30.9067,1670.65,13.8041,,,204.3654
2008-07,2.01,4.01,133.44,219.964,20.9072,22.6032,1260.31,1200.44,2688.0,6.426,4.703,,11.09,20.77,163.563,91.0129,30.7512,1660.83,14.7619,3.4387,,202.5541
2008-08,2.0,3.89,116.61,219.086,21.4016,23.1551,1282.83,1247.45,2751.71,6.4775,4.3018,,8.26,20.17,161.985,92.4194,31.6619,1706.58,16.5767,3.1819,,177.7165
2008-09,1.81,3.69,103.9,218.783,20.3627,22.0504,1099.23,1098.14,2366.57,6.0375,4.024,,7.67,18.41,160.306,83.7159,28.2124,1530.54,16.6076,2.8636,,158.5655
2008-10,0.97,3.81,76.65,216.573,16.3874,17.7701,968.75,839.8,2112.0,6.2,3.576,,6.74,15.45,158.325,69.8871,22.3141,1206.9301,11.8541,2.0063,,118.172
2008-11,0.39,3.53,57.44,212.425,15.2597,16.5757,896.24,741.02,1997.09,6.0875,2.8763,,6.68,13.8,156.14,65.0225,20.1645,1088.63,10.0135,1.6737,,90.285
2008-12,0.16,2.42,41.02,210.228,15.3761,16.7328,931.8,815.69,2104.48,5.286,2.449,,5.82,12.84,153.617,65.6595,20.7864,1115.9399,10.1901,1.4057,1.2,65.1496
2009-01,0.15,2.52,41.74,211.143,15.1747,16.546,825.88,804.3,1861.89,5.0475,2.2922,,5.24,12.49,151.506,60.2679,19.0518,1026.88,8.7441,1.4538,,66.0058
2009-02,0.22,2.87,39.16,212.193,14.1222,15.4315,735.09,734.52,1653.41,5.13,2.1952,,4.52,12.26,150.013,53.7922,16.9133,908.4,7.919,,,61.6195
2009-03,0.18,2.82,47.98,212.709,13.3237,14.5927,842.5,666.79,1896.86,5.0025,2.092,,3.96,11.98,148.659,58.2737,18.6453,1001.63,9.075,,,75.3149
2009-04,0.15,2.93,49.79,213.24,14.9819,16.4412,877.52,814.53,1975.46,4.81,2.2198,,3.5,11.68,147.948,64.0629,22.1304,1187.58,11.5873,1.3147,,77.9615
2009-05,0.18,3.29,59.16,213.856,15.9964,17.5852,919.14,878.94,2067.79,4.8575,2.2265,,3.83,12.86,147.693,67.8076,23.5606,1260.67,10.3227,1.6419,,92.3663
2009-06,0.21,3.72,69.68,215.693,16.3842,18.0407,896.42,888.86,2004.83,5.42,2.5292,,3.8,14.26,148.087,67.7632,23.2788,1246.8199,10.0759,1.718,,107.8646
2009-07,0.16,3.56,64.09,215.351,16.6946,18.4106,987.48,869.32,2216.5,5.222,2.54,,3.38,15.27,148.407,72.8188,25.417,1361.49,12.254,1.7938,,99.3688
2009-08,0.16,3.59,71.06,215.834,18.0941,19.9792,1016.4,978.51,2281.58,5.1925,2.6338,,3.14,15.61,148.276,75.5087,26.8526,1434.63,13.3002,1.7792,,109.9289
2009-09,0.15,3.4,69.46,215.969,18.8319,20.8172,1025.21,1018.67,2303.96,5.0575,2.626,,2.99,14.8,148.024,78.186,28.272,1509.08,12.9142,1.796,,107.3866
2009-10,0.12,3.39,75.82,216.177,19.358,21.42,1036.19,1025.92,2330.32,4.952,2.672,,4.01,11.78,147.85,76.6828,27.226,1455.79,11.8487,1.9811,,117.1065
2009-11,0.12,3.4,78.08,216.33,19.8128,21.9384,1105.98,1029.38,2490.54,4.875,2.7922,,3.66,11.48,148.136,81.407,28.7344,1530.72,12.3127,,,120.5118
2009-12,0.12,3.59,74.3,215.949,20.3224,22.5113,1115.1,1085.89,2519.41,4.93,2.7445,,5.35,10.42,147.931,82.962,30.0597,1598.6899,13.0073,2.1188,1.4,114.88
2010-01,0.11,3.73,78.22,216.687,20.5279,22.7414,1073.87,1071.59,2421.72,5.03,2.8448,2406.0,5.83,10.56,147.396,79.9469,29.0636,1547.24,13.0073,1.9029,,120.529
2010-02,0.13,3.69,76.42,216.741,19.9205,22.0704,1104.49,1044.5,2494.03,4.99,2.7845,1738.0,5.32,10.69,145.632,82.4408,30.2803,1610.23,13.696,2.0249,,117.7261
2010-03,0.16,3.73,81.24,217.631,21.0046,23.2692,1178.1,1105.36,2654.19,4.9675,2.9148,1638.0,4.29,10.99,145.857,87.4598,32.4669,1720.91,14.5052,2.1646,,124.6395
2010-04,0.2,3.85,84.48,218.009,21.8048,24.1505,1186.69,1175.12,2672.67,5.098,3.059,1994.0,4.03,11.97,146.398,88.8128,33.3288,1768.13,16.4714,2.2885,,129.3857
2010-05,0.2,3.42,73.84,218.178,20.4801,22.6796,1089.41,1040.78,2455.43,4.8875,3.0688,2357.0,4.14,13.12,146.386,81.7562,30.8729,1634.74,14.8501,1.9802,,113.0023
2010-06,0.18,3.2,75.35,217.965,19.742,21.8594,1022.58,1010.91,2311.61,4.7375,2.9478,2684.0,4.8,14.86,145.714,77.5261,28.9258,1530.79,12.374,1.9817,,115.4259
2010-07,0.18,3.01,76.37,218.011,19.6687,21.7747,1101.6,1018.35,2493.62,4.564,2.9112,2947.0,4.63,16.21,144.984,82.8212,31.0532,1641.38,13.022,2.0427,,116.9637
2010-08,0.19,2.7,76.82,218.312,19.7703,21.8827,1104.51,1039.7,2501.68,4.4275,2.9586,3105.0,4.32,16.65,143.91,79.0958,29.5763,1559.77,12.2271,,,117.4907
2010-09,0.19,2.65,75.31,218.439,20.3814,22.5526,1146.24,1091.15,2598.63,4.346,2.9462,3415.0,3.89,15.63,143.013,86.1792,32.5896,1717.62,13.6836,2.244,,115.1143
2010-10,0.19,2.54,81.9,218.711,21.2401,23.4938,1183.26,1131.87,2683.16,4.225,3.0515,3821.0,3.43,13.37,142.523,89.4715,33.7508,1777.58,13.4238,2.2201,,125.0316
2010-11,0.19,2.76,84.14,218.803,21.7007,23.9932,1224.71,1173.0,2780.98,4.3,3.14,3805.0,3.71,10.89,142.163,89.4715,34.0276,1790.0,13.545,2.3169,,128.3973
2010-12,0.18,3.29,89.04,219.179,22.3964,24.7506,1257.64,1219.5,2854.85,4.714,3.2425,3097.0,4.25,9.98,142.049,95.4529,36.4829,1915.4301,15.274,2.5437,1.4,135.6416
2011-01,0.17,3.39,89.42,220.223,22.9783,25.3806,1310.87,1257.62,2966.66,4.755,3.3878,2355.0,4.49,9.9,141.511,97.6769,37.2541,1956.47,15.5375,2.7468,,135.5747
2011-02,0.16,3.58,89.58,221.309,23.4898,25.9319,1321.15,1294.26,2979.25,4.9525,3.584,1745.0,4.09,10.14,140.338,101.07,38.7501,2032.8199,15.678,2.9258,,135.1508
2011-03,0.14,3.41,102.94,223.467,22.8993,25.268,1332.41,1249.05,2979.73,4.836,3.9045,1622.0,3.97,10.43,139.971,101.0821,39.0734,2046.3101,16.0243,3.0898,,153.8075
2011-04,0.1,3.46,110.04,224.906,23.1439,25.5261,1363.61,1294.7,3034.13,4.84,4.0642,1757.0,4.24,11.27,140.003,104.0096,40.2969,2109.6201,16.7634,3.2558,,163.3639
2011-05,0.09,3.17,101.33,225.964,23.0595,25.4228,1300.16,1297.9,2884.42,4.6375,4.0468,2107.0,4.31,12.5,139.901,102.8431,40.0491,2094.9299,16.6314,,,149.7288
2011-06,0.09,3.0,96.29,225.722,22.1008,24.3592,1339.67,1258.07,2979.59,4.51,3.933,2432.0,4.54,14.7,139.858,101.1082,39.3272,2053.3601,15.9264,2.9327,,142.4341
2011-07,0.07,3.0,97.19,225.922,22.611,24.9151,1292.28,1282.86,2875.75,4.545,3.9052,2759.0,4.42,16.14,139.727,99.0856,37.9055,1979.0,14.7976,3.0962,,143.6381
2011-08,0.1,2.3,86.33,226.545,20.0499,22.0926,1173.97,1101.54,2610.63,4.27,3.8598,2960.0,4.06,16.67,139.303,93.6383,35.497,1849.16,13.2896,3.0782,,127.2371
2011-09,0.08,1.98,85.61,226.889,19.6981,21.7064,1131.42,1114.22,2516.39,4.106,3.8372,3408.0,3.9,15.63,138.659,87.1379,32.2852,1679.55,11.7504,2.7948,,125.9847
2011-10,0.07,2.15,86.41,226.421,20.1558,22.2127,1253.23,1074.77,2798.67,4.0675,3.7976,3793.0,3.57,12.85,137.94,96.6487,36.5042,1896.5699,14.2703,3.0429,,127.4248
2011-11,0.08,2.01,97.21,226.23,20.3452,22.4239,1244.28,1158.66,2785.59,3.9925,3.962,3850.0,3.24,10.78,137.137,96.2559,36.1844,1879.98,14.6239,3.0214,,143.4721
2011-12,0.07,1.98,98.57,225.672,20.5236,22.6236,1257.6,1202.37,2826.97,3.958,3.861,3471.0,3.17,9.83,136.66,97.2617,36.2411,1878.67,15.1625,2.935,1.3,145.839
2012-01,0.08,1.97,100.24,226.665,21.213,23.386,1344.9,1258.86,3015.89,3.915,3.8326,2966.0,2.67,9.62,136.595,101.7721,38.3006,1982.4,16.5547,,,147.6601
2012-02,0.1,1.97,102.25,227.663,21.7974,24.0319,1369.63,1335.92,3062.56,3.89,3.9525,2513.0,2.51,9.47,136.522,106.1895,39.8355,2061.0,17.8492,3.188,,149.9607
2012-03,0.13,2.17,106.19,229.392,22.0539,24.3159,1408.47,1340.03,3130.39,3.954,4.1265,2472.0,2.17,10.41,137.893,109.605,40.7599,2106.28,18.964,3.1684,,154.5653
2012-04,0.14,2.05,103.33,230.085,21.7792,24.0151,1369.1,1357.38,3039.56,3.91,4.115,2576.0,1.95,10.94,139.144,108.8734,40.4534,2088.4199,19.115,,,149.9494
2012-05,0.16,1.8,94.7,229.815,20.9415,23.0952,1278.04,1277.25,2845.4,3.798,3.9785,2815.0,2.43,12.61,140.144,102.3349,37.6245,1939.25,18.3956,2.7062,,137.5873
2012-06,0.16,1.62,82.41,229.478,20.5475,22.6655,1362.16,1266.74,3042.07,3.675,3.7585,3102.0,2.46,14.18,141.019,106.4878,39.077,2011.01,19.0675,2.696,,119.9073
2012-07,0.16,1.53,87.93,229.104,20.9993,23.1683,1390.99,1325.41,3117.81,3.55,3.721,3217.0,2.95,15.13,141.66,107.7474,39.1243,2014.0601,18.7906,,,128.1478
2012-08,0.13,1.68,94.16,230.379,21.4104,23.6255,1406.58,1391.04,3140.3,3.602,3.9825,3402.0,2.84,15.82,142.269,110.4468,40.3237,2070.5,21.068,3.1696,,136.4678
2012-09,0.14,1.72,94.72,231.407,21.7837,24.0406,1440.67,1396.56,3207.14,3.4975,4.12,3654.0,2.85,14.72,142.898,113.2467,41.3373,2118.5701,22.2022,3.1694,,136.6696
2012-10,0.16,1.75,89.57,231.317,21.5771,23.8168,1414.2,1403.28,3155.83,3.3825,4.0938,3907.0,3.32,11.68,143.591,111.1859,40.9967,2100.2,23.2842,3.0682,,129.289
2012-11,0.16,1.65,86.66,230.221,20.8982,23.0739,1416.18,1343.35,3180.69,3.352,4.0,3804.0,3.54,9.99,144.575,111.8151,41.5195,2122.0,23.5345,3.0413,,125.6841
2012-12,0.16,1.72,88.25,229.601,21.2383,23.4563,1466.47,1398.11,3309.5,3.345,3.9608,3517.0,3.34,9.8,145.491,112.8141,42.4608,2165.51,23.8551,3.0451,1.3,128.3357
2013-01,0.14,1.91,94.69,230.28,21.9005,24.1938,1513.17,1451.64,3410.36,3.414,3.9085,2802.0,3.33,9.15,146.816,118.5891,45.2241,2305.22,25.846,3.1298,,137.2949
2013-02,0.15,1.98,95.32,232.166,22.0527,24.3674,1518.2,1485.01,3399.37,3.5325,4.1105,2229.0,3.33,9.23,147.772,120.1022,45.6621,2328.1299,25.3796,2.9719,,137.0857
2013-03,0.14,1.96,93.05,232.773,22.4192,24.7772,1569.19,1512.29,3509.93,3.565,4.0678,1687.0,3.81,9.35,149.951,124.6626,47.655,2425.4299,26.9806,2.9154,,133.4721
2013-04,0.15,1.76,92.07,232.531,22.5957,24.9769,1614.42,1536.03,3622.02,3.445,3.93,1776.0,4.17,10.43,151.508,127.0577,48.462,2462.3301,27.1871,2.8734,,132.2038
2013-05,0.11,1.93,94.8,232.945,23.4118,25.8819,1630.74,1614.21,3657.75,3.536,3.8702,2252.0,4.04,12.61,152.84,130.0574,49.7645,2524.1699,27.7346,2.7923,,135.8819
2013-06,0.09,2.3,95.8,233.504,22.9253,25.3472,1606.28,1560.33,3599.96,4.07,3.8492,2606.0,3.83,15.02,154.19,128.3219,49.152,2492.5,26.4287,2.8798,,136.9865
2013-07,0.09,2.58,104.61,233.596,23.4925,25.976,1709.67,1604.57,3837.54,4.37,3.866,2845.0,3.62,16.3,155.596,134.9532,51.9196,2627.04,27.0306,3.0431,,149.5252
2013-08,0.08,2.74,106.57,233.877,23.3566,25.8274,1632.97,1627.47,3666.75,4.456,3.9045,3189.0,3.43,16.43,156.951,130.9056,50.4035,2549.26,25.6472,3.1396,,152.1437
2013-09,0.08,2.81,106.29,234.149,23.4423,25.9231,1690.5,1633.41,3798.96,4.49,3.9608,3487.0,3.62,15.69,158.215,135.0483,52.475,2646.95,27.5124,,,151.5677
2013-10,0.09,2.62,100.54,233.546,23.8347,26.3569,1761.64,1646.47,3975.12,4.192,3.8848,3779.0,3.68,12.38,159.234,141.302,54.7205,2757.97,27.4405,2.9678,,143.7385
2013-11,0.08,2.72,93.86,233.069,24.6421,27.2463,1805.81,1746.2,4089.22,4.255,3.8388,3613.0,3.64,10.04,160.07,145.4898,55.9358,2816.6599,28.7172,3.0478,,134.463
2013-12,0.09,2.9,97.63,233.049,24.8619,27.4838,1831.37,1767.99,4155.15,4.4575,3.8818,2975.0,4.24,9.14,160.99,149.2618,57.5495,2893.6299,29.9589,,1.4,139.8758
2014-01,0.07,2.86,94.62,233.916,24.8596,27.4741,1782.59,1770.45,4035.54,4.432,3.8932,1924.0,4.71,9.26,161.92,144.0006,55.8452,2805.5801,28.4024,3.2794,,135.0609
2014-02,0.07,2.71,100.82,234.781,24.5909,27.1707,1859.45,1737.92,4200.34,4.3025,3.9835,1196.0,6.0,9.77,162.516,150.5549,58.8257,2951.26,30.6156,3.0893,,143.3806
2014-03,0.08,2.72,100.8,236.293,24.956,27.5668,1865.09,1834.44,4193.96,4.3425,4.0006,824.0,4.9,10.7,163.074,151.8039,59.1828,2965.6101,29.3153,2.932,,142.4349
2014-04,0.09,2.71,102.07,237.072,24.7863,27.3726,1881.14,1814.36,4222.56,4.3375,3.9642,981.0,4.66,11.76,163.376,152.8591,59.4098,2973.28,27.9193,2.9349,,143.7555
2014-05,0.09,2.56,102.18,237.9,24.9433,27.5386,1923.57,1859.79,4309.24,4.192,3.9428,1499.0,4.58,13.6,163.641,156.4064,60.691,3032.96,28.3697,2.8846,,143.4096
2014-06,0.1,2.6,105.79,238.343,25.558,28.2086,1985.44,1915.98,4447.72,4.1625,3.9062,1928.0,4.59,16.13,164.048,159.6354,62.4268,3114.8999,29.5384,,,148.2002
2014-07,0.09,2.54,103.59,238.25,25.8175,28.4856,1925.15,1916.37,4320.74,4.13,3.8835,2307.0,4.05,17.23,164.572,157.4903,60.9701,3040.6599,26.571,2.8866,,145.1749
2014-08,0.09,2.42,96.54,237.852,25.6176,28.2561,2003.37,1904.78,4510.53,4.115,3.838,2709.0,3.91,17.41,165.198,163.7054,63.5336,3163.74,28.4561,2.8569,,135.5212
2014-09,0.09,2.53,93.21,238.031,25.9184,28.5782,1967.9,1926.03,4435.57,4.1625,3.7924,3099.0,3.92,16.27,165.888,161.4469,61.8908,3078.99,26.7363,2.6472,,130.7482
2014-10,0.09,2.3,84.4,237.433,25.1627,27.7369,2018.05,1820.66,4567.07,4.036,3.6805,3571.0,3.78,13.11,166.626,165.2492,63.7608,3169.1899,28.1278,2.5145,,118.6883
2014-11,0.09,2.33,75.79,236.151,26.6068,29.3187,2067.56,2001.01,4711.43,3.9975,3.6472,3410.0,4.12,10.19,167.321,169.7888,65.4593,3246.74,30.2421,2.2308,,107.159
2014-12,0.12,2.21,59.29,234.812,26.7941,29.5153,2058.2,1972.56,4725.54,3.864,3.4106,3220.0,3.48,10.01,168.036,169.3582,65.6437,3251.04,30.873,1.8466,1.4,84.3078
2015-01,0.11,1.88,47.22,233.707,26.4923,29.1747,1994.99,1988.12,4609.04,3.67,2.9973,2428.0,2.99,9.5,168.612,164.3402,63.7248,3155.97,31.0268,1.6863,,67.4623
2015-02,0.11,1.98,50.58,234.722,26.9955,29.7199,2104.5,1980.9,4848.21,3.71,2.8578,1709.0,2.87,9.08,169.104,173.5769,67.374,3330.3101,32.8817,,,71.9501
2015-03,0.11,2.04,47.82,236.119,26.7286,29.4184,2066.96,2039.69,4742.52,3.77,2.897,1461.0,2.83,9.28,169.776,170.8508,66.7301,3294.3201,33.3904,,,67.6216
2015-04,0.12,1.94,54.45,236.599,26.7914,29.4804,2108.29,2056.52,4834.81,3.672,2.7822,1711.0,2.61,10.43,170.278,172.5309,67.0018,3304.1899,31.3431,1.9763,,76.8408
2015-05,0.12,2.2,59.27,237.805,26.8061,29.4899,2107.39,2067.93,4815.47,3.84,2.8875,2233.0,2.85,12.73,170.862,174.7489,67.4875,3323.1699,32.557,1.9553,,83.2186
2015-06,0.13,2.36,59.82,238.638,26.4959,29.1429,2076.78,2056.32,4738.03,3.9825,2.873,2579.0,2.78,15.07,171.455,171.1994,65.9552,3243.02,33.2037,1.8866,,83.6977
2015-07,0.13,2.32,50.9,238.654,26.3811,29.0117,2103.84,2044.02,4806.84,4.046,2.7878,2910.0,2.84,16.28,172.131,175.0667,66.5916,3271.5701,34.0742,1.584,,71.2124
2015-08,0.14,2.17,42.87,238.316,25.6937,28.2525,1921.22,1867.01,4404.72,3.905,2.595,3190.0,2.77,16.88,172.908,164.3964,62.955,3089.1799,32.8501,1.6736,,60.063
2015-09,0.14,2.17,45.48,237.945,24.4968,26.9361,1951.36,1871.91,4488.32,3.89,2.505,3537.0,2.66,16.4,173.8,160.2016,61.0529,2983.4299,31.0657,1.5126,,63.8191
2015-10,0.12,2.07,46.22,237.838,25.4914,28.0281,2079.36,1954.33,4792.57,3.796,2.5192,3931.0,2.34,12.6,174.764,173.8283,65.319,3196.72,32.4361,1.4994,,64.8867
2015-11,0.12,2.26,42.44,237.336,26.2259,28.8328,2091.69,2019.39,4840.82,3.9425,2.467,3956.0,2.09,10.02,175.708,174.4637,65.5182,3197.9099,32.9897,,,59.7061
2015-12,0.24,2.24,37.19,236.525,25.9654,28.5444,2043.94,1993.26,4754.34,3.964,2.3095,3756.0,1.93,9.27,176.515,171.4485,63.8914,3117.3601,31.0753,1.1007,1.5,52.4996
2016-01,0.34,2.09,31.68,236.916,24.2062,26.6117,1940.24,1812.29,4513.58,3.8725,2.1428,2934.0,2.28,8.28,177.244,162.9127,60.34,2939.97,27.7478,1.0551,,44.6475
2016-02,0.38,1.78,30.32,237.111,24.0026,26.3896,1999.99,1810.1,4658.93,3.66,1.9982,2536.0,1.99,8.36,177.625,162.7781,60.9403,2966.1599,28.066,1.076,,42.6957
2016-03,0.36,1.89,37.55,238.132,25.3723,27.894,2072.78,1969.25,4815.73,3.694,2.09,2468.0,1.73,9.19,178.142,173.7276,65.8046,3194.73,30.8147,1.1848,,52.6501
2016-04,0.37,1.81,40.75,239.261,25.9223,28.4958,2065.3,2033.8,4783.54,3.605,2.1515,2625.0,1.92,9.65,178.742,174.4123,66.6258,3231.1699,30.6508,1.3779,,56.8673
2016-05,0.37,1.81,46.71,240.229,25.6947,28.2433,2099.13,2025.91,4852.26,3.6,2.3146,2907.0,1.92,11.62,179.402,177.3793,67.5308,3271.6899,31.1243,,,64.9219
2016-06,0.38,1.64,48.76,241.018,25.8404,28.4007,2102.95,1991.68,4853.16,3.568,2.4225,3140.0,2.59,14.43,180.066,177.9958,67.488,3263.3501,30.5886,1.4847,,67.5493
2016-07,0.39,1.5,44.65,240.628,26.694,29.3346,2173.6,2074.02,5032.33,3.44,2.4045,3288.0,2.82,16.56,180.838,184.4876,70.2849,3397.8899,32.9051,1.276,,61.9558
2016-08,0.4,1.56,44.72,240.849,26.9489,29.6093,2179.98,2147.58,5052.45,3.435,2.3506,3401.0,2.82,17.6,181.824,184.7085,70.3941,3397.3,32.9598,1.4102,,61.996
2016-09,0.4,1.63,45.18,241.428,26.7279,29.361,2168.27,2119.12,5021.34,3.46,2.3942,3680.0,2.99,16.78,182.796,184.7192,70.4652,3394.6001,30.9995,1.5279,,62.4835
2016-10,0.4,1.76,49.78,241.729,26.5251,29.1325,2085.18,2083.79,4832.78,3.47,2.4544,3963.0,2.98,13.74,183.721,181.5167,68.7455,3310.1001,28.8805,1.4955,,68.7595
2016-11,0.41,2.14,45.66,241.353,26.851,29.483,2191.95,2100.59,5096.29,3.77,2.4385,3995.0,2.55,10.77,184.728,188.2035,72.345,3474.74,30.9173,1.5709,,63.1669
2016-12,0.54,2.49,51.97,241.432,27.8651,30.5861,2238.83,2199.97,5211.7,4.198,2.51,3311.0,3.59,9.06,185.694,192.0187,73.1587,3507.0701,30.9836,1.7043,1.5,71.8728
2017-01,0.65,2.43,52.5,242.839,28.0636,30.7921,2297.42,2245.13,5327.4,4.15,2.5798,2711.0,3.3,9.32,186.775,195.4549,74.628,3578.1599,31.5785,,,72.1851
2017-02,0.66,2.42,53.47,243.603,28.6551,31.4275,2383.12,2285.38,5517.11,4.1675,2.568,2363.0,2.85,10.01,187.29,203.1346,76.967,3686.02,32.9698,1.6208,,73.2882
2017-03,0.79,2.48,49.33,243.801,29.0869,31.886,2362.72,2322.25,5473.69,4.196,2.5535,2051.0,2.88,9.86,187.968,203.3884,76.983,3679.72,34.1373,1.5736,,67.5589
2017-04,0.9,2.3,51.06,244.524,28.9042,31.6708,2384.2,2328.95,5515.52,4.045,2.5825,2256.0,3.1,11.34,188.699,205.4073,77.4916,3701.45,34.6691,1.504,,69.7214
2017-05,0.91,2.3,48.48,244.733,29.3133,32.1031,2439.07,2352.72,5648.23,4.01,2.5604,2525.0,3.15,13.25,189.587,208.3062,77.9239,3716.25,34.3757,1.5153,,66.1419
2017-06,1.04,2.19,45.18,244.955,29.7485,32.5626,2423.41,2405.7,5615.25,3.904,2.5105,2878.0,2.98,16.06,190.474,209.6342,78.8312,3754.03,35.3979,1.4755,,61.5838
2017-07,1.15,2.32,46.63,244.786,30.0022,32.8224,2476.83,2407.7,5753.67,3.9675,2.4964,2999.0,2.98,17.86,191.439,213.943,80.09,3810.8799,35.2326,1.6519,,63.6042
2017-08,1.16,2.21,48.04,245.519,29.915,32.7101,2476.55,2417.35,5744.48,3.88,2.595,3155.0,2.9,18.22,192.621,214.5673,79.2905,3767.49,35.0764,1.7575,,65.3318
2017-09,1.15,2.2,49.82,246.819,30.1681,32.9703,2519.36,2446.55,5821.64,3.805,2.7848,3508.0,2.98,16.92,193.715,218.8906,81.6174,3871.05,36.649,1.8117,,67.3956
2017-10,1.15,2.36,51.58,246.663,30.9204,33.7754,2587.84,2520.4,5994.51,3.895,2.7942,3775.0,2.88,13.39,194.761,224.0486,82.5058,3910.27,38.0664,,,69.8207
2017-11,1.16,2.35,56.64,246.669,31.2989,34.1729,2642.22,2557.45,6129.14,3.922,2.9088,3693.0,3.01,10.14,195.913,230.8968,85.641,4051.4399,40.3397,1.8927,,76.6682
2017-12,1.3,2.4,57.88,246.524,32.0861,35.0171,2673.61,2624.75,6214.36,3.95,2.909,3126.0,2.82,9.29,197.136,233.6971,86.7048,4092.21,40.8351,2.0755,1.4,78.3928
2018-01,1.41,2.58,63.7,247.867,33.3073,36.3339,2762.13,2682.36,6396.16,4.0325,3.0184,2197.0,3.87,8.9,198.279,246.8681,90.5067,4271.73,41.2871,2.0692,,85.8079
2018-02,1.42,2.86,62.23,248.991,32.0354,34.9341,2691.25,2532.69,6212.68,4.33,3.0458,1682.0,2.67,9.63,199.205,237.8919,86.5332,4078.8201,37.4029,1.9136,,83.4493
2018-03,1.51,2.84,62.73,249.554,31.8084,34.6757,2640.87,2585.89,6091.33,4.444,2.9875,1354.0,2.69,9.76,199.94,231.3712,85.7336,4032.3,37.7084,2.0284,,83.93
2018-04,1.69,2.87,66.25,250.546,30.9702,33.7537,2663.42,2553.8,6130.19,4.4675,3.0958,1343.0,2.8,10.05,200.629,232.567,86.0525,4045.0601,36.0167,,,88.2887
2018-05,1.7,2.98,69.98,251.588,31.2436,34.0442,2734.62,2655.2,6276.97,4.586,3.2438,1725.0,2.8,13.52,201.39,238.2204,87.3021,4093.96,36.3125,2.1914,,92.8733
2018-06,1.82,2.91,67.87,251.989,31.6306,34.4589,2718.37,2691.99,6238.6,4.57,3.2528,2152.0,2.97,16.47,202.177,239.5905,88.1504,4125.3301,36.647,2.2093,,89.9297
2018-07,1.91,2.89,70.98,252.006,31.8864,34.7318,2840.35,2698.95,6529.61,4.5275,3.2328,2305.0,2.83,17.85,202.88,248.4664,90.8843,4253.9199,36.7119,,,94.0441
2018-08,1.91,2.89,68.06,252.146,32.3903,35.2746,2901.52,2802.49,6675.82,4.55,3.2182,2567.0,2.96,18.56,203.635,256.3974,92.6665,4330.0,37.0825,2.2413,,90.1253
2018-09,1.95,3.0,70.23,252.439,32.6229,35.522,2913.98,2864.12,6706.0,4.6275,3.2622,2866.0,3.0,17.23,204.294,257.9219,92.8224,4328.0298,35.6995,2.3518,,92.8908
2018-10,2.19,3.15,70.75,252.885,31.038,33.7937,2723.06,2603.54,6267.1,4.83,3.3654,3143.0,3.28,12.22,205.062,240.0983,86.096,4012.6799,31.5668,2.2618,,93.4136
2018-11,2.2,3.12,56.96,252.038,30.1956,32.8803,2760.17,2631.09,6383.44,4.866,3.2995,2991.0,4.09,9.42,205.637,244.552,88.3468,4113.9102,32.9784,1.8455,,75.4589
2018-12,2.27,2.83,49.52,251.233,28.2919,30.8183,2531.94,2346.58,5886.38,4.6375,3.1228,2705.0,4.04,9.62,206.128,223.0196,79.9081,3677.27,30.3307,1.6808,1.8,65.8128
2019-01,2.4,2.71,51.38,251.712,28.3802,30.9291,2706.53,2524.56,6290.15,4.464,2.9798,2197.0,3.11,9.36,206.515,240.8758,87.7502,4067.6599,34.2106,1.8788,,68.1549
2019-02,2.4,2.68,54.95,252.776,29.5415,32.2086,2803.69,2681.83,6498.36,4.37,2.9965,1539.0,2.69,9.4,206.831,248.6839,90.9675,4208.52,35.7869,2.0235,,72.5836
2019-03,2.41,2.57,58.15,254.202,29.5762,32.261,2834.4,2722.27,6542.56,4.265,3.0762,1130.0,2.95,9.42,207.047,253.1852,91.7293,4237.1401,36.0436,1.9734,,76.3796
2019-04,2.42,2.53,63.86,255.548,30.1335,32.8837,2945.64,2848.63,6775.85,4.1425,3.121,1462.0,2.65,10.85,207.498,263.5285,95.023,4385.6602,38.0164,2.0812,,83.4378
2019-05,2.39,2.4,60.83,256.092,29.242,31.9266,2752.06,2750.52,6326.69,4.072,3.1612,1986.0,2.64,12.76,208.105,246.723,88.4357,4073.6001,35.8659,1.8418,,79.3101
2019-06,2.38,2.07,54.66,256.143,29.2838,31.9879,2941.76,2728.81,6771.46,3.8025,3.0885,2390.0,2.4,15.6,208.563,263.8915,95.1122,4333.2798,39.0583,1.9446,,71.2515
2019-07,2.4,2.06,57.35,256.571,29.9867,32.7704,2932.05,2914.11,6750.1,3.765,3.0452,2634.0,2.37,17.74,209.214,267.8813,95.9151,4405.79,39.0302,1.955,,74.6333
2019-08,2.13,1.63,54.81,256.558,28.7054,31.3861,2926.46,2822.12,6747.76,3.616,3.005,2941.0,2.22,18.37,210.01,263.3962,92.7829,4258.73,39.405,1.8282,,71.3314
2019-09,2.04,1.7,56.95,256.759,29.2295,31.9741,2952.01,2855.94,6813.91,3.605,3.0162,3317.0,2.56,17.61,210.817,268.5213,95.8169,4382.5,41.4173,,,74.0585
2019-10,1.83,1.71,53.96,257.346,28.8411,31.5643,3066.91,2892.66,7073.37,3.688,3.053,3695.0,2.33,12.5,211.716,274.4568,96.9959,4433.8599,42.7797,1.878,,70.0102
2019-11,1.55,1.81,57.03,257.208,29.8369,32.6633,3140.98,3065.89,7258.46,3.695,3.0687,3591.0,2.65,9.33,212.755,284.3917,100.2939,4573.6401,43.1461,1.8789,,74.033
2019-12,1.55,1.86,59.88,256.974,30.3318,33.2093,3234.85,3070.33,7495.28,3.72,3.055,3192.0,2.22,9.3,213.916,292.6549,103.0068,4691.02,42.8562,,2.6,77.8035
2020-01,1.55,1.76,57.52,257.971,30.9852,33.9232,3225.52,3214.64,7455.04,3.624,3.0475,2609.0,2.02,9.43,214.997,292.5368,101.0662,4601.0801,44.2405,1.6245,,74.4483
2020-02,1.58,1.5,50.54,258.678,30.7297,33.6437,2954.22,2855.84,6818.89,3.465,2.9095,2091.0,1.91,9.19,215.842,269.3778,92.1025,4179.2798,40.1724,1.4906,,65.2353
2020-03,0.65,0.87,29.21,258.115,24.8172,27.1816,2488.65,2191.86,5769.57,3.45,2.7286,1986.0,1.79,9.8,216.392,235.7402,75.5242,3418.8701,28.1728,,,37.7855
2020-04,0.05,0.66,16.55,256.389,25.9274,28.408,2830.71,2574.57,6617.47,3.306,2.493,2210.0,1.74,10.42,216.797,265.6755,86.4187,3908.7,34.093,0.7319,,21.5529
2020-05,0.05,0.67,28.56,256.394,27.3285,29.9518,3044.31,2766.64,7127.76,3.2325,2.3923,2714.0,1.75,11.79,216.927,278.3336,90.5265,4082.27,39.8619,0.9647,,37.1926
2020-06,0.08,0.73,38.31,257.797,28.8383,31.6133,3130.01,2965.66,7302.06,3.1625,2.408,3077.0,1.63,15.33,217.486,283.2697,91.8492,4138.7402,41.6179,1.1781,,49.6182
2020-07,0.09,0.62,40.71,259.101,29.5992,32.4533,3271.12,3115.7,7603.62,3.016,2.4338,3274.0,1.76,17.49,219.253,299.952,96.4344,4334.3901,47.0311,1.2171,,52.4613
2020-08,0.1,0.65,42.34,259.918,31.1582,34.1657,3426.96,3284.53,7954.07,2.935,2.4292,3455.0,2.3,18.27,222.266,320.8877,100.5503,4518.8198,50.0079,1.1961,,54.3903
2020-09,0.09,0.68,39.63,260.28,30.8394,33.819,3348.42,3209.45,7771.54,2.89,2.4138,3756.0,1.92,16.85,225.714,308.8725,98.0244,4396.1899,51.1658,1.1454,,50.8382
2020-10,0.09,0.79,39.4,260.388,31.2837,34.3079,3269.96,3233.94,7596.29,2.834,2.3888,3919.0,2.39,12.26,229.649,301.1712,97.4804,4364.5698,49.3615,1.0813,,50.5222
2020-11,0.09,0.87,40.94,260.229,32.4732,35.612,3699.12,3279.74,8611.96,2.765,2.432,3939.0,2.61,10.99,233.207,333.9317,111.4165,4978.6201,54.347,,,52.529
2020-12,0.09,0.93,47.02,260.474,33.7656,37.0266,3756.07,3633.4,8746.88,2.684,2.5848,3460.0,2.58,9.75,236.528,346.3033,116.0455,5182.04,54.8453,1.4763,2.8,60.2733
2021-01,0.09,1.08,52.0,261.582,34.5124,37.8412,3714.24,3662.71,8623.0,2.735,2.6805,2689.0,2.71,9.62,239.63,342.7744,115.0992,5135.4702,57.3763,1.6004,,66.3746
2021-02,0.08,1.26,59.04,263.014,35.1039,38.4806,3811.15,3725.62,8809.9,2.81,2.847,1845.0,5.35,9.28,242.34,352.3053,122.1053,5438.7002,59.0319,1.8565,,74.9504
2021-03,0.07,1.61,62.33,264.877,35.0425,38.4007,4019.87,3723.34,9240.01,3.0825,3.1522,1764.0,2.62,10.47,245.43,368.2997,129.4881,5752.0601,67.0733,1.7713,,78.5705
2021-04,0.07,1.64,61.72,267.054,36.7198,40.2197,4181.17,4034.44,9542.58,3.06,3.1303,1958.0,2.66,12.27,249.011,387.7867,135.5392,6019.6602,71.82,1.9211,,77.1673
2021-05,0.06,1.62,65.17,269.195,36.5521,40.0147,4204.11,4056.88,9528.73,2.9625,3.217,2313.0,2.91,14.07,253.261,390.3329,138.1352,6125.48,71.4578,2.0445,,80.8328
2021-06,0.08,1.52,71.38,271.696,36.6963,40.148,4352.34,4164.4,9786.68,2.975,3.2868,2558.0,3.26,17.74,258.1,399.087,138.1745,6124.8999,69.9036,2.1287,,87.7203
2021-07,0.1,1.32,72.49,273.003,37.4434,40.9374,4395.26,4233.13,9845.96,2.868,3.3388,2727.0,3.84,19.81,262.558,408.8297,139.962,6198.3398,71.9556,2.1994,,88.6579
2021-08,0.09,1.28,67.73,273.567,37.9735,41.4868,4535.43,4367.73,10151.8,2.8425,3.35,2871.0,4.07,20.86,266.609,420.9964,143.2804,6335.8501,74.5422,,,82.6654
2021-09,0.08,1.37,71.65,274.31,37.6203,41.0707,4357.04,4288.52,9736.13,2.9,3.384,3170.0,5.16,20.13,270.172,401.3757,137.8419,6086.1899,68.5723,2.3417,,87.213
2021-10,0.08,1.58,81.48,276.589,37.253,40.6389,4605.38,4278.94,10216.7,3.0675,3.6118,3611.0,5.51,17.4,273.601,429.5377,145.1472,6405.0601,74.1337,2.4964,,98.361
2021-11,0.08,1.56,79.15,277.948,38.5826,42.0549,4538.43,4495.12,10031.4,3.0675,3.727,3564.0,5.05,13.11,277.31,426.0863,141.3105,6230.8599,76.752,2.0638,,95.0811
2021-12,0.08,1.47,71.71,278.802,38.3048,41.7173,4766.18,4531.1,10512.9,3.098,3.641,3195.0,3.76,13.08,281.529,445.7919,150.1725,6605.8701,82.1013,2.3301,3.0,85.8797
2022-01,0.08,1.76,83.22,281.148,36.9368,40.1943,4500.53,4222.62,9856.84,3.445,3.7242,2323.0,4.38,12.04,286.101,422.2803,143.612,6313.4902,71.2476,2.7592,,98.8324
2022-02,0.08,1.93,91.64,283.716,35.2871,38.3705,4328.87,4114.65,9405.23,3.7625,4.0322,1643.0,4.69,12.15,291.096,409.8159,142.3294,6248.6401,67.0459,3.0134,,107.847
2022-03,0.2,2.13,108.5,287.504,34.2708,37.2394,4545.86,4157.87,9757.03,4.172,5.1045,1415.0,4.9,12.94,296.27,425.2209,146.1301,6397.7402,60.6221,3.6912,,126.0064
2022-04,0.33,2.75,101.78,289.109,33.8892,36.8009,4131.93,4124.28,8829.2,4.9825,5.1195,1567.0,6.6,13.97,300.294,387.8997,136.6234,5983.2002,58.79,4.7817,,117.5459
2022-05,0.77,2.9,109.55,292.296,30.6732,33.2921,4108.54,3810.32,8696.53,5.23,5.571,1901.0,8.14,17.68,303.299,388.7752,137.9948,6031.21,59.8643,,,125.14
2022-06,1.21,3.14,114.84,296.311,29.0477,31.5155,3825.33,3636.87,7997.63,5.522,5.7535,2251.0,7.7,22.41,304.177,356.7167,125.0444,5453.5298,52.6173,3.8982,,129.4053
2022-07,1.68,2.9,101.62,296.276,29.0046,31.4577,4130.29,3721.56,8647.05,5.4125,5.4857,2457.0,7.28,24.57,303.367,389.5658,135.86,5922.75,61.5519,3.6247,,114.5221
2022-08,2.33,2.9,93.67,296.171,30.6988,33.2819,3924.26,3903.65,8231.07,5.2225,5.0132,2640.0,8.81,25.39,301.058,373.6708,131.1276,5704.3999,57.503,3.7154,,105.6002
2022-09,2.56,3.52,84.26,296.808,28.2299,30.5974,3585.62,3584.13,7514.57,6.112,4.9925,3106.0,7.88,24.52,299.053,339.1265,119.1109,5167.3301,52.734,3.369,,94.7878
2022-10,3.08,3.98,87.55,298.012,27.0808,29.347,3770.55,3491.58,7883.6,6.9,5.2114,3501.0,5.66,18.62,298.737,366.6891,130.6027,5668.5,56.2535,4.1909,,98.091
2022-11,3.78,3.89,84.37,297.711,28.3789,30.7479,4071.7,3744.22,8532.71,6.805,5.255,3483.0,5.45,15.56,298.443,387.074,139.2684,6035.0,60.0526,3.3629,,94.6237
2022-12,4.1,3.62,76.44,296.797,28.3169,30.6762,3839.5,3764.49,8081.63,6.364,4.7135,2891.0,5.53,14.66,297.726,364.7676,132.727,5739.5298,58.3474,3.3622,2.8,85.9939
2023-01,4.33,3.53,78.12,299.17,28.3348,30.6916,4136.48,3794.33,8651.62,6.2725,4.5764,2583.0,3.27,15.56,297.356,387.7069,142.5746,6158.6802,67.1788,,,87.1868
2023-02,4.57,3.75,76.83,300.84,28.9198,31.3205,4045.64,3928.16,8425.5,6.2575,4.4132,2114.0,2.38,15.15,297.711,377.9589,137.7542,5944.1602,65.3119,2.8209,,85.2711
2023-03,4.65,3.66,73.28,301.836,27.9381,30.2547,4109.31,3808.86,8541.16,6.544,4.2105,1830.0,2.31,13.88,298.654,391.9728,136.5773,5878.1001,65.7273,2.6763,,81.0627
2023-04,4.83,3.46,79.45,303.363,28.7648,31.1457,4169.48,4049.35,8633.57,6.3425,4.099,2063.0,2.16,14.54,300.065,398.2344,137.0684,5892.4302,68.7925,2.3787,,87.4456
2023-05,5.06,3.57,71.58,304.127,28.7621,31.1381,4282.37,4048.28,8858.99,6.425,3.915,2446.0,2.15,16.86,302.088,400.0728,131.846,5657.3301,66.8234,2.2596,,78.5857
2023-06,5.08,3.75,70.25,305.109,29.94,32.4065,4450.38,4261.07,9188.01,6.714,3.8018,2881.0,2.18,20.31,304.207,425.9975,141.9304,6081.96,78.0738,2.4482,,76.8773
2023-07,5.12,3.9,76.07,305.691,30.8917,33.4279,4478.03,4385.05,9241.09,6.84,3.8822,3001.0,2.55,22.18,306.546,439.9418,146.9004,6286.0298,82.1671,2.9909,,83.0878
2023-08,5.33,4.17,81.39,307.026,30.3047,32.7848,4515.77,4335.31,9289.57,7.072,4.3703,3115.0,2.58,23.41,309.13,432.7919,142.196,6074.3599,80.7671,3.1426,,88.5121
2023-09,5.33,4.38,89.43,307.789,29.7997,32.2311,4288.05,4238.63,8809.97,7.2,4.5628,3445.0,2.64,22.05,311.236,412.2626,134.9735,5754.77,74.627,3.3622,,97.0145
2023-10,5.33,4.8,85.64,307.671,28.7691,31.1108,4358.34,4103.78,8971.89,7.62,4.5068,3779.0,2.98,16.85,313.207,403.3129,129.3913,5514.3198,69.8026,,,92.9387
2023-11,5.33,4.5,77.69,307.051,30.0132,32.4481,4594.63,4343.94,9488.7,7.442,4.2538,3836.0,2.71,13.47,314.073,440.1531,141.2702,6003.1602,80.845,2.8305,,84.4814
2023-12,5.33,4.02,71.9,306.746,31.4523,33.9927,4769.83,4546.5,9871.63,6.815,3.9718,3476.0,2.52,13.03,314.832,460.2484,150.9074,6402.8901,93.418,2.5531,2.4,78.263
2024-01,5.33,4.06,74.15,308.417,32.0451,34.6203,4958.61,4682.11,10221.1,6.6425,3.8544,2659.0,3.18,11.89,315.867,467.5785,149.626,6344.3101,91.6016,2.8082,,80.2749
2024-02,5.33,4.21,77.25,310.326,33.0372,35.6776,5137.08,4918.09,10535.1,6.776,4.0438,2374.0,1.72,13.14,317.247,491.98,155.6795,6595.7202,100.6543,2.6838,,83.1165
2024-03,5.33,4.21,81.28,312.332,33.7549,36.4373,5254.35,5056.82,10717.6,6.82,4.022,2259.0,1.49,13.66,318.081,508.0686,162.6447,6875.8799,109.1489,2.6156,,86.8908
2024-04,5.33,4.54,85.35,313.548,33.1416,35.7616,5127.79,4953.56,10432.9,6.9925,4.0022,2484.0,1.6,14.32,319.104,487.5836,154.7991,6535.3501,100.3654,2.5134,,90.8879
2024-05,5.33,4.48,80.02,314.069,33.7736,36.429,5277.51,5142.42,10730.9,7.06,3.8222,2900.0,2.12,17.67,320.016,512.2455,159.1972,6707.2798,102.9965,2.3636,,85.0707
2024-06,5.33,4.31,79.77,314.175,34.8105,37.5312,5460.48,5234.32,11110.5,6.9175,3.722,3134.0,2.54,20.72,320.796,530.3175,158.391,6663.71,99.0103,2.5169,,84.7763
2024-07,5.33,4.25,81.8,314.54,35.4436,38.1965,5346.56,5302.03,10879.9,6.8475,3.8102,3249.0,2.07,22.78,321.628,536.7392,165.4486,6956.2598,115.7699,2.4155,,86.8329
2024-08,5.33,3.87,76.68,314.796,34.9196,37.6156,5648.4,5119.26,11496.4,6.5,3.6995,3347.0,1.99,23.22,322.425,549.2805,169.5655,7116.2798,114.9863,2.2515,,81.3316
2024-09,5.13,3.72,70.24,315.301,35.6602,38.3959,5751.07,5402.62,11701.2,6.18,3.5578,3548.0,2.28,22.46,323.421,560.8178,173.4168,7269.3999,122.1354,,,74.3817
2024-10,4.83,4.1,71.99,315.664,36.5872,39.3752,5728.8,5686.85,11653.9,6.428,3.5852,3864.0,2.2,18.38,324.462,555.8133,170.6388,7144.2998,111.9869,2.2195,,76.1472
2024-11,4.64,4.36,69.95,315.493,37.3502,40.1766,6032.38,5696.51,12289.9,6.805,3.5218,3937.0,2.12,14.79,325.897,588.9584,181.6056,7589.9102,120.4979,2.193,,74.0295
2024-12,4.48,4.39,70.12,315.605,37.7112,40.5448,5942.47,5829.53,12117.0,6.715,3.4942,3413.0,3.01,12.85,327.532,574.788,170.2102,7100.8301,102.6392,,2.3,74.1831
2025-01,4.33,4.63,75.74,317.671,37.1292,39.9,6040.53,5773.31,12248.7,6.958,3.6342,2397.0,4.13,12.44,329.069,590.2247,176.048,7342.27,106.4698,2.4845,,79.6076
2025-02,4.33,4.45,71.53,319.082,37.1872,39.9434,5954.5,5837.66,12032.4,6.8425,3.6748,1760.0,4.19,12.97,329.916,582.7319,175.0183,7285.8799,99.5846,2.3549,,74.8501
2025-03,4.33,4.28,68.24,319.799,34.7848,37.3486,5074.08,5069.9,10243.9,6.65,3.585,1773.0,4.12,14.62,328.956,550.2625,169.0757,7024.2002,95.4813,2.314,,71.2473
2025-04,4.33,4.28,63.54,320.795,32.6213,35.0153,5686.67,4835.04,11457.3,6.725,3.5665,2041.0,3.42,16.17,328.102,545.4917,165.0838,6856.79,93.3135,2.0367,,66.1342
2025-05,4.33,4.42,62.17,321.465,35.0767,37.6373,5911.69,5578.64,11897.9,6.816,3.499,2598.0,3.12,19.24,327.525,579.773,172.1989,7141.5698,92.88,2.0172,,64.5734
2025-06,4.33,4.38,68.17,322.561,36.1111,38.7326,6279.35,5861.43,12610.4,6.8175,3.599,2953.0,3.02,23.26,326.999,609.5654,178.1055,7372.5898,97.2818,,,70.5648
2025-07,4.33,4.39,68.39,323.048,37.4742,40.1788,6238.01,6201.0,12520.4,6.72,3.7785,3123.0,3.2,25.41,326.904,623.6046,179.9576,7437.4102,100.5782,2.3995,,70.6858
2025-08,4.33,4.26,64.86,323.976,37.8461,40.5612,6460.26,6271.71,12941.4,6.5875,3.7438,3262.0,2.91,26.24,327.197,636.4007,184.8478,7624.71,112.5102,2.2667,,66.8453
2025-09,4.22,4.12,63.96,324.8,38.5804,41.3309,6715.79,6360.58,13434.4,6.3525,3.7484,3551.0,2.97,24.7,327.646,659.0695,186.7154,7693.4102,109.5051,2.3325,,65.7505
2025-10,4.09,4.06,60.89,325.212,39.2057,41.9831,6840.2,6550.78,13678.3,6.254,3.6785,3905.0,3.19,19.32,328.74,674.7801,184.9733,7613.0498,103.8025,2.4312,,62.5153
2025-11,3.88,4.09,60.06,324.122,39.1496,41.9062,6849.09,6521.92,13754.6,6.2375,3.8222,3913.0,3.79,15.07,330.073,676.0958,188.5166,7744.73,107.6075,2.333,,61.8705
2025-12,3.72,4.14,57.97,324.054,39.5816,42.3518,6858.47,6720.43,13791.7,6.19,3.6148,3364.0,4.26,14.09,331.258,676.635,189.296,7763.9199,101.9313,2.1206,7.8,59.73
2026-01,3.64,4.21,60.04,325.252,39.6408,42.3985,6939.03,6789.05,13914.6,6.1025,3.5225,2454.0,7.72,13.96,331.801,686.6072,195.7389,8018.21,107.317,2.7356,,61.635
2026-02,3.64,4.13,64.51,326.785,39.014,41.712,6878.88,6775.5,13741.5,6.0475,3.7222,1876.0,3.62,14.95,332.098,680.6735,202.5475,8290.6396,114.1876,,,65.9131
2026-03,3.64,4.25,91.38,330.213,37.0316,39.5786,6582.69,6316.91,13028.7,6.1775,4.9206,1851.0,3.04,16.16,,647.0621,190.4637,7778.54,98.0296,,,92.3982
2026-04,3.64,4.32,100.32,333.02,38.1383,40.7458,7230.12,6534.55,14201.9,6.332,5.5012,2142.0,2.77,18.04,,715.0377,201.8962,8235.4902,105.2587,4.1384,,100.5828
2026-05,3.63,4.48,102.13,335.123,40.1014,42.8239,7580.06,7174.12,14808.3,6.4425,5.5995,2578.0,2.94,19.73,,752.6671,207.2453,8442.4004,101.9122,3.5373,,101.755
2026-06,3.63,4.47,84.81,333.952,40.1502,42.8563,7483.24,7237.85,14685.9,6.49,5.0238,2922.0,3.15,24.09,,744.9202,211.9732,8626.6396,114.9174,3.3168,,84.7949
2026-07,3.63,4.6,80.46,333.918,40.0086,42.646,7489.72,7313.92,14712.5,6.542,4.9553,3117.0,2.89,,,745.1796,214.2048,8705.9297,103.1134,4.1215,,80.4539
2026-08,3.63,4.68,83.9,333.901,41.1198,43.8082,7718.6,7504.78,15178.3,6.6675,5.462,3214.0,2.78,,,765.15,218.5684,8872.3203,102.2383,4.4953,,83.8979
2026-09,,,,333.8925,40.5758,43.2066,7743.41,7507.77,15236.8,6.8625,6.2603,3351.0,,,,771.35,211.11,8559.6904,98.32,4.4621,,
