key,P,D,CPI,CAPE,TRCAPE
187101,4.44,0.26,12.46406116,,
187102,4.5,0.26,12.84464132,,
187103,4.61,0.26,13.0349719,,
187104,4.74,0.26,12.55922645,,
187105,4.86,0.26,12.27381157,,
187106,4.82,0.26,12.08348099,,
187107,4.73,0.26,12.08348099,,
187108,4.79,0.26,11.8932314,,
187109,4.84,0.26,12.17864628,,
187110,4.59,0.26,12.36889587,,
187111,4.64,0.26,12.36889587,,
187112,4.74,0.26,12.65439174,,
187201,4.86,0.2633,12.65439174,,
187202,4.88,0.2667,12.65439174,,
187203,5.04,0.27,12.84464132,,
187204,5.18,0.2733,13.13013719,,
187205,5.18,0.2767,13.13013719,,
187206,5.13,0.28,13.0349719,,
187207,5.1,0.2833,12.84464132,,
187208,5.04,0.2867,12.93980661,,
187209,4.95,0.29,13.0349719,,
187210,4.97,0.2933,12.74947603,,
187211,4.95,0.2967,13.13013719,,
187212,5.07,0.3,12.93980661,,
187301,5.11,0.3025,12.93980661,,
187302,5.15,0.305,13.22522149,,
187303,5.11,0.3075,13.22522149,,
187304,5.04,0.31,13.22522149,,
187305,5.05,0.3125,12.93980661,,
187306,4.98,0.315,12.55922645,,
187307,4.97,0.3175,12.55922645,,
187308,4.97,0.32,12.55922645,,
187309,4.59,0.3225,12.55922645,,
187310,4.19,0.325,12.27381157,,
187311,4.04,0.3275,11.8932314,,
187312,4.42,0.33,12.17864628,,
187401,4.66,0.33,12.36889587,,
187402,4.8,0.33,12.36889587,,
187403,4.73,0.33,12.36889587,,
187404,4.6,0.33,12.17864628,,
187405,4.48,0.33,12.08348099,,
187406,4.46,0.33,11.79806612,,
187407,4.46,0.33,11.8932314,,
187408,4.47,0.33,11.79806612,,
187409,4.54,0.33,11.79806612,,
187410,4.53,0.33,11.60773554,,
187411,4.57,0.33,11.51265124,,
187412,4.54,0.33,11.51265124,,
187501,4.54,0.3275,11.51265124,,
187502,4.53,0.325,11.51265124,,
187503,4.59,0.3225,11.51265124,,
187504,4.65,0.32,11.60773554,,
187505,4.47,0.3175,11.32232066,,
187506,4.38,0.315,11.13207107,,
187507,4.39,0.3125,11.13207107,,
187508,4.41,0.31,11.22715537,,
187509,4.37,0.3075,11.13207107,,
187510,4.3,0.305,11.13207107,,
187511,4.37,0.3025,11.03690579,,
187512,4.37,0.3,10.9417405,,
187601,4.46,0.3,10.84657521,,
187602,4.52,0.3,10.84657521,,
187603,4.51,0.3,10.84657521,,
187604,4.34,0.3,10.75149091,,
187605,4.18,0.3,10.37091074,,
187606,4.15,0.3,10.08541488,,
187607,4.1,0.3,10.08541488,,
187608,3.93,0.3,10.18058017,,
187609,3.69,0.3,10.27574545,,
187610,3.67,0.3,10.46599504,,
187611,3.6,0.3,10.56116033,,
187612,3.58,0.3,10.75149091,,
187701,3.55,0.2908,10.9417405,,
187702,3.34,0.2817,10.65632562,,
187703,3.17,0.2725,10.18058017,,
187704,2.94,0.2633,10.46599504,,
187705,2.94,0.2542,10.65632562,,
187706,2.73,0.245,10.08541488,,
187707,2.85,0.2358,10.18058017,,
187708,3.05,0.2267,9.8,,
187709,3.24,0.2175,9.704834711,,
187710,3.31,0.2083,9.704834711,,
187711,3.26,0.1992,9.514585124,,
187712,3.25,0.19,9.514585124,,
187801,3.25,0.1892,9.229089256,,
187802,3.18,0.1883,9.134004959,,
187803,3.24,0.1875,8.94367438,,
187804,3.33,0.1867,8.848509091,,
187805,3.34,0.1858,8.563094215,,
187806,3.41,0.185,8.372844628,,
187807,3.48,0.1842,8.467928926,,
187808,3.45,0.1833,8.563094215,,
187809,3.52,0.1825,8.563094215,,
187810,3.48,0.1817,8.467928926,,
187811,3.47,0.1808,8.372844628,,
187812,3.45,0.18,8.18251405,,
187901,3.58,0.1817,8.277679339,,
187902,3.71,0.1833,8.372844628,,
187903,3.65,0.185,8.277679339,,
187904,3.77,0.1867,8.18251405,,
187905,3.94,0.1883,8.18251405,,
187906,3.96,0.19,8.087381157,,
187907,4.04,0.1917,8.18251405,,
187908,4.07,0.1933,8.18251405,,
187909,4.22,0.195,8.467928926,,
187910,4.68,0.1967,8.94367438,,
187911,4.93,0.1983,9.419419835,,
187912,4.92,0.2,9.704834711,,
188001,5.11,0.205,9.990330579,,
188002,5.2,0.21,9.990330579,,
188003,5.3,0.215,10.08541488,,
188004,5.18,0.22,9.704834711,,
188005,4.77,0.225,9.419419835,,
188006,4.79,0.23,9.229089256,,
188007,5.01,0.235,9.229089256,,
188008,5.19,0.24,9.229089256,,
188009,5.18,0.245,9.324254545,,
188010,5.33,0.25,9.324254545,,
188011,5.61,0.255,9.419419835,,
188012,5.84,0.26,9.514585124,,
188101,6.19,0.265,9.419419835,18.473952301404942,24.135057421965016
188102,6.17,0.27,9.514585124,18.14725816499024,23.6555032661501
188103,6.24,0.275,9.514585124,18.270119140204997,23.767712891469255
188104,6.22,0.28,9.609669421,17.950108278222896,23.308850117141485
188105,6.5,0.285,9.514585124,18.8697186931526,24.456686047737893
188106,6.58,0.29,9.514585124,19.02871073111579,24.616330670871356
188107,6.35,0.295,9.609669421,18.116367187389752,23.397455434510498
188108,6.2,0.3,9.8,17.28624355397345,22.294300579943215
188109,6.25,0.305,10.18058017,16.724836648772907,21.542784022650437
188110,6.15,0.31,10.27574545,16.26198941118135,20.927319306516623
188111,6.19,0.315,10.18058017,16.47864231664487,21.18977465045719
188112,6.01,0.32,10.18058017,15.958754206105084,20.509855894384813
188201,5.92,0.32,10.18058017,15.678764160028747,20.142053775383264
188202,5.79,0.32,10.27574545,15.153861528363045,19.462129672651724
188203,5.78,0.32,10.27574545,15.09167029948675,19.377440588099798
188204,5.78,0.32,10.37091074,14.916997168375307,19.149099336903035
188205,5.71,0.32,10.46599504,14.567103202191767,18.69842050025918
188206,5.68,0.32,10.56116033,14.327404890131675,18.39019781872344
188207,6.0,0.32,10.46599504,15.24055976121783,19.55702412921713
188208,6.18,0.32,10.56116033,15.525429331463037,19.913629768832696
188209,6.24,0.32,10.27574545,16.081106624462315,20.61719470598177
188210,6.07,0.32,10.18058017,15.755581030526558,20.192326679272217
188211,5.81,0.32,10.08541488,15.192670313165342,19.46618580570175
188212,5.84,0.32,9.990330579,15.382128332081978,19.704614063292855
188301,5.81,0.3208,9.990330579,15.270259119098574,19.556713466650184
188302,5.68,0.3217,10.08541488,14.757590146176227,18.8982221884684
188303,5.75,0.3225,9.990330579,15.051254121401639,19.273105236150062
188304,5.87,0.3233,9.895165289,15.482067222036676,19.821692820458182
188305,5.77,0.3242,9.8,15.335497637337065,19.63264291950356
188306,5.82,0.325,9.514585124,15.903388388583794,20.35644802334545
188307,5.73,0.3258,9.324254545,15.948783127017029,20.410434017234646
188308,5.47,0.3267,9.324254545,15.19681087662985,19.448085508176298
188309,5.53,0.3275,9.229089256,15.494692425793458,19.828736618724495
188310,5.38,0.3283,9.229089256,15.048056270223842,19.25930818643971
188311,5.46,0.3292,9.134004959,15.408218142448874,19.720544543933176
188312,5.34,0.33,9.229089256,14.896403941887167,19.066539273012438
188401,5.18,0.3283,9.229089256,14.432821721970726,18.478450440666556
188402,5.32,0.3267,9.229089256,14.805960228816716,18.96024883164489
188403,5.3,0.325,9.229089256,14.736023454014472,18.875642451992512
188404,5.06,0.3233,9.038839669,14.353453682579472,18.395357641018045
188405,4.65,0.3217,8.848509091,13.465050313804905,17.27291894887987
188406,4.46,0.32,8.848509091,12.906876483666863,16.575562457475296
188407,4.46,0.3183,8.753424793,13.043931585991668,16.76976853063277
188408,4.74,0.3167,8.753424793,13.859813341769325,17.83206263060006
188409,4.59,0.315,8.658259504,13.569154744335723,17.474388100341244
188410,4.44,0.3133,8.563094215,13.273251319134156,17.112421679154775
188411,4.35,0.3117,8.372844628,13.30443760211973,17.173051638572854
188412,4.34,0.31,8.277679339,13.432292746944764,17.357970009963747
188501,4.24,0.3042,8.277679339,13.129817425635963,16.987379177257107
188502,4.37,0.2983,8.372844628,13.384817593597965,17.334064590871233
188503,4.38,0.2925,8.18251405,13.734194093452514,17.803189669171854
188504,4.37,0.2867,8.277679339,13.548548541030058,17.577505686645956
188505,4.32,0.2808,8.087381157,13.711371872561942,17.804975054591768
188506,4.3,0.275,7.897091074,13.978784368698353,18.166486027738838
188507,4.46,0.2692,7.992232066,14.326658777089326,18.627238981582376
188508,4.71,0.2633,7.992232066,15.130410796707155,19.676139676121828
188509,4.65,0.2575,7.897091074,15.116285028724242,19.662671854522625
188510,4.92,0.2517,7.897091074,15.991023962168983,20.799074639680097
188511,5.24,0.2458,7.992232066,16.82403449861902,21.87509966239492
188512,5.2,0.24,8.18251405,16.304475952278526,21.192987772511717
188601,5.2,0.2383,7.992232066,16.692317470797658,21.692296410859058
188602,5.3,0.2367,7.992232066,17.006648259461002,22.092422581197702
188603,5.19,0.235,7.897091074,16.843266101570137,21.87322355959163
188604,5.12,0.2333,7.801941983,16.801716131246305,21.812473807208228
188605,5.02,0.2317,7.611651901,16.863195515097832,21.88583969576427
188606,5.25,0.23,7.51650281,17.831494055376883,23.128666989576484
188607,5.33,0.2283,7.611651901,17.84584504153221,23.13006740187336
188608,5.37,0.2267,7.706792893,17.72391279961927,22.9549738392198
188609,5.51,0.225,7.706792893,18.14714392580003,23.484613598095915
188610,5.65,0.2233,7.706792893,18.562381342866566,24.001461288727935
188611,5.79,0.2217,7.706792893,18.968312634942837,24.504279362629482
188612,5.64,0.22,7.801941983,18.194057556886438,23.485324841739722
188701,5.58,0.2225,7.992232066,17.512222096304956,22.59075438151064
188702,5.54,0.225,8.087381157,17.125366596972317,22.080922961887403
188703,5.67,0.2275,8.087381157,17.473213711513754,22.517438233129706
188704,5.8,0.23,8.087381157,17.82298363910071,22.953677448902006
188705,5.9,0.2325,8.087381157,18.07544542745824,23.264710044683643
188706,5.73,0.235,7.992232066,17.707695663272986,22.781332053852907
188707,5.59,0.2375,7.897091074,17.43146053561307,22.416555953423345
188708,5.45,0.24,7.992232066,16.739849614820702,21.52061467573705
188709,5.38,0.2425,7.897091074,16.676629667380144,21.434140136239726
188710,5.2,0.245,7.992232066,15.880666812517312,20.40860138764957
188711,5.3,0.2475,8.087381157,15.950712201066773,20.4958572795052
188712,5.27,0.25,8.277679339,15.455513454469944,19.85794687505821
188801,5.31,0.2483,8.372844628,15.358662514259905,19.731734100274647
188802,5.28,0.2467,8.277679339,15.418178318820534,19.807302727374452
188803,5.08,0.245,8.277679339,14.808972366946568,19.02661149319171
188804,5.1,0.2433,8.18251405,15.02010868184446,19.29957161656765
188805,5.17,0.2417,8.087381157,15.38791695722913,19.772685839694237
188806,5.01,0.24,7.992232066,15.077628818434691,19.375983676114195
188807,5.14,0.2383,8.087381157,15.279642515498175,19.635009581546463
188808,5.25,0.2367,8.087381157,15.602911670088805,20.049771885586612
188809,5.38,0.235,8.087381157,15.987828821761422,20.542902549349098
188810,5.35,0.2333,8.18251405,15.715941874329705,20.193130565349648
188811,5.24,0.2317,8.277679339,15.223749016946284,19.562485773849474
188812,5.14,0.23,8.277679339,14.946748301089228,19.210201901691885
188901,5.24,0.2292,7.992232066,15.802286071028163,20.312198653655688
188902,5.3,0.2283,7.897091074,16.192720447848995,20.81330768748955
188903,5.19,0.2275,7.801941983,16.06504536076929,20.648519003321095
188904,5.18,0.2267,7.801941983,16.050104533967485,20.6264588171422
188905,5.32,0.2258,7.611651901,16.915421076068377,21.731410413817354
188906,5.41,0.225,7.611651901,17.21930294394768,22.1106233839953
188907,5.3,0.2242,7.611651901,16.889214491107513,21.675368705170957
188908,5.37,0.2233,7.611651901,17.131853975345724,21.973135389628155
188909,5.5,0.2225,7.706792893,17.35078802634859,22.236764738619264
188910,5.4,0.2217,7.706792893,17.053214402955483,21.84047081016849
188911,5.35,0.2208,7.706792893,16.90602117024936,21.6386436771663
188912,5.32,0.22,7.801941983,16.610338076603384,21.24815598812764
189001,5.38,0.22,7.611651901,17.220071982181892,22.015486326741613
189002,5.32,0.22,7.611651901,17.0268149826714,21.755939559525387
189003,5.28,0.22,7.611651901,16.901122288589896,21.582789932235595
189004,5.39,0.22,7.611651901,17.25785454260319,22.023576461344508
189005,5.62,0.22,7.706792893,17.786430487858613,22.677242329476794
189006,5.58,0.22,7.706792893,17.684360844450154,22.525314186078045
189007,5.54,0.22,7.706792893,17.589295440864852,22.381223142941973
189008,5.41,0.22,7.992232066,16.596791133979092,21.0974179134709
189009,5.32,0.22,8.087381157,16.169702000615295,20.53595374370967
189010,5.08,0.22,8.087381157,15.482849163344424,19.649063391074286
189011,4.71,0.22,7.897091074,14.745043493292792,18.703194594453656
189012,4.6,0.22,7.897091074,14.442991231338429,18.311029377300343
189101,4.84,0.22,7.801941983,15.428980086469084,19.54697672773733
189102,4.9,0.22,7.897091074,15.476522332432529,19.59076059677419
189103,4.81,0.22,7.992232066,15.051623357657373,19.038836516513694
189104,4.97,0.22,8.087381157,15.408945125474114,19.47415288315956
189105,4.95,0.22,7.992232066,15.566495230713242,19.65739202302478
189106,4.85,0.22,7.801941983,15.658211395638135,19.75748390427354
189107,4.77,0.22,7.706792893,15.617919238645978,19.690897636411623
189108,4.93,0.22,7.706792893,16.163998509963022,20.36026349443654
189109,5.33,0.22,7.611651901,17.711261413256512,22.282941160981
189110,5.33,0.22,7.611651901,17.71656858982635,22.264637311753678
189111,5.25,0.22,7.51650281,17.671739174763985,22.185040648627997
189112,5.41,0.22,7.51650281,18.20630300020992,22.828744233682695
189201,5.51,0.2217,7.326212727,19.016388404225253,23.81522219945757
189202,5.52,0.2233,7.326212727,19.036425040978425,23.810068229783084
189203,5.58,0.225,7.135922645,19.738054849323,24.656692455919977
189204,5.57,0.2267,7.040773554,19.943265241638635,24.88113364867214
189205,5.57,0.2283,7.040773554,19.911465213489794,24.81009139083564
189206,5.54,0.23,7.040773554,19.76928439713673,24.603632002808602
189207,5.54,0.2317,7.231071736,19.211886434505548,23.882788577933074
189208,5.62,0.2333,7.326212727,19.20430380317381,23.846985014935314
189209,5.48,0.235,7.326212727,18.694271809588194,23.191984913721964
189210,5.59,0.2367,7.326212727,19.0402149153247,23.596821279777313
189211,5.57,0.2383,7.51650281,18.46331269079999,22.858807224266272
189212,5.51,0.24,7.611651901,18.013009251275733,22.28136209283735
189301,5.61,0.2408,7.897091074,17.65664370809877,21.820189744893504
189302,5.51,0.2417,7.992232066,17.12519385487245,21.14892073079713
189303,5.31,0.2425,7.801941983,16.899589031582316,20.8617504506818
189304,5.31,0.2433,7.706792893,17.102541578254915,21.10403480151056
189305,4.84,0.2442,7.611651901,15.780987310776249,19.47376764016998
189306,4.61,0.245,7.421361818,15.41650386359769,19.029235819010776
189307,4.18,0.2458,7.231071736,14.349854182760946,17.725059871200937
189308,4.08,0.2467,6.945632562,14.58805653580781,18.033912740781616
189309,4.37,0.2475,7.231071736,15.01206907913876,18.56701455194229
189310,4.5,0.2483,7.326212727,15.271794153520188,18.89753357063084
189311,4.57,0.2492,7.135922645,15.942411400571675,19.737917734430308
189312,4.41,0.25,7.040773554,15.612694335464935,19.343520628210005
189401,4.32,0.2467,6.850483471,15.739869351948228,19.51707032777289
189402,4.38,0.2433,6.755342479,16.20273659644993,20.105790744253227
189403,4.51,0.24,6.565052397,17.187622088121934,21.341016645575817
189404,4.57,0.2367,6.565052397,17.43484907805246,21.659778276889046
189405,4.4,0.2333,6.565052397,16.808751920918013,20.896769439678692
189406,4.34,0.23,6.565052397,16.60631969529253,20.661031027566573
189407,4.25,0.2267,6.565052397,16.289679714916954,20.285465268221326
189408,4.41,0.2233,6.755342479,16.457777072998372,20.510549550602153
189409,4.48,0.22,6.850483471,16.522315444877222,20.60726506505564
189410,4.34,0.2167,6.660193388,16.50290420570843,20.602914844137324
189411,4.34,0.2133,6.660193388,16.542784447444557,20.672276347819015
189412,4.3,0.21,6.565052397,16.67246633376773,20.85501361117496
189501,4.25,0.2083,6.565052397,16.52444393516272,20.692167083108192
189502,4.19,0.2067,6.565052397,16.331237693211413,20.47204638542373
189503,4.19,0.205,6.565052397,16.364625427174804,20.53464199020349
189504,4.37,0.2033,6.850483471,16.387543823686304,20.57845339795945
189505,4.61,0.2017,6.945632562,17.080369553382397,21.46014976867637
189506,4.7,0.2,7.040773554,17.207413539783396,21.628273210067615
189507,4.72,0.1983,6.945632562,17.54601464874056,22.060403147384225
189508,4.79,0.1967,6.850483471,18.074072547241798,22.7283696447251
189509,4.82,0.195,6.850483471,18.200335946605467,22.888669564420344
189510,4.75,0.1933,6.850483471,17.944706622466477,22.56789252073991
189511,4.59,0.1917,6.850483471,17.342998991921693,21.812946556051376
189512,4.32,0.19,6.755342479,16.54841515666796,20.818648077628062
189601,4.27,0.1892,6.660193388,16.57622482856819,20.85855215609437
189602,4.45,0.1883,6.565052397,17.51540335263728,22.040592031270307
189603,4.38,0.1875,6.565052397,17.23236271229861,21.685007699222606
189604,4.42,0.1867,6.469903306,17.643699378130005,22.201842765217222
189605,4.4,0.1858,6.374754215,17.828266894232826,22.432252972027978
189606,4.32,0.185,6.279613223,17.777578616430464,22.36626040060286
189607,4.04,0.1842,6.279613223,16.637100103394587,20.933061531248498
189608,3.81,0.1833,6.279613223,15.703370546226878,19.764265040091683
189609,4.01,0.1825,6.279613223,16.544339943032018,20.824903901677764
189610,4.1,0.1817,6.469903306,16.43886680472589,20.69215179083557
189611,4.38,0.1808,6.660193388,17.08942524237112,21.506675169836154
189612,4.22,0.18,6.660193388,16.501404180590093,20.765764121097316
189701,4.22,0.18,6.469903306,17.026521282380557,21.42590894619321
189702,4.18,0.18,6.469903306,16.894025883254095,21.257060362377864
189703,4.19,0.18,6.469903306,16.95803071672104,21.33376024719598
189704,4.06,0.18,6.374754215,16.69685743473466,21.001906820502263
189705,4.08,0.18,6.279613223,17.047755129229383,21.43690630537203
189706,4.27,0.18,6.279613223,17.85049728069061,22.433196984133865
189707,4.46,0.18,6.279613223,18.65197575582029,23.420666317964155
189708,4.75,0.18,6.565052397,19.00639601051944,23.838146387477522
189709,4.98,0.18,6.755342479,19.37237029339779,24.2667489111082
189710,4.82,0.18,6.660193388,19.02803122390242,23.80721709774229
189711,4.65,0.18,6.660193388,18.35844809805022,22.94302165832023
189712,4.75,0.18,6.660193388,18.748757662525502,23.401121903654268
189801,4.88,0.1817,6.660193388,19.24900002181375,23.993240200753725
189802,4.87,0.1833,6.755342479,18.91813188800214,23.551290011325065
189803,4.65,0.185,6.755342479,18.042174923468675,22.437784146714662
189804,4.57,0.1867,6.755342479,17.705089426411774,21.998739622916386
189805,4.87,0.1883,7.231071736,17.595635274512816,21.839402613257256
189806,5.06,0.19,6.755342479,19.54481748054799,24.234946843797776
189807,5.08,0.1917,6.660193388,19.858943014167306,24.597156500082143
189808,5.27,0.1933,6.660193388,20.54491517915327,25.41705356257015
189809,5.26,0.195,6.660193388,20.442732862691297,25.263043091810584
189810,5.15,0.1967,6.660193388,19.94719982577366,24.627181229803433
189811,5.32,0.1983,6.660193388,20.52741632481129,25.319043685503765
189812,5.65,0.2,6.755342479,21.40363198544818,26.37185846063143
189901,6.08,0.2008,6.755342479,22.932807416487186,28.222949576087554
189902,6.31,0.2017,6.945632562,23.048117549980198,28.32599306959267
189903,6.4,0.2025,6.945632562,23.279682245508724,28.57038968466712
189904,6.48,0.2033,7.040773554,23.152421525686496,28.371517887505842
189905,6.21,0.2042,7.040773554,22.09126936083419,27.03336388465909
189906,6.07,0.205,7.135922645,21.21209192504683,25.92074319093127
189907,6.28,0.2058,7.231071736,21.561425634523125,26.307639638375708
189908,6.44,0.2067,7.326212727,21.726237373055454,26.466629854714558
189909,6.37,0.2075,7.611651901,20.591140514113782,25.04468382842009
189910,6.34,0.2083,7.706792893,20.15371346068661,24.476723296282405
189911,6.46,0.2092,7.801941983,20.1964575208023,24.49141414818265
189912,6.02,0.21,7.897091074,18.512649643600202,22.419855109110483
190001,6.1,0.2175,7.897091074,18.674275362444785,22.587334824329037
190002,6.21,0.225,7.992232066,18.703797417251437,22.59574910485338
190003,6.26,0.2325,7.992232066,18.775793421238376,22.658551692872035
190004,6.34,0.24,7.992232066,18.936402033322736,22.830122957226415
190005,6.04,0.2475,7.801941983,18.40319701695042,22.172115694151763
190006,5.86,0.255,7.706792893,17.992711584303983,21.66709132606772
190007,5.86,0.2625,7.801941983,17.689545468952808,21.293889709957174
190008,5.94,0.27,7.706792893,18.06961466678419,21.745469843487978
190009,5.8,0.2775,7.801941983,17.341874151224708,20.86922595392475
190010,6.01,0.285,7.706792893,18.102398784556048,21.78469252513005
190011,6.48,0.2925,7.706792893,19.419584603760754,23.36547649184723
190012,6.87,0.3,7.611651901,20.74405116087084,24.951139917086632
190101,7.07,0.3017,7.706792893,20.978581834536186,25.223107928844342
190102,7.25,0.3033,7.611651901,21.679149848206187,26.05325136080883
190103,7.51,0.305,7.611651901,22.347583950683845,26.84086878778499
190104,8.14,0.3067,7.51650281,24.4097169948272,29.29380498925427
190105,7.73,0.3083,7.51650281,23.064012684863545,27.66110204535111
190106,8.5,0.31,7.51650281,25.23846620596033,30.240388110984235
190107,7.93,0.3117,7.611651901,23.14484855370808,27.711150600769958
190108,8.04,0.3133,7.706792893,23.077177713844357,27.6089094728204
190109,8.0,0.315,7.801941983,22.590468316860218,27.007461920877034
190110,7.91,0.3167,7.801941983,22.252901618408902,26.586455006647935
190111,8.08,0.3183,7.897091074,22.37507477765278,26.7132152490284
190112,7.95,0.32,7.992232066,21.68021514102967,25.866784338435302
190201,8.12,0.3208,7.897091074,22.340290796033557,26.635699508412856
190202,8.19,0.3217,7.897091074,22.459957452460387,26.756070389465783
190203,8.2,0.3225,7.897091074,22.410652288217324,26.674136055631255
190204,8.48,0.3233,7.992232066,22.823108698497833,27.13631887951851
190205,8.46,0.3242,8.087381157,22.427954493329793,26.637764485324812
190206,8.41,0.325,8.18251405,21.963742295514617,26.05879162661761
190207,8.6,0.3258,8.18251405,22.385686589401352,26.529400003167872
190208,8.83,0.3267,8.087381157,23.168671834092848,27.424898531949346
190209,8.85,0.3275,8.18251405,22.856566381954487,27.022746801513012
190210,8.57,0.3283,8.753424793,20.604425401859793,24.333335259523263
190211,8.24,0.3292,8.467928926,20.408541255072173,24.081790733787198
190212,8.05,0.33,8.563094215,19.63323212682383,23.14832792923753
190301,8.46,0.3317,8.658259504,20.318132053828485,23.933621799528527
190302,8.41,0.3333,8.658259504,20.107051517552804,23.668501052173472
190303,8.08,0.335,8.372844628,19.884560384872824,23.396709569309298
190304,7.75,0.3367,8.372844628,18.98002260182625,22.32632674182848
190305,7.6,0.3383,8.18251405,18.954858723039862,22.294345532415107
190306,7.18,0.34,8.18251405,17.8185517229685,20.961154591653795
190307,6.85,0.3417,8.18251405,16.918178414766643,19.91040456555084
190308,6.63,0.3433,8.18251405,16.299118790903485,19.19401744926609
190309,6.47,0.345,8.277679339,15.654359115196906,18.449326201499165
190310,6.26,0.3467,8.18251405,15.252943825778832,17.996685085169766
190311,6.28,0.3483,8.087381157,15.407877534297885,18.20173331810417
190312,6.57,0.35,8.087381157,16.04289414005013,18.97207317179524
190401,6.68,0.3467,8.277679339,15.86183391403363,18.77706621361902
190402,6.5,0.3433,8.467928926,15.02149838033143,17.803035506120388
190403,6.48,0.34,8.372844628,15.081930176258854,17.8965473238072
190404,6.64,0.3367,8.277679339,15.565490611691471,18.49032705873975
190405,6.5,0.3333,8.087381157,15.525820896254631,18.46478328377086
190406,6.51,0.33,8.087381157,15.474433638652645,18.424664376078873
190407,6.78,0.3267,8.087381157,16.036401629624102,19.112780970977084
190408,7.01,0.3233,8.18251405,16.304651978851027,19.44975342795369
190409,7.32,0.32,8.277679339,16.74260004916368,19.988235376712076
190410,7.75,0.3167,8.277679339,17.633197370821392,21.065460476613346
190411,8.17,0.3133,8.467928926,18.07620022377006,21.60536546382676
190412,8.25,0.31,8.467928926,18.159679118703192,21.7167982300782
190501,8.43,0.3117,8.467928926,18.459852032455835,22.087689801665377
190502,8.8,0.3133,8.467928926,19.168996375829813,22.944184172180947
190503,9.05,0.315,8.372844628,19.831506074218407,23.74209332467076
190504,8.94,0.3167,8.372844628,19.482927524711275,23.328639790056272
190505,8.5,0.3183,8.277679339,18.62948750984511,22.313429429486135
190506,8.6,0.32,8.277679339,18.735862386183527,22.4452965425369
190507,8.87,0.3217,8.277679339,19.205883309548042,23.009841754484825
190508,9.2,0.3233,8.372844628,19.573308430803714,23.4474985177437
190509,9.23,0.325,8.277679339,19.743492419697777,23.647692425098636
190510,9.36,0.3267,8.277679339,19.89739481432952,23.82564560155492
190511,9.31,0.3283,8.372844628,19.443525693264977,23.275233759234016
190512,9.54,0.33,8.467928926,19.577960809096115,23.42709697236225
190601,9.87,0.3358,8.467928926,20.132402260807893,24.078997473407558
190602,9.8,0.3417,8.467928926,19.866752563675888,23.751613317696677
190603,9.56,0.3475,8.467928926,19.25945302085411,23.019077336408866
190604,9.43,0.3533,8.467928926,18.876204996115877,22.557115123058143
190605,9.18,0.3592,8.563094215,18.05404446092639,21.573872118633183
190606,9.3,0.365,8.563094215,18.172666376497496,21.71557632675157
190607,9.06,0.3708,8.277679339,18.19520014351374,21.745449504726235
190608,9.73,0.3767,8.467928926,18.9672514775493,22.66560945231646
190609,10.03,0.3825,8.563094215,19.20099368200136,22.94287642232474
190610,9.73,0.3883,8.753424793,18.095380908869103,21.62396308597395
190611,9.93,0.3942,8.848509091,18.141851654007965,21.683247782770636
190612,9.84,0.4,8.94367438,17.660003667768663,21.11396362190011
190701,9.56,0.4033,8.848509091,17.218913853705985,20.596389814753078
190702,9.26,0.4067,9.038839669,16.217071288766157,19.409252150981242
190703,8.35,0.41,8.94367438,14.687545255978653,17.597254765750463
190704,8.39,0.4133,8.94367438,14.66970990560274,17.59427766957998
190705,8.1,0.4167,9.134004959,13.790107153424247,16.559343931780724
190706,7.84,0.42,9.229089256,13.144269952673206,15.806056111254946
190707,8.14,0.4233,9.229089256,13.58500735796184,16.35709805076724
190708,7.53,0.4267,9.229089256,12.513471604446611,15.092007281741033
190709,7.45,0.43,9.229089256,12.32856965773663,14.895547932371393
190710,6.64,0.4333,9.324254545,10.831840153050607,13.118926370609234
190711,6.25,0.4367,8.94367438,10.591177559189786,12.863256624926697
190712,6.57,0.44,8.753424793,11.333306235811177,13.798214088041618
190801,6.85,0.4367,8.658259504,11.90296862826698,14.522352358595427
190802,6.6,0.4333,8.563094215,11.554846295144793,14.12921457572451
190803,6.87,0.43,8.563094215,11.984662664464294,14.683723501046028
190804,7.24,0.4267,8.658259504,12.448889158370367,15.277960676657012
190805,7.63,0.4233,8.658259504,13.078451355438336,16.073179553710755
190806,7.64,0.42,8.658259504,13.051684129229988,16.06348249370654
190807,7.92,0.4167,8.753424793,13.345487104834403,16.444418748089593
190808,8.26,0.4133,8.753424793,13.884232895208614,17.12491755251081
190809,8.17,0.41,8.753424793,13.701442268825112,16.91621368985677
190810,8.27,0.4067,8.848509091,13.690810359178707,16.91853241822484
190811,8.83,0.4033,8.94367438,14.43501409125626,17.849788804262825
190812,9.03,0.4,9.038839669,14.58248290896244,18.042310998691583
190901,9.06,0.4033,8.94367438,14.764418456441348,18.27886897506247
190902,8.8,0.4067,9.038839669,14.16715751670136,17.551012942214424
190903,8.92,0.41,9.038839669,14.33605838058621,17.77099922483692
190904,9.32,0.4133,9.229089256,14.645198603086111,18.16114452192187
190905,9.63,0.4167,9.324254545,14.953509786582776,18.54840515207684
190906,9.8,0.42,9.419419835,15.040444676080995,18.65937322726256
190907,9.94,0.4233,9.419419835,15.231503240497679,18.898339079013784
190908,10.18,0.4267,9.514585124,15.417580706254752,19.128911647815677
190909,10.19,0.43,9.609669421,15.254446436821171,18.92589078547679
190910,10.23,0.4333,9.8,14.988845296121763,18.595961438316653
190911,10.18,0.4367,9.895165289,14.745631176824585,18.29434091490157
190912,10.3,0.44,9.990330579,14.750638489265034,18.299718545945847
191001,10.08,0.4425,9.895165289,14.547885040564147,18.048500786602396
191002,9.72,0.445,9.895165289,14.0020379030327,17.374142485913502
191003,9.96,0.4475,10.08541488,14.05000696507782,17.4357304745636
191004,9.72,0.45,10.18058017,13.559883620820079,16.832242284802884
191005,9.56,0.4525,9.990330579,13.568792287251444,16.849954664554467
191006,9.1,0.455,9.895165289,13.019657302315933,16.17690827240452
191007,8.64,0.4575,9.895165289,12.342581259985213,15.347332499645285
191008,8.85,0.46,9.8,12.745055150886246,15.85895531084853
191009,8.91,0.4625,9.704834711,12.937161101070838,16.108720433280777
191010,9.32,0.465,9.419419835,13.918866656445807,17.339823908583153
191011,9.31,0.4675,9.229089256,14.16452317578035,17.653921691005696
191012,9.05,0.47,9.229089256,13.741478417781543,17.13631638581223
191101,9.27,0.47,9.229089256,14.049215181401202,17.527975125717887
191102,9.43,0.47,8.94367438,14.721488469928298,18.374592785196658
191103,9.32,0.47,9.038839669,14.370623221979526,17.94421195551447
191104,9.28,0.47,8.753424793,14.75293542032935,18.430686396998265
191105,9.48,0.47,8.753424793,15.047660591685036,18.805342832580806
191106,9.67,0.47,8.753424793,15.328355684719273,19.161771874042575
191107,9.63,0.47,8.848509091,15.083110578700255,18.861627429791678
191108,9.17,0.47,9.134004959,13.899790665654434,17.392599372771908
191109,8.67,0.47,9.229089256,12.997953983252426,16.279970359273157
191110,8.72,0.47,9.229089256,13.066472850619185,16.382298462120715
191111,9.07,0.47,9.134004959,13.727997586413089,17.22646715336685
191112,9.11,0.47,9.038839669,13.929258419578225,17.49407644299605
191201,9.12,0.4708,9.134004959,13.794952631845817,17.340766146480284
191202,9.04,0.4717,9.229089256,13.531634369686586,17.02447044213642
191203,9.3,0.4725,9.419419835,13.639769173944165,17.172513777043747
191204,9.59,0.4733,9.704834711,13.65439269055323,17.200337051440428
191205,9.58,0.4742,9.704834711,13.64550068561236,17.19887872315537
191206,9.58,0.475,9.609669421,13.78541740450252,17.384332578345738
191207,9.59,0.4758,9.609669421,13.802876645015775,17.414315464952494
191208,9.81,0.4767,9.704834711,13.984761763426267,17.649150043747625
191209,9.86,0.4775,9.8,13.92628500131586,17.579229265969396
191210,9.84,0.4783,9.8,13.905092701178457,17.556109765014845
191211,9.73,0.4792,9.8,13.749541018606523,17.3651099454777
191212,9.38,0.48,9.704834711,13.388999452579622,16.915632310225796
191301,9.3,0.48,9.8,13.148088791761552,16.616510711718934
191302,8.97,0.48,9.8,12.682960516236747,16.037450941848554
191303,8.8,0.48,9.8,12.44345351518365,15.745059939032133
191304,8.79,0.48,9.8,12.433067081795157,15.742029169880434
191305,8.55,0.48,9.7,12.221401061154117,15.48645540852973
191306,8.12,0.48,9.8,11.491962852761217,14.577005951226642
191307,8.23,0.48,9.9,11.534022795459853,14.645116150014811
191308,8.45,0.48,9.9,11.846840543564623,15.056415065211743
191309,8.53,0.48,10.0,11.843316826625964,15.065935573976567
191310,8.26,0.48,10.0,11.471490240312288,14.609857401411734
191311,8.05,0.48,10.1,11.072537845038003,14.120136915548976
191312,8.04,0.48,10.0,11.174040870036787,14.268761140269412
191401,8.37,0.475,10.0,11.636092105046128,14.875360055450988
191402,8.48,0.47,9.9,11.910233879798234,15.24217817036937
191403,8.32,0.465,9.9,11.685526018836823,14.971980169053355
191404,8.12,0.46,9.8,11.522662536200231,14.781642625967603
191405,8.17,0.455,9.9,11.479008694164479,14.742681655780244
191406,8.13,0.45,9.9,11.428715168831884,14.694917610765904
191407,7.68,0.445,10.0,10.69434518304014,13.769849699257307
191408,7.68,0.44,10.2,10.492046265076432,13.52814006705135
191409,7.68,0.435,10.2,10.50049730180213,13.558230015308235
191410,7.68,0.43,10.1,10.612759466126223,13.722477893212883
191411,7.68,0.425,10.2,10.516917642992121,13.61709230320716
191412,7.35,0.42,10.1,10.172217991997861,13.191719327709963
191501,7.48,0.4208,10.1,10.359834197757268,13.455503012706075
191502,7.38,0.4217,10.0,10.32978620966069,13.435767253018053
191503,7.57,0.4225,9.9,10.707013188682813,13.942381087442433
191504,8.14,0.4233,10.0,11.401123789000188,14.855567969356304
191505,7.95,0.4242,10.1,11.026929876471314,14.376666202260218
191506,8.04,0.425,10.1,11.154262189096343,14.54859526342043
191507,8.01,0.4258,10.1,11.113629393949605,14.499550030038991
191508,8.35,0.4267,10.1,11.584831641604604,15.113448857043245
191509,8.66,0.4275,10.1,12.011570757825899,15.664883714157849
191510,9.14,0.4283,10.2,12.549076133220161,16.354096721194875
191511,9.46,0.4292,10.3,12.857714453559321,16.740136872288538
191512,9.48,0.43,10.3,12.878444602185995,16.74931303094313
191601,9.33,0.4408,10.4,12.543563692516182,16.297027766820733
191602,9.2,0.4517,10.4,12.354652326458808,16.0348356121369
191603,9.17,0.4625,10.5,12.177052795748489,15.786513243251898
191604,9.07,0.4733,10.6,11.906481776593191,15.418161727089258
191605,9.27,0.4842,10.7,12.026256671905172,15.553193893472132
191606,9.36,0.495,10.8,11.99596122294659,15.49303551115823
191607,9.23,0.5058,10.8,11.79116527525456,15.208320664732781
191608,9.3,0.5167,10.9,11.73208263887417,15.109356185858465
191609,9.68,0.5275,11.1,11.94455241750448,15.357396326406269
191610,9.98,0.5383,11.3,12.045741763370806,15.460165685093678
191611,10.21,0.5492,11.5,12.05323040323051,15.442014290555159
191612,9.8,0.56,11.6,11.413559188849499,14.599793322642697
191701,9.57,0.5708,11.7,10.99236142738343,14.041135988701305
191702,9.03,0.5817,12.0,10.063187738735735,12.842799550212751
191703,9.31,0.5925,12.0,10.327157080107881,13.1703930397845
191704,9.17,0.6033,12.6,9.644531197281239,12.294303251461328
191705,8.86,0.6142,12.8,9.138988813373581,11.651154264223987
191706,9.04,0.625,13.0,9.148220259539588,11.66616164643314
191707,8.79,0.6358,12.8,9.003472377228809,11.489562693980325
191708,8.53,0.6467,13.0,8.572680466753784,10.950858128288129
191709,8.12,0.6575,13.3,7.950823264217068,10.172312597694537
191710,7.68,0.6683,13.5,7.387133711108148,9.471824730904867
191711,7.04,0.6792,13.5,6.753013604774311,8.685566999658072
191712,6.8,0.69,13.7,6.412593898119822,8.276399642938673
191801,7.21,0.68,14.0,6.640646028655352,8.595793073444538
191802,7.43,0.67,14.1,6.784343551630282,8.805231160083416
191803,7.28,0.66,14.0,6.686355760455896,8.70198991891961
191804,7.21,0.65,14.2,6.520727730547161,8.509743222676185
191805,7.44,0.64,14.5,6.582363231621083,8.611793024214064
191806,7.45,0.63,14.7,6.496291318641057,8.520437710799532
191807,7.51,0.62,15.1,6.371324093848991,8.376754187586183
191808,7.58,0.61,15.4,6.303073760914596,8.306783093578108
191809,7.54,0.6,15.7,6.1491705624316815,8.123455571657985
191810,7.86,0.59,16.0,6.290515321191323,8.327848122326698
191811,8.06,0.58,16.3,6.333327495354157,8.401160261482259
191812,7.9,0.57,16.5,6.134580411283433,8.154692711003744
191901,7.85,0.5667,16.5,6.098467639950105,8.124580564550628
191902,7.88,0.5633,16.2,6.239692771364979,8.32997519543046
191903,8.12,0.56,16.4,6.356074004869144,8.500546247332402
191904,8.39,0.5567,16.7,6.456139555819275,8.647742227531763
191905,8.97,0.5533,16.9,6.829002261482032,9.15802248053966
191906,9.21,0.55,16.9,7.021615214784132,9.425904150649673
191907,9.51,0.5467,17.4,7.052837165446311,9.47541850809658
191908,8.87,0.5433,17.7,6.479131101705276,8.714460950481726
191909,9.01,0.54,17.8,6.55848167206126,8.83018354582364
191910,9.47,0.5367,18.1,6.794704199949302,9.154895912259956
191911,9.19,0.5333,18.5,6.46702257413313,8.720924139143508
191912,8.92,0.53,18.9,6.160717033799177,8.316097713382979
192001,8.83,0.5283,19.3,5.989667771139438,8.093561310184848
192002,8.1,0.5267,19.5,5.455347649907772,7.382545880838516
192003,8.67,0.525,19.7,5.798822727557158,7.8563273114693555
192004,8.6,0.5233,20.3,5.599858725506184,7.596115367581555
192005,8.06,0.5217,20.6,5.188950462047495,7.050218771960482
192006,7.92,0.52,20.9,5.04363968045162,6.8644453350168195
192007,7.91,0.5183,20.8,5.080592919540795,6.926495758932951
192008,7.6,0.5167,20.3,5.020701077922857,6.857875483818916
192009,7.87,0.515,20.0,5.297162770108058,7.2473452714932485
192010,7.88,0.5133,19.9,5.351177393424156,7.332765891083624
192011,7.48,0.5117,19.8,5.1264079309479245,7.037251050845026
192012,6.81,0.51,19.4,4.784241045083246,6.5824249808668895
192101,7.11,0.5058,19.0,5.122184146887372,7.060922716237087
192102,7.06,0.5017,18.4,5.2748571912050455,7.285788401716891
192103,6.88,0.4975,18.3,5.192348158684176,7.186643149633991
192104,6.91,0.4933,18.1,5.297085922739674,7.3471112451693426
192105,7.12,0.4892,17.7,5.609469225330776,7.795301223200645
192106,6.55,0.485,17.6,5.216110960989321,7.26637410349085
192107,6.53,0.4808,17.7,5.1977793619054715,7.259080472195279
192108,6.45,0.4767,17.7,5.161294823215732,7.2275602020151375
192109,6.61,0.4725,17.5,5.37752442545826,7.550587578930369
192110,6.7,0.4683,17.5,5.479257678053349,7.714162098732495
192111,7.06,0.4642,17.4,5.838196993200892,8.239946078763095
192112,7.31,0.46,17.3,6.114158849417271,8.649852794077939
192201,7.3,0.4642,16.9,6.287087290347129,8.91709647318322
192202,7.46,0.4683,16.9,6.4613058726969825,9.18553786904006
192203,7.74,0.4725,16.7,6.82138724903604,9.717409145828125
192204,8.21,0.4767,16.7,7.27325339020986,10.378612240077569
192205,8.53,0.4808,16.7,7.593467258919377,10.851308007115504
192206,8.45,0.485,16.7,7.557987351755126,10.815617689535216
192207,8.51,0.4892,16.8,7.60209504577403,10.892058792535375
192208,8.83,0.4933,16.6,8.020030689895775,11.501719558533326
192209,9.06,0.4975,16.6,8.265083002284301,11.86154330888268
192210,9.26,0.5017,16.7,8.432151998761896,12.10747181909754
192211,8.8,0.5058,16.8,7.998253772269836,11.49176715541015
192212,8.78,0.51,16.9,7.964679864940001,11.44971327639581
192301,8.9,0.5117,16.8,8.154200483069156,11.72595361411514
192302,9.28,0.5133,16.8,8.533360579065972,12.272020083350819
192303,9.43,0.515,16.8,8.700737500978533,12.511853851855697
192304,9.1,0.5167,16.9,8.372809668463818,12.04067197655176
192305,8.67,0.5183,16.9,8.000497867598213,11.507770660192872
192306,8.34,0.52,17.0,7.671825282673083,11.038669785687139
192307,8.06,0.5217,17.2,7.345985119490652,10.574996358749738
192308,8.1,0.5233,17.1,7.441783174217374,10.717769172275755
192309,8.15,0.525,17.2,7.458183867189799,10.745088848507418
192310,8.03,0.5267,17.3,7.3174003956214815,10.546507102779904
192311,8.27,0.5283,17.3,7.546327911916237,10.87867181185551
192312,8.55,0.53,17.3,7.8097391449387485,11.258350617018136
192401,8.83,0.5317,17.3,8.072249446037382,11.633992739691037
192402,8.87,0.5333,17.2,8.16206622085036,11.760979709538777
192403,8.7,0.535,17.1,8.058077044116096,11.610015219838782
192404,8.5,0.5367,17.0,7.923620348327986,11.416959092815109
192405,8.47,0.5383,17.0,7.899698330665295,11.38353172277583
192406,8.63,0.54,17.0,8.05167694639665,11.603299337130556
192407,9.03,0.5417,17.1,8.377712139971836,12.071823287457525
192408,9.34,0.5433,17.0,8.717418308548332,12.559042780803473
192409,9.25,0.545,17.1,8.581670375209056,12.36273087610069
192410,9.13,0.5467,17.2,8.419491035872426,12.130082536261687
192411,9.64,0.5483,17.2,8.888327361250973,12.80395081495657
192412,10.16,0.55,17.3,9.310639680416376,13.4083915943481
192501,10.58,0.5542,17.3,9.692618852254999,13.953065695481383
192502,10.67,0.5583,17.2,9.830804722819575,14.143902484635953
192503,10.39,0.5625,17.3,9.518537538810033,13.685923349947965
192504,10.28,0.5667,17.2,9.476566787903069,13.615545452014175
192505,10.61,0.5708,17.3,9.729007694021332,13.963817337114971
192506,10.8,0.575,17.5,9.796386180450611,14.043411328040774
192507,11.1,0.5792,17.7,9.9639938917878,14.263012384495758
192508,11.25,0.5833,17.7,10.110918458488943,14.449940451105398
192509,11.51,0.5875,17.7,10.359247611348502,14.777258376991174
192510,11.89,0.5917,17.7,10.718495997022927,15.25679610015136
192511,12.26,0.5958,18.0,10.886317440307932,15.45834517203625
192512,12.46,0.6,17.9,11.147365239137253,15.788866974247389
192601,12.65,0.6075,17.9,11.340966188506236,16.0188508360703
192602,12.67,0.615,17.9,11.389435672748013,16.041273315196623
192603,11.81,0.6225,17.8,10.712352062732489,15.04686940175299
192604,11.48,0.63,17.9,10.395587685954737,14.56236672825741
192605,11.56,0.6375,17.8,10.575158463806105,14.771860041900325
192606,12.11,0.645,17.7,11.197979740229965,15.591949753085153
192607,12.62,0.6525,17.5,11.869694058481281,16.469124743360346
192608,13.12,0.66,17.4,12.488808219521882,17.260693795594303
192609,13.32,0.6675,17.5,12.692614823344726,17.470213778374863
192610,13.02,0.675,17.6,12.426517521583357,17.033811722274994
192611,13.19,0.6825,17.7,12.615251212344491,17.21908527437661
192612,13.49,0.69,17.7,13.009052728993137,17.677841903544778
192701,13.4,0.6967,17.5,13.185930628677799,17.836264453737655
192702,13.66,0.7033,17.4,13.633966132216223,18.358019636037508
192703,13.87,0.71,17.3,14.033257507604493,18.811934763187693
192704,14.21,0.7167,17.3,14.488222209157062,19.335123464058157
192705,14.7,0.7233,17.4,15.002347055737118,19.93609668295842
192706,14.89,0.73,17.6,15.120333481747526,20.01058803113645
192707,15.22,0.7367,17.3,15.820802594477751,20.854728675080462
192708,16.03,0.7433,17.2,16.862861852763807,22.135608380554537
192709,16.94,0.75,17.3,17.818723713516434,23.292169691516687
192710,16.68,0.7567,17.4,17.537237852261097,22.835106977288756
192711,17.06,0.7633,17.3,18.131301434952434,23.520186815644788
192712,17.46,0.77,17.3,18.64662402140254,24.099196924913038
192801,17.53,0.7767,17.3,18.80612857170078,24.22041735776547
192802,17.32,0.7833,17.1,18.868850519584047,24.221421773126774
192803,18.25,0.79,17.1,19.94341779906455,25.5137629486994
192804,19.4,0.7967,17.1,21.257909249487504,27.0986391894648
192805,20.0,0.8033,17.2,21.832732178740038,27.733593696413877
192806,19.02,0.81,17.1,20.913421576866714,26.482054104053237
192807,19.16,0.8167,17.1,21.081905435296804,26.613845391227315
192808,19.78,0.8233,17.1,21.762131502579248,27.390718137541477
192809,21.17,0.83,17.3,23.00464944615924,28.866481380789015
192810,21.6,0.8367,17.2,23.578344239585046,29.500230182003204
192811,23.06,0.8433,17.2,25.121984571109596,31.338079943327802
192812,23.15,0.85,17.1,25.301591027426152,31.472825431435925
192901,24.86,0.86,17.1,27.083199620832776,33.5909376991064
192902,24.99,0.87,17.1,27.13167279824739,33.55503953254025
192903,25.43,0.88,17.0,27.67574843786187,34.12929095561018
192904,25.28,0.89,16.9,27.568454472898292,33.90256313811528
192905,25.66,0.9,17.0,27.698586875008125,33.970071523184764
192906,26.15,0.91,17.1,27.93546783028868,34.16978639311385
192907,28.48,0.92,17.3,29.93328940684221,36.510951968420386
192908,30.1,0.93,17.3,31.480313247173008,38.2916955584372
192909,31.3,0.94,17.3,32.56378859877671,39.500688697971846
192910,27.99,0.95,17.3,28.961067164354795,35.04745819008634
192911,20.58,0.96,17.3,21.17103600009704,25.588770763962717
192912,21.4,0.97,17.2,22.00737317641834,26.566024428345138
193001,21.71,0.9708,17.1,22.310724294336858,26.898469896328518
193002,23.07,0.9717,17.0,23.69711774933589,28.533590991681248
193003,23.94,0.9725,16.9,24.586607792668854,29.568429499384266
193004,25.46,0.9733,17.0,25.84343686201832,31.040920119317008
193005,23.94,0.9742,16.9,24.309760633908184,29.174802108988985
193006,21.52,0.975,16.8,21.866899333389487,26.23584668157191
193007,21.06,0.9758,16.6,21.548797592546656,25.853225798800068
193008,20.79,0.9767,16.5,21.30060224111816,25.558473871970424
193009,20.78,0.9775,16.6,21.072581788447327,25.29005155186122
193010,17.92,0.9783,16.5,18.214870154658634,21.881118207635726
193011,16.62,0.9792,16.4,16.939711377775176,20.377938385497806
193012,15.51,0.98,16.1,16.05500185653133,19.349603578733856
193101,15.98,0.9667,15.9,16.705478731547622,20.16754087441771
193102,17.2,0.9533,15.7,18.161492436976097,21.95500716746244
193103,17.53,0.94,15.6,18.57956103279129,22.489225916378572
193104,15.86,0.9267,15.5,16.87231533160967,20.459812584802652
193105,14.33,0.9133,15.3,15.401539999110119,18.720726910122227
193106,13.87,0.9,15.1,15.062476074643255,18.355604584013694
193107,14.33,0.8867,15.1,15.516750095516326,18.955242288187456
193108,13.9,0.8733,15.1,15.006276602886548,18.380525991208902
193109,11.83,0.86,15.0,12.817745261106888,15.756886512834587
193110,10.25,0.8467,14.9,11.145926407660932,13.764337388796354
193111,10.39,0.8333,14.7,11.41560029564468,14.160676478302927
193112,8.44,0.82,14.6,9.306032867968321,11.61319908856785
193201,8.3,0.7933,14.3,9.312406455177848,11.690735613244433
193202,8.23,0.7667,14.1,9.336932251008408,11.788158853263369
193203,8.26,0.74,14.0,9.413065028012216,11.947423933156468
193204,6.28,0.7133,13.9,7.192233196115491,9.194748213584605
193205,5.51,0.6867,13.7,6.390857289881446,8.236318664933407
193206,4.77,0.66,13.6,5.5650593715289665,7.237633926294592
193207,5.01,0.6333,13.6,5.8387636718512015,7.654884014145598
193208,7.53,0.6067,13.5,8.834653205181214,11.631377927995503
193209,8.26,0.58,13.4,9.761168564063711,12.893505025072663
193210,7.12,0.5533,13.3,8.478606607689084,11.242814157261988
193211,7.05,0.5267,13.2,8.4633095671229,11.262911076993218
193212,6.82,0.5,13.1,8.257073999100685,11.026422344303821
193301,7.09,0.495,12.9,8.72804616281353,11.691967993175695
193302,6.25,0.49,12.7,7.826051751316599,10.523079525637069
193303,6.23,0.485,12.6,7.87468132294317,10.626790503904568
193304,6.89,0.48,12.6,8.723101646068114,11.805335595835263
193305,8.87,0.475,12.6,11.249651251932447,15.246808142532835
193306,10.39,0.47,12.7,13.09887551726952,17.765664123579917
193307,11.23,0.465,13.1,13.754304493874537,18.66129596476301
193308,10.67,0.46,13.2,12.99952705036774,17.646361139482373
193309,10.58,0.455,13.2,12.92292061488599,17.55045364052348
193310,9.55,0.45,13.2,11.696253568143698,15.896625559601672
193311,9.78,0.445,13.2,12.011766193389938,16.334983881493507
193312,9.97,0.44,13.2,12.281801622601114,16.709206885291184
193401,10.54,0.4408,13.2,13.02511982833238,17.72357732468964
193402,11.32,0.4417,13.3,13.926922904274294,18.94940244124684
193403,10.74,0.4425,13.3,13.254537629740089,18.03649356197154
193404,10.92,0.4433,13.3,13.518389284490091,18.396276947912707
193405,9.81,0.4442,13.3,12.181583235024025,16.583942576102277
193406,9.94,0.445,13.4,12.287726483952426,16.73447898214168
193407,9.47,0.4458,13.4,11.741524229318244,15.999498232451348
193408,9.1,0.4467,13.4,11.315025981829047,15.429440235825348
193409,8.88,0.4475,13.6,10.909954083288843,14.889060036884642
193410,8.95,0.4483,13.5,11.10835260535173,15.17197463603116
193411,9.2,0.4492,13.5,11.448808690205704,15.647600135571409
193412,9.26,0.45,13.4,11.63933756647589,15.918287827037348
193501,9.26,0.45,13.6,11.495907968201598,15.731975583272817
193502,8.98,0.45,13.7,11.087812159055568,15.17997313931075
193503,8.41,0.45,13.7,10.398272404790033,14.24112074864101
193504,9.04,0.446667,13.8,11.104210207149519,15.203114450417107
193505,9.75,0.443333,13.8,11.985576683480094,16.397052898465702
193506,10.12,0.44,13.7,12.539519324443889,17.136505102037557
193507,10.65,0.44,13.7,13.202137936511006,18.016989509797174
193508,11.37,0.44,13.7,14.105056846668951,19.219226540421463
193509,11.61,0.44,13.7,14.418891702707432,19.615521489913746
193510,11.92,0.45,13.7,14.826232627114088,20.137764924493
193511,13.04,0.46,13.8,16.12960516325114,21.86806017074908
193512,13.04,0.47,13.8,16.159192714615326,21.869913075541863
193601,13.76,0.48,13.8,17.087359845997245,23.08229070469261
193602,14.55,0.49,13.8,18.10453645951779,24.406816425328504
193603,14.86,0.5,13.7,18.66047820392602,25.104585822781512
193604,14.88,0.516667,13.7,18.718999665151493,25.13235182642463
193605,14.09,0.533333,13.7,17.75019251932864,23.78763740930131
193606,14.69,0.55,13.8,18.39300106583134,24.60018864260261
193607,15.56,0.57,13.9,19.360464512319133,25.838977130610214
193608,15.87,0.59,14.0,19.623060162983755,26.13339080364112
193609,16.05,0.61,14.0,19.862024243287628,26.39571021198165
193610,16.89,0.646667,14.0,20.913091852533118,27.73333727400837
193611,17.36,0.683333,14.0,21.49976534102416,28.451474941810396
193612,17.06,0.72,14.0,21.12566354815544,27.902761077390355
193701,17.59,0.73,14.1,21.618741582953508,28.49563792663865
193702,18.11,0.74,14.1,22.24422155280516,29.256928436697695
193703,18.09,0.75,14.2,22.042197016050576,28.928361986280784
193704,17.01,0.78,14.3,20.556579457432868,26.92894686820966
193705,16.25,0.81,14.4,19.474174686572113,25.47260246691418
193706,15.64,0.84,14.4,18.71165996036497,24.446563497204846
193707,16.57,0.816667,14.5,19.646723279607635,25.628756089453557
193708,16.74,0.793333,14.5,19.806982577380968,25.793551964451087
193709,14.37,0.77,14.6,16.847882862705816,21.91340053366968
193710,12.28,0.78,14.6,14.361659574753363,18.67277487158366
193711,11.2,0.79,14.5,13.158119166486069,17.11371804346068
193712,11.02,0.8,14.4,13.008483033706138,16.92880600119706
193801,11.31,0.793333,14.2,13.511461918562414,17.591202047422126
193802,11.04,0.786667,14.1,13.263076236460867,17.278131157697942
193803,10.31,0.78,14.1,12.377286234697683,16.140609995378334
193804,9.89,0.766667,14.2,11.789517720684183,15.393610143198424
193805,9.98,0.753333,14.1,11.99227593054569,15.6778212703159
193806,10.21,0.74,14.1,12.288966307788128,16.083606052598867
193807,12.24,0.713333,14.1,14.770328017492066,19.332142114203567
193808,12.31,0.686667,14.1,14.903588512604365,19.505140465262315
193809,11.75,0.66,14.1,14.28233050863997,18.692886470097655
193810,13.06,0.61,14.0,16.06114764333344,21.00776068533958
193811,13.07,0.56,14.0,16.149571800715513,21.100739467650822
193812,12.69,0.51,14.0,15.756484438994008,20.558601794186632
193901,12.5,0.513333,14.0,15.599634410919288,20.324966524351193
193902,12.4,0.516667,13.9,15.664696928954774,20.37879531680514
193903,12.39,0.52,13.9,15.72922374321423,20.428999210181136
193904,10.83,0.523333,13.8,13.91699457981241,18.05203776064043
193905,11.23,0.526667,13.8,14.502929499657785,18.782552949801342
193906,11.43,0.53,13.8,14.833828921489793,19.17798664484765
193907,11.71,0.54,13.8,15.270952598570267,19.706503149702854
193908,11.54,0.55,13.8,15.120082343333998,19.47632269488879
193909,12.77,0.56,14.1,16.452835577060974,21.145000339724778
193910,12.9,0.58,14.0,16.821204806265644,21.56969282096798
193911,12.67,0.6,14.0,16.599238509946648,21.237270183870653
193912,12.37,0.62,14.0,16.280412901283846,20.7840151299076
194001,12.3,0.623333,13.9,16.37848034261367,20.860773184593874
194002,12.22,0.626667,14.0,16.216119847731058,20.60653362319491
194003,12.15,0.63,14.0,16.172906305307908,20.505754657089806
194004,12.27,0.636667,14.0,16.370988707128785,20.710720299995632
194005,10.58,0.643333,14.0,14.138747694800728,17.861798289357655
194006,9.67,0.65,14.1,12.843765598268805,16.21264775114824
194007,9.99,0.656667,14.0,13.369884763210054,16.862230313337157
194008,10.2,0.663333,14.0,13.649399392391636,17.199450235230618
194009,10.63,0.67,14.0,14.214842598620637,17.89452729562805
194010,10.73,0.67,14.0,14.328290323104957,18.02116744041566
194011,10.98,0.67,14.0,14.636689248763613,18.39338133016444
194012,10.53,0.67,14.1,13.90842612235384,17.470115111948232
194101,10.55,0.673333,14.1,13.904158267950834,17.459724031152362
194102,9.89,0.676667,14.1,13.002943303402448,16.330448496085065
194103,9.95,0.68,14.2,12.955719822063326,16.274201363786208
194104,9.64,0.683333,14.3,12.429370389220782,15.620596350743039
194105,9.43,0.686667,14.4,12.037206512481575,15.138524744744716
194106,9.76,0.69,14.7,12.164306590628442,15.307415379169958
194107,10.26,0.693333,14.7,12.744996277919578,16.0450594609343
194108,10.21,0.696667,14.9,12.463173720387806,15.698062133844468
194109,10.24,0.7,15.1,12.279729272093077,15.47568980671912
194110,9.83,0.703333,15.3,11.577814956574075,14.603833689036154
194111,9.37,0.706667,15.4,10.911668685916963,13.78218727985389
194112,8.76,0.71,15.5,10.086593309917905,12.764729919112968
194201,8.93,0.703333,15.7,10.101686431929252,12.807799723300166
194202,8.65,0.696667,15.8,9.680255591749363,12.300243464664577
194203,8.18,0.69,16.0,9.003426617760969,11.470465379020203
194204,7.84,0.68,16.1,8.544255707588263,10.918206150831152
194205,7.93,0.67,16.3,8.506116259696052,10.901248386825081
194206,8.33,0.66,16.3,8.905456928518054,11.442697243987238
194207,8.64,0.646667,16.4,9.150488900994745,11.78499722768222
194208,8.59,0.633333,16.5,9.012823047564297,11.634971805540607
194209,8.68,0.62,16.5,9.077829839371503,11.74514580920027
194210,9.32,0.61,16.7,9.599176749352987,12.442152869609712
194211,9.47,0.6,16.8,9.661334152171655,12.54311180109282
194212,9.52,0.59,16.9,9.617514103283177,12.504872502621087
194301,10.09,0.59,16.9,10.150534220432082,13.21356577053838
194302,10.69,0.59,16.9,10.708982995221264,13.952601800590942
194303,11.07,0.59,17.2,10.850541744036798,14.146459872218612
194304,11.44,0.59,17.4,11.03922714293969,14.400210502607512
194305,11.89,0.59,17.5,11.362215800613688,14.82734448918783
194306,12.1,0.59,17.5,11.516744786451227,15.033775620802517
194307,12.35,0.593333,17.4,11.774213341781653,15.373683748422978
194308,11.74,0.596667,17.3,11.210545904158963,14.645291104906265
194309,11.99,0.6,17.4,11.336281939610284,14.81644761883287
194310,11.88,0.603333,17.4,11.187335503326029,14.629987013874121
194311,11.33,0.606667,17.4,10.631033673001415,13.915069560218228
194312,11.48,0.61,17.4,10.737360316041068,14.068001177874814
194401,11.85,0.613333,17.4,11.052412763977468,14.494846472285817
194402,11.77,0.616667,17.4,10.947918887724716,14.372484109547678
194403,12.1,0.62,17.4,11.224693196180676,14.749564229990954
194404,11.89,0.623333,17.5,10.938275188239395,14.387983948343397
194405,12.1,0.626667,17.5,11.103736936792616,14.620020758909003
194406,12.67,0.63,17.6,11.5327852725325,15.19727476791501
194407,13.0,0.633333,17.7,11.738774750180713,15.480309849362937
194408,12.81,0.636667,17.7,11.541711674209218,15.233407930416256
194409,12.6,0.64,17.7,11.328560584696467,14.966305729668367
194410,12.91,0.64,17.7,11.583105186279122,15.315966613277208
194411,12.82,0.64,17.7,11.478459198055475,15.190706986565058
194412,13.1,0.64,17.8,11.638683593355125,15.414205958668173
194501,13.49,0.643333,17.8,11.96046343980699,15.850197374836519
194502,13.94,0.646667,17.8,12.341753548186313,16.36084162334252
194503,13.93,0.65,17.8,12.323310311389324,16.339009379818222
194504,14.28,0.65,17.8,12.631867236563071,16.745879992645957
194505,14.82,0.65,17.9,13.03656062878535,17.276370053124342
194506,15.09,0.65,18.1,13.130223361406054,17.391992046675036
194507,14.78,0.653333,18.1,12.86702844300916,17.035325856511655
194508,14.83,0.656667,18.1,12.915378562256745,17.092121054476213
194509,15.84,0.66,18.1,13.798264951719782,18.249640785494663
194510,16.5,0.66,18.1,14.37466267539134,18.998880544708705
194511,17.04,0.66,18.1,14.847702661876784,19.608975958272843
194512,17.33,0.66,18.2,15.020347474739966,19.821351248851286
194601,18.02,0.666667,18.2,15.62316317776167,20.599482382192477
194602,18.07,0.673333,18.1,15.761666525801903,20.765541749059164
194603,17.53,0.68,18.3,15.134873415142536,19.92659150042948
194604,18.66,0.68,18.4,16.04084238621592,21.10191695550846
194605,18.7,0.68,18.5,16.013723170832183,21.048307121707516
194606,18.58,0.68,18.7,15.773186880128748,20.714507926611375
194607,18.05,0.683333,19.8,14.508136111909076,19.03897404049836
194608,17.7,0.686667,20.2,13.984939309942765,18.340641021743625
194609,15.09,0.69,20.4,11.841267540149639,15.527660854694705
194610,14.75,0.696667,20.8,11.387602961765054,14.93186647929959
194611,14.69,0.703333,21.3,11.110043656743295,14.56552716195185
194612,15.13,0.71,21.5,11.37277942586271,14.904166173962976
194701,15.21,0.713333,21.5,11.469296334735581,15.022197025934332
194702,15.8,0.716667,21.5,11.949565314209439,15.637228584438999
194703,15.16,0.72,21.9,11.287903096501287,14.75750257603904
194704,14.6,0.733333,21.9,10.900825126392673,14.239032702754537
194705,14.34,0.746667,21.9,10.733674273688537,14.008519289638567
194706,14.84,0.76,22.0,11.082715855052092,14.448343003675758
194707,15.77,0.77,22.2,11.696446553354361,15.226610589448994
194708,15.46,0.78,22.5,11.337472355329826,14.739100764648134
194709,15.06,0.79,23.0,10.827463017228832,14.058032932818934
194710,15.45,0.806667,23.0,11.132662042754784,14.435005794121885
194711,15.27,0.823333,23.1,10.975407324839066,14.214670910685843
194712,15.03,0.84,23.4,10.680912531969184,13.820049087776741
194801,14.83,0.843333,23.7,10.419342657320323,13.470659208036272
194802,14.1,0.846667,23.5,9.999761169144179,12.922123925363076
194803,14.3,0.85,23.4,10.186680609489674,13.157348384869662
194804,15.4,0.85,23.8,10.77948448202462,13.91251910143472
194805,16.15,0.85,23.9,11.241032697984439,14.496634879651298
194806,16.82,0.85,24.1,11.583895756523841,14.925847493337084
194807,16.42,0.856667,24.4,11.134621739180936,14.338438705434069
194808,15.94,0.863333,24.5,10.723556662478137,13.80416363649166
194809,15.76,0.87,24.5,10.553013689399158,13.581595172569696
194810,16.19,0.89,24.4,10.825409809169495,13.929311962219316
194811,15.29,0.91,24.2,10.248096205635571,13.187035340998516
194812,15.19,0.93,24.1,10.159652938900916,13.073862008778557
194901,15.36,0.946667,24.0,10.248285758038982,13.187399442600718
194902,14.77,0.963333,23.8,9.872517140570059,12.70598184542879
194903,14.91,0.98,23.8,9.901332491240924,12.744166953113293
194904,14.89,0.993333,23.9,9.78363986754406,12.59379856082559
194905,14.78,1.00667,23.8,9.692295086395813,12.478488236972916
194906,13.97,1.02,23.9,9.067718943419532,11.680724874168513
194907,14.76,1.02667,23.7,9.605038093363918,12.375822887753243
194908,15.29,1.03333,23.8,9.851348638079227,12.693529992002608
194909,15.49,1.04,23.9,9.884048361738284,12.735568365609872
194910,15.89,1.07333,23.7,10.169850844772139,13.104711241762132
194911,16.11,1.10667,23.8,10.215861011650638,13.165319750818012
194912,16.54,1.14,23.6,10.52933090413114,13.570829980109991
195001,16.88,1.15,23.5,10.745733299747902,13.84968229661381
195002,17.21,1.16,23.5,10.911564066731675,14.060924925588573
195003,17.35,1.17,23.6,10.910946522976248,14.056777000220672
195004,17.84,1.18,23.6,11.17802160095609,14.394940886127358
195005,18.44,1.19,23.7,11.461543104586223,14.750478376961718
195006,18.74,1.2,23.8,11.554126144044279,14.858173852604393
195007,17.38,1.24333,24.1,10.539745658930983,13.550950714985758
195008,18.43,1.28667,24.3,11.040611670261534,14.189059134964529
195009,19.08,1.33,24.4,11.337391102277293,14.563472220744735
195010,19.87,1.37667,24.6,11.662444039105255,14.972212563986435
195011,19.83,1.42333,24.7,11.542173388716295,14.81257957159315
195012,19.75,1.47,25.0,11.306665788890758,14.508560511396041
195101,21.21,1.48667,25.4,11.895759839437062,15.257997535425229
195102,22.0,1.50333,25.7,12.141507370682689,15.565638866147733
195103,21.63,1.52,25.8,11.841626487283092,15.177316546374955
195104,21.92,1.53333,25.8,11.951097197083957,15.314143757332689
195105,21.93,1.54667,25.9,11.863875406269175,15.200667239383646
195106,21.55,1.56,25.9,11.615664857025175,14.884429187428127
195107,21.93,1.54667,25.9,11.778190092457805,15.093562700583258
195108,22.89,1.53333,25.9,12.256989084145143,15.703908734990362
195109,23.48,1.52,26.1,12.444953157150039,15.93952555502789
195110,23.36,1.48333,26.2,12.309457904118691,15.760621840301773
195111,22.71,1.44667,26.4,11.852030617771044,15.171743623530057
195112,23.41,1.41,26.5,12.147072568106783,15.543321334370384
195201,24.19,1.41333,26.5,12.527059748172302,16.022450086521854
195202,23.75,1.41667,26.3,12.364119350461095,15.811036351158725
195203,23.81,1.42,26.3,12.362339087390367,15.807510372330903
195204,23.74,1.43,26.4,12.242728683266883,15.656398613772165
195205,23.73,1.44,26.4,12.20047876194584,15.606497043627147
195206,24.38,1.45,26.5,12.44788158178937,15.927302555632712
195207,25.08,1.45,26.7,12.669112889622477,16.21404352437048
195208,25.18,1.45,26.7,12.678378236328623,16.230371537881865
195209,24.78,1.45,26.7,12.434678020425508,15.924746204626697
195210,24.26,1.43667,26.7,12.131183558686873,15.543695751343822
195211,25.03,1.42333,26.7,12.473469765515313,15.9864403608815
195212,26.04,1.41,26.7,12.933964306161378,16.576519452417237
195301,26.18,1.41,26.6,13.010773447995186,16.673801176941986
195302,25.86,1.41,26.5,12.8593468806879,16.479048621864916
195303,25.99,1.41,26.6,12.834819340092498,16.4460638274511
195304,24.71,1.41333,26.6,12.163901454006803,15.589068380196142
195305,24.84,1.41667,26.7,12.141970791867783,15.5632033871073
195306,23.95,1.42,26.8,11.624407885470085,14.904522212477088
195307,24.29,1.42,26.8,11.750201645310007,15.069129207230226
195308,24.39,1.42,26.9,11.715076201734005,15.027019046734077
195309,23.27,1.42,26.9,11.139349357262926,14.294747954197089
195310,23.97,1.43,27.0,11.391934765421416,14.623798898879695
195311,24.5,1.44,26.9,11.644070268505773,14.95306851337477
195312,24.83,1.45,26.9,11.754449184027298,15.10139525701598
195401,25.46,1.45667,26.9,12.002650554927826,15.427061391002457
195402,26.02,1.46333,26.9,12.21505248543284,15.705755365444617
195403,26.57,1.47,26.9,12.420105295189975,15.974058403613158
195404,27.63,1.46333,26.8,12.907868184060918,16.60305929186947
195405,28.73,1.45667,26.9,13.312042238025862,17.12137089768935
195406,28.96,1.45,26.9,13.357885903659001,17.17804350373734
195407,30.13,1.45667,26.9,13.83300956424533,17.78428965510127
195408,30.73,1.46333,26.9,14.042112347320577,18.047877301272553
195409,31.45,1.47,26.8,14.35647414329698,18.445764153358343
195410,32.18,1.49333,26.8,14.619231935730566,18.776965474104728
195411,33.44,1.51667,26.8,15.117311697434392,19.40760745758871
195412,34.97,1.54,26.7,15.789062002327087,20.257529192442494
195501,35.6,1.54667,26.7,15.990781062969837,20.50192786504852
195502,36.79,1.55333,26.7,16.437728215987118,21.056961301473905
195503,36.5,1.56,26.7,16.219282945537795,20.75929715246462
195504,37.76,1.56333,26.7,16.685266628063506,21.33404774609108
195505,37.6,1.56667,26.7,16.518057827257806,21.09780379424162
195506,39.78,1.57,26.7,17.370091963405315,22.15712167237055
195507,42.69,1.58667,26.8,18.454031906632878,23.5035102014631
195508,42.43,1.60333,26.8,18.222326463047754,23.173696654482637
195509,44.34,1.62,26.9,18.843960654261316,23.925531307723045
195510,42.11,1.62667,26.9,17.772325789386098,22.53236630332378
195511,44.95,1.63333,26.9,18.8355592882739,23.841583744997823
195512,45.37,1.64,26.8,18.94236903581358,23.93776574538757
195601,44.15,1.67,26.8,18.292585385418896,23.082459084217525
195602,44.43,1.7,26.8,18.266116815127788,23.01721641874302
195603,47.49,1.73,26.8,19.371210099299965,24.373586635398745
195604,48.05,1.75333,26.9,19.370593634578505,24.338669114170255
195605,46.54,1.77667,27.0,18.54450659175444,23.274196470664435
195606,46.27,1.8,27.2,18.158163846958704,22.767416558558143
195607,48.78,1.81333,27.4,18.85679759689679,23.620311675201723
195608,48.49,1.82667,27.3,18.670937110186426,23.368947299227298
195609,46.84,1.84,27.4,17.83664079631202,22.31147321044988
195610,46.24,1.80667,27.5,17.41895294863613,21.777269004413128
195611,45.76,1.77333,27.5,17.120339736628257,21.39208741537232
195612,46.44,1.74,27.6,17.197522725560923,21.474498795561207
195701,45.43,1.73667,27.6,16.71778007853301,20.863186388755373
195702,43.47,1.73333,27.7,15.84373314222974,19.762632437908916
195703,44.03,1.73,27.8,15.900417108869167,19.82183674226999
195704,45.05,1.73,27.9,16.123704360211754,20.086831188745077
195705,46.78,1.73,28.0,16.59811078911426,20.66110669340185
195706,47.55,1.73,28.1,16.72991887247286,20.806763725120597
195707,48.51,1.74,28.3,16.86888238397979,20.959760285686027
195708,45.84,1.75,28.3,15.868942729452241,19.702677805273034
195709,43.98,1.76,28.3,15.157274488962212,18.807961927666813
195710,41.24,1.77,28.3,14.149451489483535,17.551467653382648
195711,40.35,1.78,28.4,13.736242235298484,17.035278552833898
195712,40.33,1.79,28.4,13.673246057951383,16.954577613038246
195801,41.12,1.78333,28.6,13.788431552307634,17.09410885421223
195802,41.26,1.77667,28.6,13.784906390337676,17.08728198881139
195803,42.11,1.77,28.8,13.925589923892934,17.258155337067222
195804,42.34,1.75667,28.9,13.913501765262776,17.239665390241093
195805,43.7,1.74333,28.9,14.323824968409225,17.742987045801215
195806,44.75,1.73,28.9,14.63555555195626,18.122451008262203
195807,45.98,1.73,29.0,14.957457101901124,18.513137401048006
195808,47.7,1.73,28.9,15.544566891165912,19.229233309769263
195809,48.96,1.73,28.9,15.931923184092842,19.69535029838872
195810,50.95,1.73667,28.9,16.559803310351565,20.455148275406547
195811,52.5,1.74333,29.0,16.98888357938633,20.965610881429548
195812,53.49,1.75,28.9,17.35835736536995,21.399510465598848
195901,55.62,1.75667,29.0,17.98033934299339,22.1400104542214
195902,54.77,1.76333,28.9,17.759169263611415,21.841682331178742
195903,56.16,1.77,28.9,18.200871845485622,22.355431528386653
195904,57.1,1.77667,29.0,18.43075304878341,22.606141738483977
195905,57.96,1.78333,29.0,18.692721439594173,22.894229168466897
195906,57.46,1.79,29.1,18.448591397066473,22.562214820417083
195907,59.74,1.79667,29.2,19.090533975796504,23.310742907975126
195908,59.4,1.80333,29.2,18.958803640750205,23.114626571364777
195909,57.05,1.81,29.3,18.12329055675861,22.06562182278452
195910,57.0,1.81667,29.4,18.021962441515413,21.913293512657283
195911,57.23,1.82333,29.4,18.0717891305702,21.94586339590119
195912,59.06,1.83,29.4,18.624728977900098,22.588315691509766
196001,58.03,1.86667,29.3,18.33828499437555,22.215441275545846
196002,55.78,1.90333,29.4,17.54527510894597,21.23385676980203
196003,55.02,1.94,29.4,17.286020720522142,20.90186208386403
196004,55.73,1.94333,29.5,17.429766947597198,21.057013645323995
196005,55.22,1.94667,29.5,17.256170578727907,20.829617960486157
196006,57.26,1.95,29.6,17.82336381726473,21.494025476015537
196007,55.84,1.95,29.6,17.3768064728981,20.937549239049766
196008,56.51,1.95,29.6,17.582113039577667,21.166031871201216
196009,54.81,1.95,29.6,17.052015467817657,20.511204667640964
196010,53.73,1.95,29.8,16.60510453625102,19.958227629483627
196011,55.47,1.95,29.8,17.146088452418997,20.590981751601518
196012,56.8,1.95,29.8,17.562090833957118,21.07125094794225
196101,59.72,1.94667,29.8,18.47041698647717,22.138023912072306
196102,62.17,1.94333,29.8,19.234014498298347,23.028743280290055
196103,64.12,1.94,29.8,19.84422527272556,23.733978127182553
196104,65.83,1.94,29.8,20.382842975754766,24.352100217522803
196105,66.5,1.94,29.8,20.598606843297333,24.58439827006406
196106,65.62,1.94,29.8,20.332414551592283,24.24396485326972
196107,65.44,1.94667,30.0,20.146643736827304,24.001732449096924
196108,67.79,1.95333,29.9,20.941688475215173,24.92737178868873
196109,67.26,1.96,30.0,20.705243044147235,24.626812599567014
196110,68.0,1.98,30.0,20.92419014101077,24.869916653028188
196111,71.08,2.0,30.0,21.85795772195965,25.960088110372322
196112,71.74,2.02,30.0,22.04148019838225,26.158967454388552
196201,69.07,2.02667,30.0,21.197931400015204,25.1424599160829
196202,70.22,2.03333,30.1,21.45168775487336,25.42705712071742
196203,70.29,2.04,30.1,21.443158568526226,25.4005938657596
196204,68.05,2.04667,30.2,20.658336447649024,24.45737104891086
196205,62.99,2.05333,30.2,19.089367498116648,22.592739011982133
196206,55.63,2.06,30.2,16.827571244792455,19.917222641066676
196207,56.97,2.06667,30.3,17.14132566132278,20.289071663902092
196208,58.52,2.07333,30.3,17.571262631045524,20.797371453348283
196209,58.0,2.08,30.4,17.321461147465474,20.501925308455846
196210,56.17,2.09667,30.4,16.73982096790133,19.816278671377095
196211,60.04,2.11333,30.4,17.854386489497145,21.134634868091066
196212,62.64,2.13,30.4,18.585836118439858,21.99692844815037
196301,65.06,2.13667,30.4,19.259231693254055,22.787775396063658
196302,65.92,2.14333,30.4,19.469191309671405,23.029397502210223
196303,65.67,2.15,30.5,19.288064606604834,22.808875397934827
196304,68.76,2.16667,30.5,20.150077238226974,23.81965640164468
196305,70.14,2.18333,30.5,20.507585864952606,24.23244734996408
196306,70.11,2.2,30.6,20.384149993840992,24.07715317339321
196307,69.07,2.20333,30.7,19.969231885949632,23.57882651204825
196308,70.98,2.20667,30.7,20.472637900527673,24.16321423105722
196309,72.85,2.21,30.7,20.9603600907051,24.727136816950267
196310,73.03,2.23333,30.8,20.89134459541149,24.634554206566815
196311,72.62,2.25667,30.8,20.720399335339703,24.423701791634453
196312,74.17,2.28,30.9,21.038599376737043,24.78906855362926
196401,76.45,2.29667,30.9,21.627216196980918,25.47183857907227
196402,77.39,2.31333,30.9,21.83267082671032,25.702472478695203
196403,78.8,2.33,30.9,22.167245585982627,26.08399141025239
196404,79.94,2.34667,30.9,22.422192169737166,26.37088840344753
196405,80.72,2.36333,30.9,22.57433076956382,26.536112909394053
196406,80.24,2.38,31.0,22.300288036082783,26.201151795356164
196407,83.22,2.4,31.1,22.98435184573839,26.989715153331485
196408,82.0,2.42,31.0,22.650407292938784,26.58432227629419
196409,83.41,2.44,31.1,22.892221984231675,26.85404461770386
196410,84.85,2.46,31.1,23.212154680675326,27.214540709714253
196411,85.44,2.48,31.2,23.225019793095814,27.21460956506034
196412,83.96,2.5,31.2,22.752984772787258,26.64830703411381
196501,86.12,2.51667,31.2,23.269335081922463,27.237870222779122
196502,86.75,2.53333,31.2,23.372068272751328,27.342132127815116
196503,86.83,2.55,31.3,23.253528200034836,27.187223882061446
196504,87.97,2.57,31.4,23.420551954771284,27.365269983870892
196505,89.28,2.59,31.4,23.708808308861933,27.683223304413566
196506,85.04,2.61,31.6,22.38534298645778,26.12273837704228
196507,84.91,2.62667,31.6,22.30078171217442,26.008689840144708
196508,86.49,2.64333,31.6,22.665971845964382,26.417386639884455
196509,89.38,2.66,31.6,23.37414683164862,27.22229294175346
196510,91.39,2.68,31.7,23.775745523312686,27.66741422424398
196511,92.15,2.7,31.7,23.925461156673716,27.81807136929865
196512,91.73,2.72,31.8,23.694111549106324,27.525611912109806
196601,93.32,2.74,31.8,24.05848338842175,27.923438274605232
196602,92.69,2.76,32.0,23.700027145579398,27.482994403460832
196603,88.88,2.78,32.1,22.611112582289998,26.200300759745176
196604,91.6,2.79667,32.3,23.11369646261583,26.76040894831137
196605,86.78,2.81333,32.3,21.8521779767631,25.28360161027213
196606,86.06,2.83,32.4,21.55525338322626,24.925488570872403
196607,85.84,2.85,32.5,21.381702007433425,24.711793345102823
196608,80.65,2.87,32.7,19.913903864009814,23.008866665632205
196609,77.81,2.89,32.7,19.161676250615013,22.136998500688097
196610,77.13,2.88333,32.9,18.82540937131568,21.74693156657988
196611,80.99,2.87667,32.9,19.711251211928968,22.76571918029144
196612,81.33,2.87,32.9,19.73647375279197,22.79021908113516
196701,84.45,2.88,32.9,20.432242125384278,23.58698583926791
196702,87.36,2.89,32.9,21.074443163678446,24.32001954482433
196703,89.42,2.9,33.0,21.443898602019104,24.737345583070862
196704,90.96,2.9,33.1,21.686025566746242,25.007294802946525
196705,92.59,2.9,33.2,21.948477389658404,25.300129034292656
196706,91.43,2.9,33.3,21.55209760979349,24.835207934713086
196707,93.01,2.90667,33.4,21.804196245666365,25.11740069497411
196708,94.49,2.91333,33.5,22.030627049126018,25.369524753969277
196709,95.81,2.92,33.6,22.21914548866479,25.577428710702126
196710,95.66,2.92,33.7,22.068199194183887,25.395023055830503
196711,92.66,2.92,33.8,21.263102968336288,24.46296536056239
196712,95.3,2.92,33.9,21.75159780872364,25.01828401620644
196801,95.04,2.93,34.1,21.51153589633219,24.736682989926916
196802,90.75,2.94,34.2,20.42499237621423,23.486290074730892
196803,89.09,2.95,34.3,19.934711308295707,22.923790260635634
196804,95.67,2.96333,34.4,21.277356015671753,24.46580730498766
196805,97.87,2.97667,34.5,21.630227142779887,24.8693137487858
196806,100.5,2.99,34.7,22.004623431346545,25.29690301803491
196807,100.3,3.00333,34.9,21.753537415670962,25.006714675274825
196808,98.11,3.01667,35.0,21.137766793617864,24.299558060393476
196809,101.3,3.03,35.1,21.680275633292936,24.922460342186508
196810,103.8,3.04333,35.3,22.004606927956893,25.29364511811925
196811,105.4,3.05667,35.4,22.195529227158158,25.51103636149668
196812,106.5,3.07,35.5,22.277872995434887,25.603481925014687
196901,102.0,3.08,35.6,21.194968072847157,24.359671474340782
196902,101.5,3.09,35.8,20.895729901987238,24.01667442699468
196903,99.3,3.1,36.1,20.20228761648166,23.221677104407647
196904,101.3,3.11,36.3,20.428608081932158,23.482621868082433
196905,104.6,3.12,36.4,20.9722582719721,24.106259591810364
196906,99.14,3.13,36.6,19.713341583757632,22.660788139262053
196907,94.71,3.13667,36.8,18.681708207192763,21.47881578006711
196908,94.18,3.14333,37.0,18.429515590207746,21.19334928926969
196909,94.51,3.15,37.1,18.398046344676978,21.161648629370443
196910,95.52,3.15333,37.3,18.448662031815356,21.22391291801371
196911,96.21,3.15667,37.5,18.437760084691046,21.21568143933891
196912,91.11,3.16,37.7,17.32692991374269,19.945144752472125
197001,90.31,3.16333,37.8,17.090541395140207,19.681596538879813
197002,87.16,3.16667,38.0,16.37258678715985,18.86530086722817
197003,88.65,3.17,38.2,16.531690813943616,19.058795732982542
197004,85.95,3.17333,38.5,15.873067819354057,18.311411111344057
197005,76.06,3.17667,38.6,13.983836060789185,16.14957014615358
197006,75.59,3.18,38.8,13.79969179772518,15.955062559858035
197007,75.72,3.18333,39.0,13.726499744359765,15.8889353325004
197008,77.92,3.18667,39.0,14.100456516815443,16.339508329168662
197009,82.58,3.19,39.2,14.84266114524222,17.21512554125231
197010,84.37,3.17333,39.4,15.06418540408963,17.486678518763057
197011,84.28,3.15667,39.6,14.950761908791728,17.36984898530785
197012,90.05,3.14,39.8,15.87384068720574,18.45451554800622
197101,93.49,3.13,39.8,16.461793943491937,19.149002748259814
197102,97.11,3.12,39.9,17.034534781502124,19.824574232687674
197103,99.6,3.11,40.0,17.402902607188874,20.261603158151797
197104,103.0,3.10667,40.1,17.924110447959606,20.875485334712373
197105,101.6,3.10333,40.3,17.56415327969938,20.463891147264647
197106,99.72,3.1,40.6,17.0831668800707,19.911939063113696
197107,99.0,3.09667,40.7,16.88941470869335,19.694941690150536
197108,97.24,3.09333,40.8,16.519449443051556,19.273018870882776
197109,99.4,3.09,40.8,16.85679254783599,19.67491049438829
197110,97.29,3.08333,40.9,16.428862709159464,19.184397344751773
197111,92.78,3.07667,40.9,15.638712654326643,18.271922182649202
197112,99.17,3.07,41.1,16.603557212925327,19.405829401067106
197201,103.3,3.07,41.1,17.262996797035168,20.180821727051946
197202,105.2,3.07,41.3,17.46414760548617,20.41889860546095
197203,107.7,3.07,41.4,17.80564384961494,20.819715240429762
197204,108.8,3.07,41.5,17.9151616784983,20.948428276212166
197205,107.7,3.07,41.6,17.662646200372556,20.654075196229346
197206,108.0,3.07,41.7,17.640857315740252,20.629105958815607
197207,107.2,3.07333,41.9,17.398690031138173,20.346611167293215
197208,111.0,3.07667,42.0,17.943404688029805,20.98264090074068
197209,109.4,3.08,42.1,17.613854552912112,20.596901878448637
197210,109.6,3.10333,42.3,17.53318385415855,20.502387938457563
197211,115.1,3.12667,42.4,18.338894714968056,21.44189509312752
197212,117.5,3.15,42.5,18.64571944207368,21.796816349100666
197301,118.4,3.15667,42.6,18.712530467302432,21.870338532710928
197302,114.2,3.16333,42.9,17.88988959919375,20.905882678986963
197303,112.4,3.17,43.3,17.412142058290335,20.345254441323746
197304,110.3,3.18667,43.6,16.935740066050826,19.787325522958476
197305,107.2,3.20333,43.9,16.314338759668573,19.06114572900689
197306,104.8,3.22,44.2,15.808323047681979,18.47060167810374
197307,105.8,3.23667,44.3,15.889518573988783,18.565516582822475
197308,103.8,3.25333,45.1,15.278501094706122,17.852222658614057
197309,105.6,3.27,45.2,15.475308601805564,18.08208372793546
197310,109.8,3.30667,45.6,15.913516308933383,18.592078071081126
197311,102.0,3.34333,45.9,14.651845159710568,17.1197429771395
197312,94.78,3.38,46.2,13.493329686205888,15.771102210645237
197401,96.11,3.4,46.6,13.530721892513952,15.81914151846466
197402,93.45,3.42,47.2,12.957321280205392,15.15429214633874
197403,97.44,3.44,47.8,13.310364239140167,15.571122142264331
197404,92.46,3.46,48.0,12.55041104854091,14.688309996556313
197405,89.67,3.48,48.6,11.995436947329663,14.045930080444723
197406,89.79,3.5,49.0,11.888498820079,13.927722593419741
197407,79.31,3.53,49.4,10.394141805327052,12.188506545696
197408,76.03,3.56,50.0,9.824195723141198,11.532942434954501
197409,68.12,3.59,50.6,8.680421305646334,10.206222645077478
197410,69.44,3.59333,51.1,8.744983833809586,10.297190694389569
197411,71.74,3.59667,51.5,8.948984512755606,10.551515010335244
197412,67.07,3.6,51.9,8.289060055923084,9.789483231199641
197501,72.56,3.62333,52.1,8.92099550840425,10.549889518230232
197502,80.1,3.64667,52.5,9.762246716166471,11.556048733542475
197503,83.78,3.67,52.7,10.163796767444037,12.041659481362924
197504,84.72,3.68333,52.9,10.23307613660592,12.133964603730444
197505,90.1,3.69667,53.2,10.818139119335807,12.836132514309538
197506,92.4,3.71,53.6,11.011354609247666,13.073236851521406
197507,92.49,3.71,54.2,10.902767048238578,12.95241203093511
197508,85.71,3.71,54.3,10.089769593328016,11.997338854776963
197509,84.67,3.71,54.6,9.918905356559423,11.805187590081815
197510,88.57,3.7,54.9,10.327599777501108,12.300949653188114
197511,90.07,3.69,55.3,10.435859457947897,12.438145517109932
197512,88.7,3.68,55.5,10.250368416256835,12.225327151884704
197601,96.86,3.68333,55.6,11.185051362622147,13.344852948567938
197602,100.6,3.68667,55.8,11.586092994449684,13.825819214816374
197603,101.1,3.69,55.9,11.631754403566505,13.8819523757625
197604,101.9,3.71333,56.1,11.689164132206367,13.951298003011868
197605,101.2,3.73667,56.5,11.532053585609418,13.764637153557779
197606,101.8,3.76,56.8,11.543841631417097,13.779039853350046
197607,104.2,3.79,57.1,11.757490488689905,14.033225918703826
197608,103.3,3.82,57.4,11.597986002509245,13.842562825921192
197609,105.5,3.85,57.6,11.805990949539783,14.089874827138575
197610,101.9,3.91667,57.9,11.345696136316693,13.54159168993016
197611,101.2,3.98333,58.0,11.248855860507959,13.427973102245366
197612,104.7,4.05,58.2,11.597589726582934,13.845167133360263
197701,103.8,4.09667,58.5,11.437961346787548,13.656100626714087
197702,101.0,4.14333,59.1,11.014841854222771,13.154123053942898
197703,100.6,4.19,59.5,10.89574651166273,13.015883122750964
197704,99.05,4.24667,60.0,10.636037409141348,12.710931427883896
197705,98.76,4.30333,60.3,10.548486693556988,12.61231292572073
197706,99.29,4.36,60.7,10.53002395909075,12.596542842152303
197707,100.2,4.40667,61.0,10.567692447775398,12.647994539435668
197708,97.75,4.45333,61.2,10.268385666710987,12.297488474266258
197709,96.23,4.5,61.4,10.067742820070695,12.065823759131625
197710,93.74,4.55667,61.6,9.76666629955654,11.715003066672738
197711,94.28,4.61333,61.9,9.766299983660195,11.724729783734967
197712,93.82,4.67,62.1,9.678266582535917,11.629817356636806
197801,90.25,4.71333,62.5,9.241462260934684,11.117327063419964
197802,88.98,4.75667,62.9,9.045263570704737,10.894504079092554
197803,88.82,4.8,63.4,8.95042007763389,10.793768769045762
197804,92.71,4.83667,63.9,9.262588720866841,11.182400797006668
197805,97.41,4.87333,64.5,9.634910728598445,11.642215937209855
197806,97.66,4.91,65.2,9.549678981041733,11.549477957050755
197807,97.19,4.94667,65.7,9.425524047787356,11.409884648364542
197808,103.9,4.98333,66.0,10.023970854003746,12.14238973125799
197809,103.9,5.02,66.5,9.941887473004407,12.051024072050556
197810,100.6,5.03667,67.1,9.533608358208829,11.565326820474889
197811,94.71,5.05333,67.4,8.928418902293147,10.842331646474513
197812,96.11,5.07,67.7,9.011941819133826,10.953907642577782
197901,99.71,5.11333,68.3,9.25763691913997,11.26102034126224
197902,98.23,5.15667,69.1,9.003740371045632,10.961002211569236
197903,100.1,5.2,69.8,9.070785029660762,11.05059648407652
197904,102.1,5.24667,70.6,9.133063566217412,11.133601762772875
197905,99.73,5.29333,71.5,8.794383289814956,10.728950511599079
197906,101.7,5.34,72.3,8.85393776469395,10.809180598290334
197907,102.7,5.39667,73.1,8.827498045542361,10.784338517075035
197908,107.4,5.45333,73.8,9.127165797215032,11.15633137584919
197909,108.6,5.51,74.6,9.112758990740955,11.144412105091897
197910,104.5,5.55667,75.2,8.681843306899312,10.624838288277688
197911,103.7,5.60333,75.9,8.518784302983558,10.433469269423107
197912,107.8,5.65,76.7,8.745204404669293,10.717928631289357
198001,110.9,5.7,77.8,8.850934180729109,10.85408187872476
198002,115.3,5.75,78.9,9.054476092192516,11.109252312727028
198003,104.7,5.8,80.1,8.0811509007855,9.924835697356505
198004,103.0,5.84667,81.0,7.844024504719217,9.64444804829732
198005,107.7,5.89333,81.8,8.104225807176496,9.974412483708676
198006,114.6,5.94,82.7,8.51207796230674,10.484904625773895
198007,119.8,5.98333,82.7,8.880865527295844,10.94693073431367
198008,123.5,6.02667,83.3,9.071005981618383,11.18854525781743
198009,126.5,6.07,84.0,9.19604013174324,11.349812726304929
198010,130.2,6.1,84.8,9.35784104675711,11.556163110889692
198011,135.7,6.13,85.5,9.654043663233391,11.927567744896841
198012,133.5,6.16,86.3,9.389902084921744,11.608006971345494
198101,133.0,6.2,87.0,9.259404530877951,11.454209284131183
198102,128.4,6.24,87.9,8.829899353831308,10.932069150005741
198103,133.2,6.28,88.5,9.081096883854624,11.25140376960073
198104,134.4,6.31667,89.1,9.085561230788743,11.265311096462016
198105,131.7,6.35333,89.8,8.818483466548066,10.943243788709792
198106,132.3,6.39,90.6,8.765340744304925,10.886260091011929
198107,129.1,6.43333,91.6,8.445319467875509,10.498717805693907
198108,129.6,6.47667,92.3,8.399806316566437,10.452105800480165
198109,118.3,6.52,93.2,7.581163051923156,9.446392731834708
198110,119.8,6.55667,93.4,7.649141713319212,9.543753400017172
198111,122.9,6.59333,93.7,7.810752565716109,9.757177879149886
198112,123.8,6.63,94.0,7.832562137141895,9.79589996157547
198201,117.3,6.66,94.3,7.3886599733759954,9.253826807056987
198202,114.5,6.69,94.6,7.181823450546734,9.008823810691187
198203,110.8,6.72,94.5,6.950673793536033,8.734195921151276
198204,116.3,6.75,94.9,7.259072625426149,9.13576229951182
198205,116.4,6.78,95.8,7.1926124844646235,9.066293563047877
198206,109.7,6.81,97.0,6.692133988197591,8.451496753639915
198207,109.4,6.82333,97.5,6.638653100208761,8.400296954038714
198208,109.7,6.83667,97.7,6.643422752166092,8.422750758567592
198209,122.4,6.85,97.9,7.3988382003233095,9.393844285012223
198210,132.7,6.85667,98.2,7.999840994534589,10.167766914461478
198211,138.1,6.86333,98.0,8.34747693815543,10.61939966902232
198212,139.4,6.87,97.6,8.467738401400478,10.782007239538869
198301,144.3,6.88333,97.8,8.756783224134745,11.158544264730379
198302,146.8,6.89667,97.9,8.910493436624119,11.36206826684861
198303,151.9,6.91,97.9,9.232829705190525,11.77931272112625
198304,157.7,6.92,98.6,9.531581284160412,12.165031590630463
198305,164.1,6.93,99.2,9.874456504668403,12.605255648355708
198306,166.4,6.94,99.5,10.000117903130024,12.767362769540007
198307,167.0,6.96,99.9,10.014475995571027,12.786896040903429
198308,162.4,6.98,100.2,9.728056935665213,12.42283748106904
198309,167.2,7.0,100.7,9.984202458028781,12.749884493756902
198310,167.7,7.03,101.0,10.003391799449632,12.773539636170556
198311,165.2,7.06,101.2,9.853581649364283,12.581491199513103
198312,164.4,7.09,101.3,9.815010903608675,12.531076317323542
198401,166.4,7.12,101.9,9.894931809202541,12.630750087850316
198402,157.3,7.15,102.4,9.324529645727987,11.90239933584716
198403,157.4,7.18,102.6,9.326747066508247,11.904570260565979
198404,157.6,7.22333,103.1,9.305643404594825,11.876543098868646
198405,156.6,7.26667,103.4,9.231831816896047,11.781082542587818
198406,153.1,7.31,103.7,9.01018551229101,11.497716640781464
198407,151.1,7.33333,104.1,8.868302214043304,11.316241863649706
198408,164.4,7.35667,104.5,9.623063257373174,12.27471160955555
198409,166.1,7.38,105.0,9.687341313628087,12.351552352066447
198410,164.8,7.43,105.3,9.595070703048506,12.229383028121232
198411,166.3,7.48,105.3,9.69197322178309,12.34867935888002
198412,164.5,7.53,105.3,9.595054801133461,12.222162489146147
198501,171.6,7.57333,105.5,9.997001177730453,12.729627871083462
198502,180.9,7.61667,106.0,10.494935172607082,13.357385583224783
198503,179.4,7.66,106.4,10.373217214924736,13.197786108739969
198504,180.6,7.68667,106.9,10.397118719816824,13.224090599429939
198505,184.9,7.71333,107.3,10.608120467860095,13.488455241725168
198506,188.9,7.74,107.6,10.810049845861219,13.741426269246396
198507,192.5,7.77333,107.8,10.997563956793385,13.976419083122833
198508,188.3,7.80667,108.0,10.738799808877287,13.646192185229472
198509,184.1,7.84,108.3,10.471234661697553,13.306583154373689
198510,186.2,7.86,108.7,10.552516982943752,13.410439843384852
198511,197.5,7.88,109.0,11.16461112866747,14.186571464023913
198512,207.3,7.9,109.3,11.6905214744676,14.851243444332473
198601,208.2,7.94,109.6,11.715007584487989,14.879155972876077
198602,219.4,7.98,109.3,12.388219099418128,15.727961947238791
198603,232.3,8.02,108.8,13.18902298153272,16.73474058295941
198604,238.0,8.04667,108.6,13.55250417286948,17.183914355587923
198605,238.5,8.07333,108.9,13.560046199232339,17.180748515167288
198606,245.3,8.1,109.5,13.88868862645712,17.582378520821575
198607,240.2,8.14333,109.5,13.619995534083811,17.2285492108527
198608,245.0,8.18667,109.7,13.887667550866059,17.55217873714276
198609,238.3,8.23,110.2,13.467314312977134,17.00775994792839
198610,237.4,8.24667,110.3,13.425918860857362,16.942441583196963
198611,245.1,8.26333,110.4,13.872985596138607,17.49166618064256
198612,248.6,8.28,110.5,14.085139814743316,17.743316425436987
198701,264.5,8.3,111.2,14.922208103718953,18.777962794262155
198702,280.9,8.32,111.6,15.82231814283646,19.886426559991165
198703,292.5,8.34,112.1,16.43334397606993,20.62720293812924
198704,289.3,8.4,112.7,16.196534453220888,20.3038410710514
198705,289.1,8.46,113.1,16.160311952655746,20.233478963142414
198706,301.4,8.52,113.5,16.825207307878724,21.03876533929812
198707,310.1,8.56667,113.8,17.30600439051223,21.611453473791197
198708,329.4,8.61333,114.4,18.326907245856347,22.85209551137737
198709,318.7,8.66,115.0,17.675620449938226,22.007766234206734
198710,280.2,8.71,115.3,15.530055563627316,19.3133869633154
198711,245.0,8.76,115.4,13.590885143189087,16.887366309768492
198712,241.0,8.81,115.4,13.389028514426967,16.622494633999878
198801,250.5,8.85667,115.7,13.898336683569136,17.23746480175742
198802,258.1,8.90333,116.0,14.298270962469525,17.71412617044174
198803,265.7,8.95,116.5,14.668946811103465,18.152060554951053
198804,262.6,9.04333,117.1,14.433316420838949,17.840595093043493
198805,256.1,9.13667,117.5,14.031891348027777,17.325317986212745
198806,270.7,9.23,118.0,14.766468647879618,18.20823556951486
198807,269.1,9.30667,118.5,14.6083157175221,17.988763201028448
198808,263.7,9.38333,119.0,14.244946310675653,17.518725933895716
198809,268.0,9.46,119.8,14.369428776140161,17.648292003694447
198810,277.4,9.55,120.2,14.811450153277725,18.165517397941205
198811,271.0,9.64,120.3,14.445530680872887,17.692871543397242
198812,276.5,9.75,120.5,14.702086748571997,17.9815864920142
198901,285.4,9.81333,121.1,15.088072442713289,18.425435496743255
198902,294.0,9.89667,121.6,15.46706046273475,18.85743571773138
198903,292.7,10.01,122.3,15.298969108882359,18.622276927610926
198904,302.3,10.0867,123.1,15.686742656144585,19.06141795976555
198905,313.9,10.1933,123.8,16.186353538544555,19.63356921555984
198906,323.7,10.37,124.1,16.64190423580859,20.149986195019615
198907,331.9,10.4233,124.4,17.013407650499133,20.562062434197994
198908,346.6,10.5467,124.6,17.73425143657732,21.393656539479558
198909,347.3,10.73,125.0,17.71422067897908,21.332067137506513
198910,347.4,10.7967,125.6,17.640853852797946,21.208128697438628
198911,340.2,10.9233,125.9,17.242369266947424,20.697305291068098
198912,348.6,11.06,126.1,17.650212904947324,21.154881971751614
199001,339.97,11.14,127.4,17.04884360687827,20.406154475024763
199002,330.45,11.23,128.0,16.508093516490288,19.7353532620964
199003,338.46,11.32,128.7,16.833748233480947,20.101015892206544
199004,338.18,11.4367,128.9,16.813913898735766,20.055719260909896
199005,350.25,11.5533,129.2,17.392413588645,20.72338902104602
199006,360.39,11.66,129.9,17.817082821653006,21.206758327830478
199007,360.03,11.7267,130.4,17.74717158707024,21.102886533307018
199008,330.75,11.7833,131.6,16.168334756508973,19.211937494842864
199009,315.41,11.83,132.7,15.301285443522628,18.172367021965123
199010,307.12,11.9267,133.5,14.818147965500803,17.59216474935589
199011,315.29,12.0133,133.8,15.187607599503187,18.023739754098454
199012,328.75,12.09,133.8,15.846314974728763,18.79649566201916
199101,325.49,12.1067,134.6,15.606190118802362,18.503950717933986
199102,362.26,12.1133,134.8,17.354664745205106,20.56314129301617
199103,372.28,12.11,135.0,17.818620083397377,21.098075248981395
199104,379.68,12.13,135.2,18.155345895198018,21.481531873630114
199105,377.99,12.14,135.6,18.035430911004052,21.325816065887036
199106,378.29,12.15,136.0,18.01522704468833,21.289084627258884
199107,380.23,12.1933,136.2,18.103452345519745,21.38125226491533
199108,389.4,12.2367,136.6,18.512258455337715,21.851849122501893
199109,387.2,12.28,137.2,18.357282591774325,21.65841297607263
199110,386.88,12.2533,137.4,18.349187992001983,21.639545015859092
199111,385.92,12.2267,137.8,18.288868169301338,21.560296784423304
199112,388.51,12.2,137.9,18.441652313512723,21.73293467303115
199201,416.08,12.24,138.1,19.773068211462647,23.291329926002014
199202,412.56,12.28,138.6,19.582982970386745,23.058298827241977
199203,407.36,12.32,139.3,19.283561861298548,22.69846526328991
199204,407.41,12.32,139.5,19.301229507881043,22.71268951361469
199205,414.81,12.32,139.7,19.662279795641687,23.130349591325828
199206,408.27,12.32,140.2,19.315365967644595,22.716805900471638
199207,415.05,12.3433,140.5,19.62074069482441,23.07054366253527
199208,417.93,12.3667,140.9,19.72213749835153,23.18460066395551
199209,418.48,12.4,141.3,19.708766424745303,23.164274166851865
199210,412.5,12.3867,141.8,19.370271076906977,22.76305202357335
199211,422.84,12.3833,142.0,19.833656038801237,23.303331550784872
199212,435.64,12.39,141.9,20.448606721242967,24.020186324731114
199301,435.23,12.4133,142.6,20.32341080299571,23.86795022416955
199302,441.7,12.4467,143.1,20.545336792900454,24.122919609042583
199303,450.16,12.48,143.6,20.85520014869092,24.48025069793441
199304,443.08,12.4933,144.0,20.457362016642193,24.00798830125112
199305,445.25,12.5067,144.2,20.51760563376487,24.073856030062398
199306,448.06,12.52,144.4,20.608357012960198,24.175761110239694
199307,447.29,12.52,144.4,20.56459641329715,24.1204242506805
199308,454.13,12.52,144.8,20.812227546627394,24.4051536387975
199309,459.24,12.52,145.1,20.99350100522914,24.61059893638547
199310,463.9,12.54,145.7,21.10917824747513,24.737889343598034
199311,462.89,12.56,145.8,21.03790118960638,24.645407638434428
199312,465.95,12.58,145.8,21.16473207981466,24.783708947329508
199401,472.99,12.6233,146.2,21.411974913826555,25.061136005191305
199402,471.58,12.6667,146.7,21.263840187313033,24.875326969291887
199403,463.81,12.71,147.2,20.833375889460413,24.359940418108927
199404,447.23,12.7533,147.4,20.055250085063854,23.440099239459393
199405,450.9,12.7967,147.5,20.196492421281455,23.593459579735008
199406,454.83,12.84,148.0,20.290763690670317,23.690087234431946
199407,451.4,12.87,148.4,20.067951816142156,23.415889076109888
199408,464.24,12.9,149.0,20.53554940475565,23.94502093261157
199409,466.96,12.92,149.4,20.576450100818878,23.975369102753437
199410,463.81,13.0133,149.5,20.395759282410268,23.747831033857775
199411,461.01,13.0967,149.7,20.209473020394057,23.513754336451786
199412,455.19,13.17,149.7,19.911484108090335,23.150110785223823
199501,465.25,13.18,150.3,20.219119422457307,23.488372636558662
199502,481.92,13.18,150.9,20.802571764332694,24.144282243906417
199503,493.15,13.17,151.4,21.152737302037004,24.52732082209475
199504,507.91,13.2433,151.9,21.642739261879665,25.07044480854668
199505,523.81,13.3067,152.2,22.195426698019965,25.684217711127936
199506,539.35,13.36,152.5,22.71835675952062,26.261521783971112
199507,557.37,13.44,152.5,23.37641269151214,26.99275935953636
199508,559.11,13.51,152.9,23.284070256230542,26.85772612231314
199509,578.77,13.58,153.2,23.946007075299875,27.591422770766513
199510,582.92,13.65,153.7,23.926762764083286,27.540347277091723
199511,595.53,13.72,153.6,24.347586881114825,27.996651260629204
199512,614.57,13.79,153.5,25.02738066493912,28.749997901545346
199601,614.42,13.8933,154.4,24.762465194644033,28.419947350837205
199602,649.54,13.9967,154.9,25.976065550593397,29.78439532821638
199603,647.07,14.1,155.7,25.62993039521612,29.360970049382313
199604,647.17,14.1567,156.3,25.424203848381538,29.1000292250428
199605,661.23,14.2133,156.6,25.81404382769903,29.519946822343105
199606,668.5,14.27,156.7,25.966673558333852,29.66805321760831
199607,644.07,14.4,157.0,24.8584113323484,28.379278236095754
199608,662.68,14.53,157.3,25.412529121454966,28.9880005542619
199609,674.88,14.66,157.8,25.680115512876775,29.268886878274603
199610,701.46,14.74,158.3,26.48346772089722,30.158081995656257
199611,735.67,14.82,158.6,27.58561204901281,31.38340454150737
199612,743.25,14.9,158.6,27.723946163893974,31.51068125837189
199701,766.22,14.9533,159.1,28.332870129950376,32.1705886585224
199702,798.39,15.0067,159.6,29.26563488357596,33.194645513976035
199703,792.16,15.06,160.0,28.80245859187166,32.63548559038066
199704,763.93,15.0933,160.2,27.58516033813655,31.225851487505807
199705,833.09,15.1267,160.1,29.928362224688783,33.842453512139876
199706,876.29,15.16,160.3,31.25656061638128,35.305910855546166
199707,925.29,15.2167,160.5,32.76663768966994,36.97038981277746
199708,927.24,15.2733,160.8,32.58628348671318,36.726043656284524
199709,937.02,15.33,161.2,32.66658134170863,36.77540659801317
199710,951.16,15.3867,161.6,32.901498179798125,36.9980763908736
199711,938.92,15.4433,161.5,32.33660053281268,36.323017872736
199712,962.37,15.5,161.3,33.03078904290543,37.06129219491146
199801,963.36,15.55,161.6,32.859968415052236,36.82863353355587
199802,1023.74,15.6,161.9,34.70967778226998,38.856044080604214
199803,1076.83,15.64,162.2,36.296927736425104,40.583259011780484
199804,1112.2,15.75,162.5,37.27693404302876,41.627397728141105
199805,1108.42,15.85,162.8,36.956598518969,41.2182193239652
199806,1108.39,15.95,163.0,36.802293460092024,40.99434126198045
199807,1156.58,16.0167,163.2,38.25964508524856,42.561024955704205
199808,1074.62,16.0833,163.4,35.42340102487832,39.357953737660516
199809,1020.64,16.14,163.6,33.532356980834905,37.21483494135042
199810,1032.47,16.1667,164.0,33.773102879048146,37.440000309890806
199811,1144.43,16.1833,164.0,37.369391883920954,41.37557700054433
199812,1190.05,16.2,163.9,38.82027478009816,42.92733987493308
199901,1248.77,16.28333333,164.3,40.57695767720813,44.81105344963521
199902,1246.58,16.36666667,164.5,40.40015922925995,44.55773453537827
199903,1281.66,16.45,165.0,41.35610363271301,45.55155503201496
199904,1334.76,16.45,166.2,42.704509516892166,46.972581259880606
199905,1332.07,16.45,166.2,42.556676709518044,46.746674800852034
199906,1322.55,16.45,166.2,42.18067591174693,46.27143255321165
199907,1380.99,16.513333333333335,166.7,43.82803599280541,48.011997893801635
199908,1327.49,16.576666666666668,167.1,41.930712159940455,45.87345518959438
199909,1318.17,16.64,167.9,41.323451334715024,45.15183924706528
199910,1300.01,16.656666666666666,168.2,40.552854399539875,44.25604110562487
199911,1391.0,16.673333333333332,168.3,43.20829071461392,47.0940975883969
199912,1428.68,16.69,168.3,44.197939761040566,48.11096868299516
200001,1425.59,16.713333333333335,168.8,43.772578146938,47.58768727292151
200002,1388.87,16.736666666666668,169.8,42.18563588791733,45.807695321871726
200003,1442.21,16.76,171.2,43.22074843996589,46.87600933588812
200004,1461.36,16.740000000000002,171.3,43.52857428850775,47.15540685524466
200005,1418.48,16.72,171.5,41.966050503324325,45.41303810500986
200006,1461.96,16.7,172.4,42.78197156707146,46.2455874858361
200007,1473.0,16.583333333333332,172.8,42.758093618269584,46.17072813184031
200008,1485.46,16.46666666666667,172.8,42.869565494419504,46.24211352364689
200009,1468.05,16.35,173.7,41.898007924884745,45.14750150162295
200010,1390.14,16.323333333333334,174.0,39.36969904420139,42.38264022988999
200011,1378.04,16.296666666666667,174.1,38.78214245678478,41.71336028038801
200012,1330.93,16.27,174.0,37.274238004497214,40.05987947359604
200101,1335.63,16.169999999999998,175.1,36.97886799702983,39.71280978944713
200102,1305.75,16.07,175.8,35.834662651431294,38.458570743648046
200103,1185.85,15.97,176.2,32.32583723617876,34.675224630315924
200104,1189.84,15.876666666666665,176.9,32.17390116836069,34.49609962461752
200105,1270.37,15.783333333333331,177.7,34.07464321714003,36.517428561211965
200106,1238.71,15.69,178.0,33.06853441111278,35.426859322674495
200107,1204.45,15.706666666666667,177.5,32.163038687444356,34.44859395765035
200108,1178.5,15.723333333333333,177.5,31.404318760780146,33.63139016318307
200109,1044.64,15.74,178.3,27.667392586862498,29.631910124299587
200110,1076.59,15.740000000000002,177.7,28.57737311336011,30.610210495719627
200111,1129.68,15.740000000000002,177.4,30.00510381105682,32.14309653485235
200112,1144.93,15.74,176.7,30.49995325502047,32.677962674930086
200201,1140.21,15.736666666666668,177.1,30.277204433096017,32.44567789769126
200202,1100.67,15.733333333333334,177.8,29.085704152008443,31.17638563797467
200203,1153.79,15.73,178.8,30.292130640918696,32.475809252847974
200204,1111.93,15.833333333333332,179.8,29.005883253118693,31.10469039970413
200205,1079.25,15.936666666666667,179.8,28.128107508688355,30.171984137541507
200206,1014.02,16.04,179.9,26.387672541183363,28.315227417431327
200207,903.59,15.96,180.1,23.463120467431448,25.189619576345258
200208,912.55,15.879999999999999,180.7,23.588713528842376,25.33599707398655
200209,867.81,15.8,181.0,22.36503680122433,24.03375401734792
200210,854.63,15.89,181.3,21.95623386365908,23.60657275199438
200211,909.93,15.98,181.3,23.348396502725127,25.114358041300328
200212,899.18,16.07,180.9,23.10144253768563,24.860432504266143
200301,895.84,16.119999999999997,181.7,22.89834857661322,24.653867027835645
200302,837.03,16.169999999999998,183.1,21.21410212341529,22.85382611436557
200303,846.63,16.22,184.2,21.309719026990994,22.969623651201278
200304,890.03,16.203333333333333,183.8,22.427939577730907,24.186166302446406
200305,935.96,16.186666666666667,183.5,23.59108045348149,25.45002301017636
200306,988.0,16.17,183.7,24.832223259531073,26.796570516909874
200307,992.54,16.310000000000002,183.9,24.867329101268798,26.841910907521083
200308,989.53,16.450000000000003,184.6,24.64225140993218,26.60610888376363
200309,1019.44,16.59,185.2,25.243686752606273,27.261410549557137
200310,1038.73,16.85666666666667,185.0,25.682756070579703,27.74090541797264
200311,1049.9,17.123333333333335,184.5,25.946798218420135,28.03002081095801
200312,1080.64,17.39,184.3,26.635170511081547,28.77540212061729
200401,1132.52,17.6,185.2,27.658540355736587,29.879678114424983
200402,1143.36,17.810000000000002,186.2,27.650862036740236,29.86991210154325
200403,1123.98,18.02,187.4,26.886530384035883,29.043714557354303
200404,1133.36,18.213333333333335,188.0,26.900577508444904,29.058291817756977
200405,1102.78,18.406666666666666,189.1,25.90281429294377,27.980644843237364
200406,1132.76,18.6,189.7,26.401285366474923,28.5179333952882
200407,1105.85,18.78666666666667,189.4,25.695888646268568,27.75551453633079
200408,1088.94,18.973333333333333,189.5,25.17446222647778,27.19250007025968
200409,1117.66,19.16,189.9,25.6684067763577,27.72534056135416
200410,1117.21,19.253333333333334,190.9,25.411655665489338,27.447302225242783
200411,1168.94,19.346666666666668,191.0,26.465310814818057,28.5827052580995
200412,1199.21,19.44,190.3,27.144808694741243,29.31263918485717
200501,1181.41,19.703333333333333,190.7,26.58725069797039,28.707356524065606
200502,1199.63,19.96666666666667,191.8,26.744863128101187,28.874110081209473
200503,1194.9,20.23,193.3,26.339142131057937,28.4333465499335
200504,1164.43,20.46333333333333,194.6,25.40892256911448,27.427971644284614
200505,1178.28,20.696666666666665,194.4,25.65023018718298,27.686995391999098
200506,1202.25,20.93,194.5,26.068394871884003,28.136067840768245
200507,1222.24,21.11,195.4,26.287871091254754,28.36990506263926
200508,1224.27,21.29,196.4,26.10438141093616,28.168980742317416
200509,1225.92,21.47,198.8,25.730122990164478,27.762463408465557
200510,1191.96,21.72,199.2,24.876538723647965,26.84054270186345
200511,1237.37,21.97,197.6,25.931783309069022,27.977205472367213
200512,1262.07,22.22,196.8,26.443803114292404,28.527159043907645
200601,1278.73,22.406666666666666,198.3,26.468702626685722,28.551311891344483
200602,1276.65,22.593333333333334,198.7,26.2496247635833,28.312953220671446
200603,1293.74,22.78,199.8,26.327837778667686,28.39507373397663
200604,1302.17,23.0,201.5,26.14728094387453,28.198403856607364
200605,1290.01,23.22,202.5,25.65064070875734,27.66189528485719
200606,1253.17,23.44,202.9,24.749582241646372,26.690943997751578
200607,1260.24,23.66,203.5,24.696786766853304,26.634874022226967
200608,1287.15,23.88,203.9,25.051393562010965,27.01741890997331
200609,1317.74,24.1,202.9,25.64415644079739,27.655917575274074
200610,1363.38,24.36,201.8,26.53804028210172,28.61766020200832
200611,1388.64,24.619999999999997,201.5,26.928020270856493,29.03499548856696
200612,1416.42,24.88,201.8,27.28268978757168,29.41328247166068
200701,1424.16,25.083333333333332,202.416,27.207536656807132,29.32783851279275
200702,1444.8,25.286666666666665,203.499,27.3151814135166,29.439186629440357
200703,1406.95,25.49,205.352,26.22760555465089,28.264070221688122
200704,1463.64,25.71666666666667,206.686,26.976268314189085,29.066642443029895
200705,1511.14,25.943333333333335,207.949,27.548490451851254,29.678159305539182
200706,1514.19,26.17,208.352,27.418262740410597,29.53331815294468
200707,1520.71,26.440000000000005,208.299,27.410088167204314,29.52031070899064
200708,1454.62,26.71,207.917,26.148607189312315,28.16088433900692
200709,1497.12,26.98,208.49,26.725743047696913,28.781596977212047
200710,1539.66,27.230000000000004,208.936,27.320648130462004,29.42154762636301
200711,1463.39,27.480000000000004,210.177,25.729053579498377,27.711039143379498
200712,1479.22,27.73,210.036,25.955510105240222,27.959981545763835
200801,1378.76,27.92,211.08,24.022317760836813,25.886705943137212
200802,1354.87,28.11,211.693,23.495263401811773,25.329469431905366
200803,1316.94,28.3,213.528,22.60681084224933,24.384051798830342
200804,1370.47,28.436666666666667,214.823,23.356040643201606,25.204092441252214
200805,1403.22,28.573333333333334,216.632,23.69643211662317,25.5836478780518
200806,1341.25,28.71,218.815,22.41681280228193,24.21673551565436
200807,1257.33,28.756666666666668,219.964,20.907206462661573,22.603177385642233
200808,1281.47,28.803333333333335,219.086,21.40161736004792,23.155126607759243
200809,1216.95,28.85,218.783,20.36273394609751,22.050373871028608
200810,968.8,28.696666666666665,216.573,16.38735654878983,17.77010791095575
200811,883.04,28.543333333333333,212.425,15.259659405704573,16.575738507639592
200812,877.56,28.39,210.228,15.376080747423764,16.732842670212026
200901,865.58,28.013333333333335,211.143,15.17465193687967,16.545978292696997
200902,805.23,27.63666666666667,212.193,14.122181801918899,15.431495098996706
200903,757.13,27.26,212.709,13.323667656863933,14.592703772466315
200904,848.15,26.703333333333333,213.24,14.981866453039249,16.44121997239843
200905,902.41,26.14666666666667,213.856,15.996355755263156,17.585230774696498
200906,926.12,25.59,215.693,16.384182816215347,18.04071708129972
200907,935.82,25.026666666666664,215.351,16.694620816995617,18.41056954196059
200908,1009.73,24.46333333333333,215.834,18.094069801576083,19.97924978137738
200909,1044.55,23.9,215.969,18.83190226484008,20.817180576489967
200910,1067.66,23.403333333333332,216.177,19.358008443486842,21.420018718305087
200911,1088.07,22.906666666666666,216.33,19.81276107996606,21.938367056892975
200912,1110.38,22.41,215.949,20.32237650021655,22.511278992034384
201001,1123.58,22.24,216.687,20.527859801454422,22.74143027719746
201002,1089.16,22.07,216.741,19.920539306600443,22.070377804640174
201003,1152.05,21.9,217.631,21.00460120971536,23.269199472972975
201004,1197.32,21.946666666666665,218.009,21.80484559962516,24.150482266532844
201005,1125.06,21.993333333333332,218.178,20.480068638423408,22.679628014583454
201006,1083.36,22.04,217.965,19.742039853739453,21.859418086479803
201007,1079.8,22.143333333333334,218.011,19.668660470717708,21.77465601506824
201008,1087.28,22.246666666666666,218.312,19.770299174358577,21.882717641224723
201009,1122.08,22.35,218.439,20.381395233204035,22.552614727121696
201010,1171.58,22.476666666666667,218.711,21.240127651759426,23.493816810047193
201011,1198.89,22.603333333333335,218.803,21.70072382776062,23.993185849903515
201012,1241.53,22.73,219.179,22.396379773044213,24.750553777970634
201101,1282.62,22.963333333333335,220.223,22.97829943055498,25.38055144371665
201102,1321.12,23.196666666666665,221.309,23.489828703298524,25.93189152357247
201103,1304.49,23.43,223.467,22.89933643014364,25.26799003610587
201104,1331.51,23.733333333333334,224.906,23.14392944728594,25.526061033561675
201105,1338.31,24.036666666666665,225.964,23.05949150609534,25.422751410495923
201106,1287.29,24.34,225.722,22.10083128661099,24.35922665770381
201107,1325.19,24.619999999999997,225.922,22.610981701156618,24.91508907841195
201108,1185.31,24.9,226.545,20.04985272166049,22.092618712120785
201109,1173.88,25.18,226.889,19.698114568877703,21.70640003107507
201110,1207.22,25.596666666666664,226.421,20.155824786688743,22.212668163493948
201111,1226.42,26.013333333333335,226.23,20.345246797645814,22.42388876999821
201112,1243.32,26.43,225.672,20.52357549943169,22.62360881526482
201201,1300.58,26.736666666666668,226.665,21.213008091803445,23.386046013731438
201202,1352.49,27.043333333333337,227.663,21.797435963717522,24.031932260644222
201203,1389.24,27.35,229.392,22.0539439729047,24.315942005487816
201204,1386.43,27.673333333333332,230.085,21.779246906824888,24.015130965765515
201205,1341.27,27.996666666666666,229.815,20.941467419743468,23.095237989596882
201206,1323.48,28.32,229.478,20.547504086856083,22.66553633791576
201207,1359.78,28.743333333333332,229.104,20.99934129338056,23.168289603671184
201208,1403.45,29.166666666666664,230.379,21.41042845344293,23.625464836831146
201209,1443.42,29.59,231.407,21.78369030172768,24.040589108752926
201210,1437.82,30.14333333333333,231.317,21.577109654528783,23.81681365936625
201211,1394.51,30.696666666666665,230.221,20.898162059573696,23.07393534239163
201212,1422.29,31.25,229.601,21.238261139845612,23.456313867189632
201301,1480.4,31.536666666666665,230.28,21.90047541382181,24.193771416596874
201302,1512.31,31.82333333333333,232.166,22.052724336861946,24.367396962422983
201303,1550.83,32.11,232.773,22.419207114602578,24.7772008053697
201304,1570.7,32.49666666666667,232.531,22.5956553961056,24.976932098870442
201305,1639.84,32.88333333333334,232.945,23.411841781842405,25.8819105047125
201306,1618.77,33.27,233.504,22.92533317391533,25.347211669351655
201307,1668.68,33.64666666666667,233.596,23.492460177159643,25.97601230661418
201308,1670.09,34.02333333333333,233.877,23.3566490949161,25.827397250944173
201309,1687.17,34.4,234.149,23.44228716796061,25.923107076121422
201310,1720.03,34.596666666666664,233.546,23.83473788763144,26.356918954589574
201311,1783.54,34.79333333333334,233.069,24.64207709241206,27.246316008132887
201312,1807.78,34.99,233.049,24.861869296461936,27.48375359866271
201401,1822.36,35.403333333333336,233.916,24.859609093632713,27.474102609349313
201402,1817.04,35.81666666666666,234.781,24.590930877894127,27.170675136889432
201403,1863.52,36.23,236.293,24.956039153965385,27.566812365082868
201404,1864.26,36.61333333333333,237.072,24.786315396962635,27.37261057111369
201405,1889.77,36.99666666666667,237.9,24.943274109902582,27.538632386895777
201406,1947.09,37.38,238.343,25.558007623511294,28.20860107272218
201407,1973.1,37.75,238.25,25.81754597615874,28.4856362371394
201408,1961.53,38.120000000000005,237.852,25.617606421799398,28.25605553351516
201409,1993.23,38.49,238.031,25.91843689260619,28.578155878854172
201410,1937.27,38.806666666666665,237.433,25.16274828308325,27.73694561828827
201411,2044.57,39.123333333333335,236.151,26.606817147143413,29.318654523381486
201412,2054.27,39.44,234.812,26.794085482572545,29.515332882231405
201501,2028.18,39.89666666666667,233.707,26.492295420383122,29.17467116535156
201502,2082.2,40.35333333333333,234.722,26.995513699383242,29.719916695619293
201503,2079.99,40.81,236.119,26.72860545292847,29.41836917180769
201504,2094.86,41.120000000000005,236.599,26.791371680192324,29.480373846198788
201505,2111.94,41.43,237.805,26.806111379650815,29.48989618635329
201506,2099.29,41.74,238.638,26.495895292784834,29.14293607917328
201507,2094.14,41.99666666666667,238.654,26.38113633639968,29.011703864238942
201508,2039.87,42.25333333333333,238.316,25.69365841705769,28.252525181771944
201509,1944.41,42.51,237.945,24.496752170486428,26.93610526853828
201510,2024.81,42.803333333333335,237.838,25.49144104606674,28.02809026145157
201511,2080.62,43.096666666666664,237.336,26.225851890971928,28.832783137035257
201512,2054.08,43.39,236.525,25.965424037124166,28.54437678360919
201601,1918.6,43.553333333333335,236.916,24.206167203878472,26.611684960823318
201602,1904.42,43.71666666666667,237.111,24.00260677728975,26.3895620404543
201603,2021.95,43.88,238.132,25.372298620187905,27.89395132228895
201604,2075.54,44.07333333333334,239.261,25.92233754367387,28.495838319794853
201605,2065.55,44.266666666666666,240.229,25.694709923449963,28.243292837964653
201606,2083.89,44.46,241.018,25.8403729276705,28.40074288458179
201607,2148.9,44.65,240.628,26.694003256096295,29.33464911597549
201608,2170.95,44.84,240.849,26.948872433723857,29.60932774413778
201609,2157.69,45.03,241.428,26.727873346478525,29.360965010602925
201610,2143.02,45.25333333333333,241.729,26.525143085070585,29.13246105158766
201611,2164.99,45.47666666666667,241.353,26.85095353105626,29.482997451792816
201612,2246.63,45.7,241.432,27.865098223923525,30.586141859448876
201701,2275.12,45.92666666666667,242.839,28.063573742124454,30.792138471115788
201702,2329.91,46.153333333333336,243.603,28.65510652518413,31.427485362109685
201703,2366.82,46.38,243.801,29.08692174246465,31.886026295005667
201704,2359.31,46.660000000000004,244.524,28.904245956275155,31.670821333081488
201705,2395.35,46.94,244.733,29.31334498027143,32.10312156891899
201706,2433.99,47.22,244.955,29.748503240632758,32.56258379440215
201707,2454.1,47.53666666666667,244.786,30.002220744018565,32.822440838488504
201708,2456.22,47.85333333333334,245.519,29.914959397497487,32.71012686224204
201709,2492.84,48.17,246.819,30.1681144106789,32.97028077070135
201710,2557.0,48.42333333333333,246.663,30.920393290333834,33.77535045295933
201711,2593.61,48.67666666666666,246.669,31.298913333880275,34.1729359722271
201712,2664.34,48.93,246.524,32.086132007706,35.01714110660578
201801,2789.8,49.28666666666666,247.867,33.30734382803066,36.33394041169584
201802,2705.16,49.64333333333333,248.991,32.03538233925029,34.9340847841563
201803,2702.77,50.0,249.554,31.808409057643114,34.67572864730247
201804,2653.63,50.33,250.546,30.970179293325224,33.75372125069345
201805,2701.49,50.66,251.588,31.2436150748646,34.04418706141888
201806,2754.35,50.99,251.989,31.6305564964546,34.45891963367427
201807,2793.64,51.44,252.006,31.88636696215898,34.73177757132531
201808,2857.82,51.89,252.146,32.39027688030112,35.274629408295596
201809,2901.5,52.34,252.439,32.6228911205002,35.522018512241374
201810,2785.46,52.81,252.885,31.037961078006507,33.79374384993606
201811,2723.23,53.28,252.038,30.195583406705246,32.88033394703197
201812,2567.31,53.75,251.233,28.29185701207287,30.818335095022295
201901,2607.39,54.14666666666667,251.712,28.380164463547587,30.929105694293305
201902,2754.86,54.54333333333334,252.776,29.541548965131216,32.20864001068948
201903,2803.98,54.94,254.202,29.576196014784834,32.26103863164942
201904,2903.8,55.319091580592705,255.548,30.133517171387528,32.8836903637197
201905,2854.71,55.69818316118541,256.092,29.242030936939862,31.926648340129915
201906,2890.17,56.07727474177812,256.143,29.28379627530628,31.987942034596223
201907,2996.1136363636365,56.45818316118542,256.571,29.986685335042534,32.770388154606195
201908,2897.498181818182,56.83909158059271,256.558,28.705397371833083,31.386112854170044
201909,2982.156,57.22,256.759,29.22952023303529,31.97413412047687
201910,2977.68,57.56,257.346,28.84112288195342,31.564281230570664
201911,3104.9044999999996,57.900000000000006,257.208,29.836867659083442,32.663322842581984
201912,3176.7495238095235,58.24,256.974,30.33182232224331,33.20928757730656
202001,3278.2028571428577,58.686867862126704,257.971,30.98522030023071,33.92315839928782
202002,3277.3142105263164,59.13373572425341,258.678,30.729689264735768,33.64365273159246
202003,2652.3936363636367,59.58060358638012,258.115,24.817168629099438,27.18163367791651
202004,2761.975238095238,59.61373572425342,256.389,25.927358825280177,28.407962507549218
202005,2919.615,59.64686786212671,256.394,27.32848099769847,29.951773296263553
202006,3104.6609090909087,59.68,257.797,28.83831595512285,31.613284503327357
202007,3207.6190909090906,59.403333333333336,259.101,29.599194927667014,32.453341337253285
202008,3391.71,59.126666666666665,259.918,31.15820896535523,34.165665199989725
202009,3365.5166666666664,58.85,260.28,30.839426043811265,33.819004850298626
202010,3418.701363636364,58.659615378670054,260.388,31.283694032592855,34.30790857534534
202011,3548.992500000001,58.469230757340114,260.229,32.47320409661257,35.61203130196849
202012,3695.3099999999995,58.27884613601017,260.474,33.765591418117104,37.0265964006042
202101,3793.748421052632,58.06369311230766,261.582,34.512432294106915,37.84118046785661
202102,3883.4321052631576,57.84854008860516,263.014,35.10390717196984,38.480638192752046
202103,3910.5082608695648,57.63338706490265,264.877,35.04254511219209,38.400680076306436
202104,4141.176190476191,57.71060542140715,267.054,36.71981410913301,40.21974943627472
202105,4167.849500000001,57.787823777911655,269.195,36.55213398979907,40.014691437684405
202106,4238.489545454546,57.86504213441615,271.696,36.696258013088375,40.14804952173043
202107,4363.7128571428575,58.32818900579217,273.003,37.443383184615385,40.93735604211508
202108,4454.206363636363,58.79133587716819,273.567,37.97350061407048,41.48683671871962
202109,4445.543333333333,59.254482748544206,274.31,37.6203466866512,41.07067653074047
202110,4460.707142857143,59.63536092649366,276.589,37.25302500032531,40.63888788640217
202111,4667.386666666667,60.01623910444312,277.948,38.5826274977192,42.05485761785895
202112,4674.772727272726,60.397117282392585,278.802,38.30484987346744,41.71726581955464
202201,4573.8155,60.921402962953294,281.148,36.936758070297444,40.19425483317651
202202,4435.980526315789,61.44568864351402,283.716,35.28714922569486,38.37049500911219
202203,4391.265217391306,61.969974324074734,287.504,34.270798693291724,37.23941174160219
202204,4391.295999999999,62.65331621604982,289.109,33.88916475591384,36.80085234837286
202205,4040.3599999999997,63.336658108024906,292.296,30.67315507954513,33.292110895037794
202206,3898.9466666666676,64.02,296.311,29.04772139510384,31.515503555204635
202207,3911.729499999999,64.4527684478357,296.276,29.004618317208934,31.45772714906695
202208,4158.5630434782615,64.8855368956714,296.171,30.698763365175296,33.28189040223445
202209,3850.520476190475,65.31830534350709,296.808,28.229884655821973,30.597432345703776
202210,3726.050952380952,65.85220356233806,298.012,27.0807669254007,29.34699833609664
202211,3917.488571428571,66.38610178116903,297.711,28.378949016273317,30.747932135302158
202212,3912.380952380953,66.92,296.797,28.316901284527294,30.676157998177374
202301,3960.6565,67.35,299.17,28.334813423755698,30.691634492755618
202302,4079.684736842105,67.78,300.84,28.91976294386663,31.320528304023142
202303,3968.5591304347827,68.21,301.836,27.93813125399789,30.254655354508113
202304,4121.467368421053,68.37666666666667,303.363,28.764841267615374,31.14569691360014
202305,4146.1731818181825,68.54333333333332,304.127,28.762051343131226,31.138125637345347
202306,4345.372857142857,68.71,305.109,29.940031645987492,32.40654336099091
202307,4508.075500000001,68.91104536354072,305.691,30.891659813659924,33.42787552695763
202308,4457.358695652174,69.11209072708144,307.026,30.304748245365204,32.78476908983151
202309,4409.094999999999,69.31313609062215,307.789,29.799681861350237,32.231075598026564
202310,4269.4009090909085,69.64332137499402,307.671,28.76905495498398,31.110796090030497
202311,4460.063333333332,69.97350665936588,307.051,30.01322481738148,32.44808051000208
202312,4685.0515000000005,70.30369194373775,306.746,31.452310923844568,33.99271328886764
202401,4815.6139130434785,70.47740320664859,308.417,32.04512301259602,34.62030547506772
202402,5011.9615,70.65111446955943,310.326,33.03719268559904,35.677606889805936
202403,5170.572499999999,70.82482573247027,312.332,33.754920176406,36.43733984116315
202404,5112.492727272728,71.20848368988366,313.548,33.141593030769805,35.761600875700196
202405,5235.225454545454,71.59214164729707,314.069,33.77363454011196,36.428996869506605
202406,5415.140526315788,71.97579960471046,314.175,34.81054878004298,37.5312211182834
202407,5538.004545454546,72.45053306980697,314.54,35.44355307890724,38.19649689891519
202408,5478.214545454546,72.92526653490349,314.796,34.91963134861477,37.61564619491892
202409,5621.2604999999985,73.4,315.301,35.66018363515212,38.39592678594198
202410,5792.31956521739,73.87741819658692,315.664,36.587210527930154,39.375226098070705
202411,5929.916,74.35483639317383,315.493,37.350195655078785,40.17663215195987
202412,6010.908571428571,74.83225458976072,315.605,37.71119169643463,40.54484473939825
202501,5979.5155,75.2699367248546,317.671,37.1292198521989,39.89996941138798
202502,6038.69,75.70761885994848,319.082,37.187175593696885,39.943400167691706
202503,5683.983333333333,76.14530099504236,319.799,34.78475033985074,37.34861540745659
202504,5369.495714285715,76.54686733002825,320.795,32.621270341113515,35.015341345574356
202505,5810.919523809524,76.94843366501412,321.465,35.07669704372761,37.63733627717605
202506,6029.951499999999,77.35,322.561,36.1110921336969,38.73262487946787
202507,6296.498181818183,77.72666666666666,323.048,37.47424619164657,40.17875583665274
202508,6408.949523809522,78.10333333333332,323.976,37.846145044881766,40.56117201225975
202509,6584.018095238095,78.48,324.8,38.580387325388436,41.33093349662647
202510,6735.691739130435,78.82666666666667,325.21200000000005,39.20569217112649,41.98307362310307
202511,6740.885789473684,79.17333333333333,324.122,39.14956659041541,41.906172334232934
202512,6853.025454545453,79.52,324.054,39.581640993242566,42.35175733008356
202601,6929.122,79.80176666666667,325.252,39.64081842859692,42.39849554687711
202602,6893.806315789475,80.08353333333334,326.785,39.01399720511148,41.71196268405547
202603,6654.419090909089,80.3653,330.213,37.03161144602039,39.57863778007194
202604,6957.0076190476175,80.81126666666667,333.02,38.138278103575864,40.74576835905271
202605,7412.5515,81.25723333333333,335.123,40.101359313729596,42.82385053915851
202606,7450.032857142856,81.7032,333.952,40.150169734732664,42.85634258608178
202607,7481.33909090909,81.7032,333.918,40.00863615205683,42.64601134599883
202608,7711.323333333334,81.7032,333.901,41.11984417915712,43.80819663145971
202609,7631.47,81.7032,333.8925,40.575838200376445,43.206635485233484
