t,c,l,s200,w200,cape,trcape,cpi,div,tr_nom,tr_real,price_real
1927-12-30,17.66,17.66,,,18.8602,24.3752,17.3,0.77,1,19.3001,340.841
1928-01-03,17.66,17.55,,,18.9456,24.4,17.3,0.7767,1.00085,19.3165,340.841
1928-01-09,17.58,17.35,,,18.8598,24.2895,17.3,0.7767,0.997158,19.2453,339.297
1928-01-16,17.48,17.26,,,18.7525,24.1513,17.3,0.7767,0.992334,19.1522,337.367
1928-01-23,17.69,17.52,,,18.9778,24.4415,17.3,0.7767,1.0051,19.3986,341.42
1928-01-30,17.4,17.4,,,18.6667,24.0408,17.3,0.7767,0.989475,19.097,335.823
1928-02-06,17.54,17.44,,,19.1085,24.5291,17.1,0.7833,0.998293,19.4925,342.484
1928-02-14,17.04,17.04,,,18.5638,23.8299,17.1,0.7833,0.970692,18.9536,332.721
1928-02-20,17.18,16.95,,,18.7163,24.0256,17.1,0.7833,0.979526,19.1261,335.455
1928-02-27,17.3,17.11,,,18.8471,24.1935,17.1,0.7833,0.987226,19.2765,337.798
1928-03-05,17.93,17.57,,,19.5937,25.0664,17.1,0.79,1.02404,19.9954,350.099
1928-03-12,18.26,17.92,,,19.9543,25.5277,17.1,0.79,1.04376,20.3803,356.543
1928-03-19,18.78,18.36,,,20.5226,26.2547,17.1,0.79,1.07435,20.9777,366.696
1928-03-26,19.28,18.89,,,21.069,26.9537,17.1,0.79,1.10382,21.5531,376.459
1928-04-02,19.23,18.91,,,21.0716,26.8612,17.1,0.7967,1.10184,21.5144,375.483
1928-04-09,19.73,19.1,,,21.6195,27.5596,17.1,0.7967,1.13137,22.0909,385.246
1928-04-16,19.34,19.34,,,21.1922,27.0148,17.1,0.7967,1.10988,21.6714,377.63
1928-04-23,19.68,19.15,,,21.5647,27.4898,17.1,0.7967,1.13027,22.0695,384.269
1928-04-30,20.24,19.75,,,22.1784,28.272,17.1,0.7967,1.16331,22.7147,395.204
1928-05-07,20.36,20.21,,,22.2257,28.2328,17.2,0.8033,1.1711,22.7338,395.236
1928-05-14,19.92,19.92,,,21.7454,27.6227,17.2,0.8033,1.14668,22.2597,386.694
1928-05-21,19.9,19.36,,,21.7236,27.5949,17.2,0.8033,1.14642,22.2546,386.306
1928-05-28,20.07,19.57,,,21.9091,27.8307,17.2,0.8033,1.1571,22.462,389.606
1928-06-04,19.37,19.37,,,21.2983,26.9694,17.1,0.81,1.11764,21.8229,378.216
1928-06-11,18.74,18.34,,,20.6055,26.0922,17.1,0.81,1.08219,21.1307,365.915
1928-06-18,18.54,18.34,,,20.3856,25.8137,17.1,0.81,1.07154,20.9227,362.01
1928-06-25,19.14,18.47,,,21.0454,26.6491,17.1,0.81,1.10712,21.6174,373.725
1928-07-02,19.39,18.98,,,21.335,26.9333,17.1,0.8167,1.12249,21.9175,378.607
1928-07-09,18.96,18.81,,,20.8618,26.336,17.1,0.8167,1.0985,21.4492,370.211
1928-07-16,19.03,18.7,,,20.9389,26.4333,17.1,0.8167,1.10347,21.5462,371.577
1928-07-23,19.42,19.09,,,21.368,26.975,17.1,0.8167,1.12699,22.0055,379.193
1928-07-30,19.36,19.33,,,21.302,26.8917,17.1,0.8167,1.12442,21.9553,378.021
1928-08-06,19.25,19.25,,,21.179,26.6568,17.1,0.8233,1.11895,21.8486,375.873
1928-08-13,19.64,19.13,,,21.6081,27.1968,17.1,0.8233,1.14254,22.3092,383.488
1928-08-20,20.34,19.77,,,22.3782,28.1662,17.1,0.8233,1.18419,23.1223,397.156
1928-08-27,20.87,20.38,,,22.9614,28.9001,17.1,0.8233,1.21597,23.7428,407.505
1928-09-04,21.09,20.94,,,22.9177,28.7574,17.3,0.83,1.22971,23.7336,407.04
1928-09-10,21.14,20.92,,,22.972,28.8256,17.3,0.83,1.23356,23.8079,408.005
1928-09-17,21.36,21.18,,,23.2111,29.1256,17.3,0.83,1.24733,24.0736,412.251
1928-09-24,21.14,21.13,,,22.972,28.8256,17.3,0.83,1.23541,23.8437,408.005
1928-10-01,21.22,21.19,,,23.1635,28.9812,17.2,0.8367,1.24103,24.0913,411.93
1928-10-08,21.51,21.11,,,23.4801,29.3773,17.2,0.8367,1.25893,24.4388,417.56
1928-10-15,21.96,21.65,19.246,,23.9713,29.9919,17.2,0.8367,1.28621,24.9683,426.295
1928-10-22,21.65,21.65,19.3554,,23.6329,29.5685,17.2,0.8367,1.26899,24.6342,420.277
1928-10-29,21.95,21.68,19.4678,,23.9604,29.9782,17.2,0.8367,1.28752,24.9938,426.101
1928-11-05,22.55,22.24,19.5639,,24.5664,30.645,17.2,0.8433,1.32367,25.6955,437.749
1928-11-12,23.37,22.84,19.6997,,25.4597,31.7594,17.2,0.8433,1.37275,26.6484,453.667
1928-11-19,23.7,23.22,19.8493,,25.8192,32.2078,17.2,0.8433,1.39309,27.0431,460.073
1928-11-26,24.28,23.8,19.9801,,26.4511,32.996,17.2,0.8433,1.42814,27.7235,471.332
1928-12-03,22.36,22.36,20.1351,,24.4382,30.3988,17.1,0.85,1.31616,25.6992,436.599
1928-12-10,22.53,22.31,20.2688,,24.624,30.6299,17.1,0.85,1.32713,25.9134,439.918
1928-12-17,23.33,22.44,20.4043,,25.4983,31.7175,17.1,0.85,1.37522,26.8524,455.539
1928-12-24,23.98,23.44,20.5198,,26.2087,32.6012,17.1,0.85,1.4145,27.6193,468.231
1928-12-31,24.85,24.35,20.6511,,27.1596,33.784,17.1,0.85,1.46678,28.6402,485.218
1929-01-07,24.54,24.17,20.7938,,26.7346,33.1586,17.1,0.86,1.44946,28.302,479.165
1929-01-14,24.77,24.23,20.9331,,26.9852,33.4693,17.1,0.86,1.46402,28.5863,483.656
1929-01-21,25.48,24.86,21.0835,,27.7586,34.4287,17.1,0.86,1.50696,29.4248,497.519
1929-01-28,25.84,25.35,21.2333,,28.1508,34.9151,17.1,0.86,1.52923,29.8596,504.549
1929-02-04,24.44,24.44,21.3788,,26.5345,32.8165,17.1,0.87,1.44737,28.2612,477.212
1929-02-11,24.35,24.35,21.4833,,26.4368,32.6957,17.1,0.87,1.44303,28.1764,475.455
1929-02-18,24.86,24.38,21.5755,,26.9905,33.3805,17.1,0.87,1.47425,28.7859,485.413
1929-02-25,25.83,24.91,21.7007,,28.0437,34.6829,17.1,0.87,1.53276,29.9285,504.353
1929-03-04,25.31,24.92,21.827,,27.5452,33.9682,17,0.88,1.50291,29.5182,497.107
1929-03-11,26.08,24.95,21.9693,,28.3832,35.0016,17,0.88,1.54963,30.436,512.23
1929-03-18,25.55,25.55,22.1207,,27.8063,34.2903,17,0.88,1.51915,29.8372,501.821
1929-03-25,25.53,24.35,22.2257,,27.7846,34.2635,17,0.88,1.51897,29.8336,501.428
1929-04-01,25.05,24.86,22.3835,,27.3176,33.5941,16.9,0.89,1.49143,29.466,494.912
1929-04-08,25.15,24.63,22.5437,,27.4267,33.7282,16.9,0.89,1.4984,29.6038,496.887
1929-04-15,25.41,25,22.7037,,27.7102,34.0769,16.9,0.89,1.51491,29.93,502.024
1929-04-22,25.58,25.58,22.8632,,27.8956,34.3049,16.9,0.89,1.52606,30.1504,505.383
1929-04-29,26.37,25.53,23.0387,,28.7571,35.3643,16.9,0.89,1.57421,31.1017,520.991
1929-05-06,26.34,26.02,23.2185,,28.4326,34.8703,17,0.9,1.57346,30.9039,517.337
1929-05-13,26.09,25.64,23.3838,,28.1627,34.5393,17,0.9,1.55956,30.6308,512.427
1929-05-20,25.12,24.76,23.5296,,27.1157,33.2552,17,0.9,1.50261,29.5123,493.375
1929-05-27,24.83,24.2,23.6344,,26.8026,32.8713,17,0.9,1.4863,29.192,487.679
1929-06-03,25.53,25.27,23.787,,27.2731,33.3596,17.1,0.91,1.52925,29.8599,498.496
1929-06-10,25.93,25.27,23.9259,,27.7004,33.8823,17.1,0.91,1.55425,30.3482,506.306
1929-06-17,26.62,26.32,24.0722,,28.4376,34.7839,17.1,0.91,1.59666,31.1762,519.779
1929-06-24,27.41,26.62,24.2227,,29.2815,35.8162,17.1,0.91,1.6451,32.1219,535.204
1929-07-01,28.32,27.77,24.3618,,29.7651,36.3058,17.3,0.92,1.70077,32.8252,546.58
1929-07-08,28.57,28.2,24.5388,,30.0279,36.6263,17.3,0.92,1.71685,33.1355,551.405
1929-07-15,28.76,28.45,24.7225,,30.2276,36.8699,17.3,0.92,1.72933,33.3763,555.072
1929-07-22,28.66,28.43,24.9077,,30.1225,36.7417,17.3,0.92,1.72438,33.2808,553.142
1929-07-29,29.56,28.18,25.0944,,31.0684,37.8955,17.3,0.92,1.7796,34.3465,570.512
1929-08-05,28.38,28.38,25.2785,,29.6814,36.1036,17.3,0.93,1.70963,32.9962,547.738
1929-08-12,30.22,29.27,25.4726,,31.6058,38.4444,17.3,0.93,1.82155,35.1563,583.25
1929-08-19,31.09,30.5,25.6925,,32.5157,39.5511,17.3,0.93,1.87507,36.1892,600.041
1929-08-26,31.71,30.99,25.9084,,33.1641,40.3399,17.3,0.93,1.91354,36.9317,612.008
1929-09-03,31.83,31.02,26.077,,33.1152,40.1696,17.3,0.94,1.92188,37.0925,614.324
1929-09-09,31.38,31.1,26.2722,,32.647,39.6016,17.3,0.94,1.8958,36.5892,605.639
1929-09-16,31.39,31.39,26.4628,,32.6574,39.6143,17.3,0.94,1.89749,36.6219,605.832
1929-09-23,30.27,30.27,26.6643,,31.4922,38.2008,17.3,0.94,1.83088,35.3363,584.215
1929-09-30,28.65,28.65,26.8406,,29.8068,36.1564,17.3,0.94,1.73399,33.4663,552.949
1929-10-07,30.76,30.27,27.0219,,31.8272,38.5159,17.3,0.95,1.8628,35.9523,593.672
1929-10-14,28.84,28.84,27.1568,,29.8406,36.1118,17.3,0.95,1.74763,33.7296,556.616
1929-10-21,26.12,25.75,27.2172,,27.0262,32.706,17.3,0.95,1.58392,30.5698,504.12
1929-10-28,24.15,20.43,27.1792,,24.9878,30.2392,17.3,0.95,1.46556,28.2856,466.098
1929-11-04,21.18,20.61,27.1124,,21.7883,26.3348,17.3,0.96,1.28645,24.8286,408.777
1929-11-11,20.3,17.66,26.959,,20.883,25.2406,17.3,0.96,1.23412,23.8186,391.793
1929-11-18,21.53,20.09,26.8432,,22.1483,26.77,17.3,0.96,1.31002,25.2835,415.532
1929-11-25,20.92,20.66,26.7843,,21.5208,26.0115,17.3,0.96,1.27402,24.5888,403.759
1929-12-02,22.45,20.95,26.7115,,23.0872,27.8695,17.2,0.97,1.36834,26.5626,435.807
1929-12-09,21.7,21.17,26.6442,,22.3159,26.9384,17.2,0.97,1.32376,25.6973,421.248
1929-12-16,20.16,20.16,26.5334,,20.7322,25.0267,17.2,0.97,1.23095,23.8957,391.353
1929-12-23,20.82,20.26,26.4433,,21.4109,25.846,17.2,0.97,1.27239,24.7001,404.165
1929-12-30,21.23,20.89,26.3569,,21.8325,26.355,17.2,0.97,1.29859,25.2087,412.124
1930-01-06,21.55,21.29,26.2456,,22.1463,26.7002,17.1,0.9708,1.3193,25.7606,420.783
1930-01-13,21.31,21.31,26.1615,,21.8997,26.4029,17.1,0.9708,1.30575,25.496,416.096
1930-01-20,22.04,21.5,26.0785,,22.6499,27.3073,17.1,0.9708,1.35163,26.3917,430.35
1930-01-27,22.79,22.1,26.015,,23.4206,28.2366,17.1,0.9708,1.39877,27.3122,444.995
1930-02-03,22.97,22.74,25.9559,,23.5944,28.4099,17,0.9717,1.41096,27.7123,451.148
1930-02-10,23.35,23.12,25.9076,,23.9847,28.8799,17,0.9717,1.43545,28.1933,458.611
1930-02-17,22.92,22.64,25.8337,,23.543,28.3481,17,0.9717,1.41017,27.6967,450.166
1930-02-24,23.28,22.68,25.7543,,23.9128,28.7933,17,0.9717,1.43347,28.1543,457.236
1930-03-03,23.59,23.36,25.694,,24.2272,29.1361,16.9,0.9725,1.45371,28.7208,466.067
1930-03-10,23.45,23.45,25.6521,,24.0834,28.9632,16.9,0.9725,1.44623,28.5731,463.301
1930-03-17,24.29,23.67,25.6347,,24.9461,30.0007,16.9,0.9725,1.49919,29.6194,479.896
1930-03-24,24.85,24.25,25.6092,,25.5212,30.6924,16.9,0.9725,1.53491,30.3251,490.96
1930-03-31,25.54,24.15,25.5906,,26.2298,31.5446,16.9,0.9725,1.57868,31.1899,504.593
1930-04-07,25.84,25.46,25.5718,,26.2292,31.5042,17,0.9733,1.59838,31.3934,507.517
1930-04-14,25.75,25.56,25.5433,,26.1378,31.3945,17,0.9733,1.59397,31.3068,505.749
1930-04-21,25.32,25.29,25.4748,,25.7013,30.8702,17,0.9733,1.56851,30.8068,497.303
1930-04-28,23.57,23.57,25.3773,,23.925,28.7366,17,0.9733,1.46126,28.7003,462.932
1930-05-05,23.69,22.98,25.2469,,24.0559,28.8701,16.9,0.9742,1.46987,29.0401,468.042
1930-05-12,24.28,24.09,25.1392,,24.655,29.5891,16.9,0.9742,1.50764,29.7863,479.699
1930-05-19,24.03,23.74,25.0072,,24.4012,29.2845,16.9,0.9742,1.49328,29.5026,474.76
1930-05-26,24.49,24.23,24.9119,,24.8683,29.8451,16.9,0.9742,1.52302,30.0903,483.848
1930-06-02,23.52,23.52,24.7718,,23.8991,28.6741,16.8,0.975,1.46387,29.0937,467.45
1930-06-09,22.26,22.13,24.5637,,22.6188,27.138,16.8,0.975,1.38661,27.5583,442.408
1930-06-16,20.25,19.86,24.2933,,20.5764,24.6875,16.8,0.975,1.26257,25.0931,402.46
1930-06-23,19.81,19.39,23.9972,,20.1293,24.1511,16.8,0.975,1.23631,24.5711,393.715
1930-06-30,20.25,20.24,23.7783,,20.5764,24.6875,16.8,0.975,1.26494,25.1401,402.46
1930-07-07,20.55,19.83,23.4939,,21.027,25.2271,16.6,0.9758,1.28485,25.8435,413.343
1930-07-14,21.77,21.32,23.2593,,22.2753,26.7248,16.6,0.9758,1.3623,27.4014,437.882
1930-07-21,21.5,20.94,23.0536,,21.999,26.3934,16.6,0.9758,1.34658,27.0851,432.451
1930-07-28,21.11,21.08,22.8249,,21.6,25.9146,16.6,0.9758,1.32333,26.6175,424.607
1930-08-04,20.27,20.27,22.6095,,20.7678,24.9192,16.5,0.9767,1.27185,25.737,410.182
1930-08-11,20.7,19.88,22.4436,,21.2084,25.4478,16.5,0.9767,1.30001,26.3069,418.883
1930-08-18,20.79,20.54,22.3955,,21.3006,25.5585,16.5,0.9767,1.30684,26.4451,420.705
1930-08-25,21.37,20.68,22.4132,,21.8948,26.2715,16.5,0.9767,1.34448,27.2068,432.441
1930-09-02,21.34,21.02,22.4513,,21.6405,25.9716,16.6,0.9775,1.34378,27.0287,429.233
1930-09-08,21.5,21.5,22.4617,,21.8027,26.1663,16.6,0.9775,1.35503,27.2552,432.451
1930-09-15,20.68,20.68,22.4578,,20.9712,25.1683,16.6,0.9775,1.30454,26.2395,415.958
1930-09-22,19.43,19.43,22.3988,,19.7036,23.6471,16.6,0.9775,1.22687,24.6773,390.815
1930-09-29,19.42,18.59,22.3404,,19.6934,23.6349,16.6,0.9775,1.22743,24.6885,390.614
1930-10-06,18.11,17.67,22.2849,,18.408,22.1131,16.5,0.9783,1.14582,23.1867,366.472
1930-10-14,17.16,17.16,22.219,,17.4424,20.9531,16.5,0.9783,1.0869,21.9945,347.248
1930-10-20,17.74,16.9,22.1162,,18.0319,21.6613,16.5,0.9783,1.12483,22.762,358.985
1930-10-27,16.94,16.94,22.0147,,17.2187,20.6845,16.5,0.9783,1.0753,21.7596,342.796
1930-11-03,16.09,16.09,21.9169,,16.3995,19.7281,16.4,0.9792,1.02254,20.8182,327.581
1930-11-10,16.89,15.54,21.7688,,17.2149,20.709,16.4,0.9792,1.07458,21.8776,343.869
1930-11-17,17.2,16.48,21.6186,,17.5309,21.0891,16.4,0.9792,1.0955,22.3036,350.18
1930-11-24,16.38,16.38,21.4907,,16.6951,20.0837,16.4,0.9792,1.04447,21.2647,333.485
1930-12-01,16.43,16.42,21.3255,,17.0073,20.4974,16.1,0.98,1.04886,21.7519,340.736
1930-12-08,15.43,15.43,21.1476,,15.9722,19.2498,16.1,0.98,0.986225,20.453,319.998
1930-12-15,15.39,14.44,20.94,,15.9308,19.1999,16.1,0.98,0.984872,20.4249,319.168
1930-12-22,14.85,14.85,20.7664,,15.3718,18.5262,16.1,0.98,0.951522,19.7333,307.969
1930-12-29,15.85,14.72,20.6003,,16.4069,19.7738,16.1,0.98,1.0168,21.0872,328.708
1931-01-05,16.07,15.09,20.3944,,16.7996,20.2811,15.9,0.9667,1.03211,21.6738,337.462
1931-01-12,15.65,15.46,20.1743,,16.3605,19.7511,15.9,0.9667,1.00633,21.1324,328.643
1931-01-19,16.42,15.46,19.938,,17.1655,20.7228,15.9,0.9667,1.05704,22.1973,344.812
1931-01-26,16.19,16.02,19.6994,,16.925,20.4326,15.9,0.9667,1.04343,21.9115,339.982
1931-02-02,16.27,16.16,19.4663,,17.1795,20.7679,15.7,0.9533,1.04977,22.3254,346.015
1931-02-09,17.18,16.96,19.3046,,18.1404,21.9295,15.7,0.9533,1.10966,23.5993,365.368
1931-02-16,17.71,17.05,19.1359,,18.7,22.606,15.7,0.9533,1.14508,24.3525,376.639
1931-02-24,18.03,17.97,19.0268,,19.0379,23.0145,15.7,0.9533,1.16696,24.8177,383.445
1931-03-02,17.32,17.32,18.856,,18.357,22.2198,15.6,0.94,1.12217,24.0183,370.706
1931-03-09,17.32,17.32,18.6987,,18.357,22.2198,15.6,0.94,1.12334,24.0433,370.706
1931-03-16,18.06,17.58,18.5362,,19.1413,23.1692,15.6,0.94,1.17251,25.0957,386.545
1931-03-23,17.21,17.21,18.3856,,18.2404,22.0787,15.6,0.94,1.1185,23.9397,368.352
1931-03-30,16.45,16.45,18.2692,,17.4349,21.1037,15.6,0.94,1.07028,22.9076,352.085
1931-04-06,16.46,16.28,18.1698,,17.5106,21.2338,15.5,0.9267,1.07209,23.0944,354.572
1931-04-13,15.73,15.73,18.0812,,16.734,20.2921,15.5,0.9267,1.02571,22.0952,338.847
1931-04-20,15.29,15.22,17.9615,,16.2659,19.7245,15.5,0.9267,0.998176,21.5022,329.369
1931-04-27,14.65,14.37,17.8147,,15.5851,18.8989,15.5,0.9267,0.957559,20.6272,315.582
1931-05-04,15.44,14.94,17.6562,,16.5945,20.1708,15.3,0.9133,1.01034,22.0488,336.948
1931-05-11,14.44,14.44,17.4894,,15.5198,18.8644,15.3,0.9133,0.946056,20.6458,315.125
1931-05-18,13.94,13.75,17.3028,,14.9824,18.2112,15.3,0.9133,0.914448,19.956,304.213
1931-05-25,13.02,13.02,17.1127,,13.9936,17.0093,15.3,0.9133,0.855249,18.6641,284.136
1931-06-01,13.4,12.2,16.9289,,14.5521,17.7336,15.1,0.9,0.881347,19.4884,296.302
1931-06-08,13.75,13.34,16.7508,,14.9322,18.1968,15.1,0.9,0.905506,20.0226,304.041
1931-06-15,13.22,13.22,16.5572,,14.3566,17.4954,15.1,0.9,0.871743,19.276,292.322
1931-06-22,15.35,14.41,16.3949,,16.6697,20.3142,15.1,0.9,1.01334,22.407,339.421
1931-06-29,15.26,14.83,16.2334,,16.572,20.1951,15.1,0.9,1.00854,22.3009,337.43
1931-07-06,14.63,14.37,16.0807,,15.8416,19.3521,15.1,0.8867,0.96803,21.4052,323.5
1931-07-13,14.27,13.8,15.9496,,15.4518,18.8759,15.1,0.8867,0.945338,20.9034,315.539
1931-07-20,13.97,13.97,15.8314,,15.1269,18.479,15.1,0.8867,0.926594,20.4889,308.906
1931-07-27,13.73,13.73,15.7274,,14.8671,18.1616,15.1,0.8867,0.911806,20.1619,303.599
1931-08-03,13.61,13.55,15.6374,,14.6932,17.997,15.1,0.8733,0.904952,20.0104,300.945
1931-08-10,14.29,13.55,15.5453,,15.4273,18.8962,15.1,0.8733,0.951283,21.0349,315.982
1931-08-17,13.86,13.86,15.4735,,14.9631,18.3276,15.1,0.8733,0.923776,20.4266,306.474
1931-08-24,13.99,13.7,15.419,,15.1034,18.4995,15.1,0.8733,0.93356,20.643,309.348
1931-08-31,13.29,13.29,15.3395,,14.3477,17.5739,15.1,0.8733,0.887969,19.6349,293.87
1931-09-08,12.69,12.62,15.2557,,13.7496,16.9024,15,0.86,0.848985,18.898,282.473
1931-09-14,11.46,11.46,15.1366,,12.4169,15.2641,15,0.86,0.767803,17.0909,255.094
1931-09-21,10.92,10.68,15.0125,,11.8318,14.5448,15,0.86,0.732731,16.3102,243.074
1931-09-28,9.7,9.53,14.8843,,10.5099,12.9198,15,0.86,0.651979,14.5127,215.917
1931-10-05,10.55,8.82,14.7565,,11.4721,14.1672,14.9,0.8467,0.710206,15.9149,236.414
1931-10-13,10.36,9.87,14.6536,,11.2655,13.9121,14.9,0.8467,0.698511,15.6529,232.156
1931-10-19,10.84,10.49,14.5246,20.7105,11.7875,14.5566,14.9,0.8467,0.731973,16.4027,242.912
1931-10-26,10.43,10.07,14.3907,20.6744,11.3417,14.0061,14.9,0.8467,0.705387,15.8069,233.725
1931-11-02,11.11,10.5,14.2913,20.6416,12.2067,15.142,14.7,0.8333,0.75246,17.0912,252.35
1931-11-09,10.72,10.72,14.1632,20.6073,11.7782,14.6104,14.7,0.8333,0.727131,16.5159,243.492
1931-11-16,9.85,9.85,14.0137,20.5692,10.8223,13.4247,14.7,0.8333,0.669206,15.2002,223.731
1931-11-23,9.31,9.31,13.8671,20.5273,10.229,12.6887,14.7,0.8333,0.633608,14.3916,211.465
1931-11-30,9.02,9.02,13.667,20.4854,9.91037,12.2935,14.7,0.8333,0.614962,13.9681,204.878
1931-12-07,8.31,8.31,13.4366,20.4392,9.16269,11.4343,14.6,0.82,0.567631,12.9813,190.044
1931-12-14,8.36,7.72,13.2005,20.3958,9.21782,11.5031,14.6,0.82,0.572123,13.0841,191.188
1931-12-21,7.96,7.95,13.0102,20.3497,8.77678,10.9527,14.6,0.82,0.545828,12.4827,182.04
1931-12-28,8.12,7.76,12.8175,20.3038,8.9532,11.1729,14.6,0.82,0.557881,12.7584,185.699
1932-01-04,8.57,7.55,12.57,20.257,9.61534,12.071,14.3,0.7933,0.589846,13.7724,200.102
1932-01-11,8.92,8.39,12.3643,20.2103,10.008,12.564,14.3,0.7933,0.614986,14.3594,208.274
1932-01-18,8.21,8.21,12.1656,20.1575,9.21143,11.564,14.3,0.7933,0.567087,13.241,191.696
1932-01-25,7.94,7.94,11.9595,20.1008,8.90849,11.1837,14.3,0.7933,0.549491,12.8301,185.392
1932-02-01,7.78,7.78,11.7718,20.0435,8.82641,11.1436,14.1,0.7667,0.539438,12.7741,184.233
1932-02-08,8.12,7.5,11.6302,19.9855,9.21214,11.6306,14.1,0.7667,0.564035,13.3565,192.284
1932-02-15,8.72,8.48,11.4727,19.9324,9.89284,12.49,14.1,0.7667,0.606737,14.3677,206.492
1932-02-23,8.34,8.22,11.3363,19.8757,9.46173,11.9457,14.1,0.7667,0.581322,13.7659,197.494
1932-02-29,8.72,8.29,11.1914,19.8181,9.89284,12.49,14.1,0.7667,0.608837,14.4175,206.492
1932-03-07,8.52,8.52,11.0688,19.7589,9.70936,12.3235,14,0.74,0.595867,14.2111,203.197
1932-03-14,8.02,8.02,10.953,19.6994,9.13956,11.6003,14,0.74,0.561893,13.4008,191.273
1932-03-21,7.86,7.86,10.8444,19.6392,8.95723,11.3689,14,0.74,0.55168,13.1573,187.457
1932-03-28,7.18,7.18,10.6906,19.5747,8.1823,10.3853,14,0.74,0.504951,12.0428,171.239
1932-04-04,6.26,6.26,10.5145,19.5092,7.16933,9.16547,13.9,0.7133,0.441215,10.5984,150.372
1932-04-11,6.42,5.98,10.2937,19.4476,7.35257,9.39973,13.9,0.7133,0.453458,10.8925,154.215
1932-04-18,5.96,5.96,10.0696,19.3847,6.82575,8.72623,13.9,0.7133,0.421936,10.1354,143.165
1932-04-25,5.83,5.83,9.85985,19.3181,6.67687,8.53589,13.9,0.7133,0.413704,9.93761,140.043
1932-05-02,6.09,5.66,9.6506,19.2516,7.06358,9.1033,13.7,0.6867,0.433091,10.5552,148.424
1932-05-09,5.6,5.6,9.44155,19.1848,6.49525,8.37085,13.7,0.6867,0.399184,9.7288,136.482
1932-05-16,5.48,5.45,9.2327,19.1171,6.35606,8.19147,13.7,0.6867,0.391571,9.54327,133.557
1932-05-23,4.83,4.83,9.0198,19.0441,5.60215,7.21986,13.7,0.6867,0.346069,8.43431,117.715
1932-05-31,4.89,4.4,8.8313,18.9718,5.67174,7.30955,13.7,0.6867,0.351315,8.56214,119.178
1932-06-06,4.92,4.57,8.5996,18.9001,5.74006,7.46523,13.6,0.66,0.354382,8.7004,120.791
1932-06-13,4.83,4.82,8.37765,18.8261,5.63506,7.32867,13.6,0.66,0.348813,8.56369,118.581
1932-06-20,4.6,4.6,8.1564,18.7474,5.36672,6.97969,13.6,0.66,0.33312,8.1784,112.934
1932-06-27,4.6,4.43,7.9533,18.666,5.36672,6.97969,13.6,0.66,0.334039,8.20097,112.934
1932-07-05,4.41,4.41,7.80655,18.5826,5.13951,6.73813,13.6,0.6333,0.321126,7.88394,108.27
1932-07-11,4.93,4.6,7.651,18.5016,5.74553,7.53265,13.6,0.6333,0.359878,8.83534,121.036
1932-07-18,5.2,4.78,7.5273,18.4208,6.06019,7.94519,13.6,0.6333,0.380477,9.34105,127.665
1932-07-25,6.03,5.4,7.42105,18.3452,7.02749,9.21336,13.6,0.6333,0.442098,10.8539,148.042
1932-08-01,6.8,5.87,7.32515,18.2731,7.97817,10.5038,13.5,0.6067,0.499407,12.3517,168.183
1932-08-08,7,7,7.24155,18.2006,8.21283,10.8127,13.5,0.6067,0.514952,12.7362,173.129
1932-08-15,7.53,7.44,7.17275,18.1284,8.83465,11.6314,13.5,0.6067,0.5548,13.7217,186.238
1932-08-22,8.39,7.77,7.0997,18.0621,9.84366,12.9598,13.5,0.6067,0.619023,15.3102,207.508
1932-08-29,8.84,8.39,7.0438,17.9966,10.3716,13.6549,13.5,0.6067,0.653085,16.1526,218.638
1932-09-06,8.75,8.75,7.0239,17.9276,10.3402,13.6584,13.4,0.58,0.64726,16.128,218.027
1932-09-12,7.57,7.35,6.9786,17.8486,8.94577,11.8164,13.4,0.58,0.560797,13.9736,188.624
1932-09-19,8.4,7.34,6.9513,17.7721,9.92661,13.112,13.4,0.58,0.623111,15.5263,209.306
1932-09-26,8.08,8.04,6.94585,17.6911,9.54846,12.6125,13.4,0.58,0.600201,14.9554,201.332
1932-10-03,7.02,7.02,6.93335,17.6144,8.35953,11.0849,13.3,0.5533,0.522252,13.111,176.235
1932-10-10,7.13,6.42,6.9107,17.5374,8.49051,11.2586,13.3,0.5533,0.531227,13.3363,178.997
1932-10-17,6.82,6.82,6.89155,17.4548,8.12136,10.7691,13.3,0.5533,0.508923,12.7764,171.214
1932-10-24,7.09,6.76,6.85185,17.3704,8.44288,11.1954,13.3,0.5533,0.529865,13.3021,177.992
1932-10-31,6.88,6.48,6.80265,17.2805,8.19281,10.8638,13.3,0.5533,0.514966,12.9281,172.72
1932-11-07,7.68,6.92,6.78255,17.1962,9.21961,12.2694,13.2,0.5267,0.575604,14.5598,194.265
1932-11-14,7.13,7.13,6.76225,17.108,8.55935,11.3907,13.2,0.5267,0.535142,13.5363,180.353
1932-11-21,6.78,6.78,6.7446,17.0145,8.13918,10.8316,13.2,0.5267,0.509633,12.8911,171.499
1932-11-28,6.47,6.47,6.7088,16.9177,7.76704,10.3363,13.2,0.5267,0.487092,12.3209,163.658
1932-12-05,7.08,6.54,6.66735,16.8309,8.57186,11.4468,13.1,0.5,0.53374,13.6039,180.455
1932-12-12,7,6.99,6.6333,16.7441,8.475,11.3174,13.1,0.5,0.528434,13.4687,178.416
1932-12-19,6.57,6.57,6.58175,16.6527,7.9544,10.6222,13.1,0.5,0.496699,12.6598,167.456
1932-12-27,6.92,6.6,6.5468,16.5581,8.37815,11.1881,13.1,0.5,0.523886,13.3528,176.377
1933-01-03,7.23,6.83,6.5261,16.4677,8.90039,11.9228,12.9,0.495,0.548076,14.1859,187.135
1933-01-09,7.25,7.13,6.51235,16.3736,8.92501,11.9558,12.9,0.495,0.550313,14.2438,187.653
1933-01-16,7.06,6.95,6.5079,16.2811,8.69112,11.6425,12.9,0.495,0.536614,13.8893,182.735
1933-01-23,7.04,6.98,6.527,16.1887,8.66649,11.6095,12.9,0.495,0.535817,13.8686,182.217
1933-01-30,6.53,6.53,6.54135,16.0961,8.03867,10.7685,12.9,0.495,0.497725,12.8827,169.017
1933-02-06,6.66,6.48,6.55475,16.0036,8.33944,11.2134,12.7,0.49,0.508352,13.365,175.096
1933-02-14,6.23,6.13,6.5602,15.9077,7.80101,10.4894,12.7,0.49,0.47625,12.521,163.791
1933-02-20,5.9,5.68,6.56205,15.8093,7.38779,9.93379,12.7,0.49,0.451744,11.8767,155.115
1933-02-27,5.84,5.53,6.55745,15.7067,7.31266,9.83277,12.7,0.49,0.447871,11.7749,153.538
1933-03-15,6.63,6.63,6.57605,15.6081,8.38028,11.3091,12.6,0.485,0.509172,13.4928,175.691
1933-03-20,6.25,6.12,6.5995,15.5089,7.89996,10.6609,12.6,0.485,0.480705,12.7384,165.621
1933-03-27,5.85,5.85,6.6336,15.4126,7.39436,9.97861,12.6,0.485,0.450657,11.9421,155.022
1933-04-03,6.12,5.87,6.6633,15.319,7.74824,10.486,12.6,0.48,0.472168,12.5122,162.176
1933-04-10,6.67,6.41,6.69495,15.2247,8.44457,11.4284,12.6,0.48,0.515313,13.6555,176.751
1933-04-17,7.44,6.53,6.751,15.1323,9.41943,12.7477,12.6,0.48,0.575515,15.2508,197.156
1933-04-24,7.83,7.7,6.8317,15.0383,9.91319,13.4159,12.6,0.48,0.606398,16.0692,207.49
1933-05-01,8.74,8.41,6.93225,14.945,11.0848,15.0233,12.6,0.475,0.67758,17.9555,231.605
1933-05-08,9.03,8.34,7.03445,14.8485,11.4526,15.5218,12.6,0.475,0.700771,18.57,239.29
1933-05-15,8.82,8.68,7.1329,14.7498,11.1862,15.1609,12.6,0.475,0.685183,18.1569,233.725
1933-05-22,9.34,8.64,7.22075,14.6527,11.8457,16.0547,12.6,0.475,0.726289,19.2462,247.504
1933-05-29,10.13,9.64,7.2952,14.56,12.8477,17.4126,12.6,0.475,0.788431,20.8929,268.439
1933-06-05,10.41,10.04,7.3715,14.4643,13.1241,17.7999,12.7,0.47,0.810927,21.3199,273.687
1933-06-12,9.81,9.74,7.4427,14.3714,12.3677,16.7739,12.7,0.47,0.764892,20.1096,257.912
1933-06-19,10.56,10.22,7.5086,14.2731,13.3132,18.0563,12.7,0.47,0.824074,21.6655,277.63
1933-06-26,10.91,10.74,7.56985,14.1722,13.7544,18.6548,12.7,0.47,0.852093,22.4022,286.832
1933-07-03,11.96,11.55,7.6271,14.0735,14.6484,19.8744,13.1,0.465,0.934798,23.8261,304.836
1933-07-10,11.85,11.71,7.71845,13.9736,14.5137,19.6916,13.1,0.465,0.926899,23.6248,302.033
1933-07-17,9.65,9.65,7.80505,13.8649,11.8191,16.0358,13.1,0.465,0.755516,19.2566,245.959
1933-07-24,10.43,10.32,7.8617,13.7601,12.7745,17.3319,13.1,0.465,0.817284,20.8309,265.84
1933-07-31,10.13,9.95,7.9192,13.6594,12.407,16.8334,13.1,0.465,0.794477,20.2496,258.193
1933-08-07,10.59,10.05,8.00945,13.5691,12.9021,17.5141,13.2,0.46,0.831248,21.0263,267.873
1933-08-14,10.58,10.2,8.0924,13.4682,12.8899,17.4975,13.2,0.46,0.831157,21.024,267.62
1933-08-21,11.28,10.75,8.1942,13.3804,13.7427,18.6552,13.2,0.46,0.886844,22.4326,285.326
1933-08-28,11.23,11.09,8.30455,13.306,13.6818,18.5725,13.2,0.46,0.883608,22.3508,284.062
1933-09-05,10.66,10.66,8.3774,13.2385,13.0206,17.6832,13.2,0.455,0.839447,21.2337,269.643
1933-09-11,10.82,10.82,8.4692,13.1867,13.2161,17.9486,13.2,0.455,0.852736,21.5699,273.691
1933-09-18,10.26,10.03,8.55865,13.1365,12.5321,17.0196,13.2,0.455,0.809291,20.4709,259.526
1933-09-25,9.72,9.65,8.63895,13.0775,11.8725,16.1239,13.2,0.455,0.767387,19.411,245.866
1933-10-02,10.05,9.62,8.71655,13.0231,12.3086,16.7289,13.2,0.45,0.794124,20.0873,254.214
1933-10-09,9.85,9.85,8.7786,12.9601,12.0637,16.396,13.2,0.45,0.779004,19.7048,249.155
1933-10-16,8.86,8.61,8.8341,12.8959,10.8512,14.7481,13.2,0.45,0.701393,17.7416,224.113
1933-10-23,9.54,9.02,8.9019,12.8428,11.684,15.88,13.2,0.45,0.755909,19.1206,241.313
1933-10-30,9.54,8.96,8.954,12.7864,11.684,15.88,13.2,0.45,0.756595,19.138,241.313
1933-11-06,9.72,9.45,9.0025,12.7289,11.9381,16.2348,13.2,0.445,0.771549,19.5162,245.866
1933-11-13,9.92,9.58,9.072,12.6707,12.1837,16.5688,13.2,0.445,0.788104,19.935,250.925
1933-11-20,10.01,9.87,9.1473,12.6142,12.2943,16.7191,13.2,0.445,0.795934,20.1331,253.202
1933-11-27,9.91,9.69,9.2075,12.5536,12.1714,16.5521,13.2,0.445,0.788663,19.9491,250.672
1933-12-04,10.1,9.9,9.2955,12.4901,12.4419,16.9271,13.2,0.44,0.804457,20.3486,255.478
1933-12-11,10.07,10.07,9.39285,12.4256,12.405,16.8768,13.2,0.44,0.802741,20.3053,254.719
1933-12-18,9.86,9.55,9.49,12.3582,12.1463,16.5249,13.2,0.44,0.786676,19.8989,249.408
1933-12-26,9.97,9.58,9.57165,12.2934,12.2818,16.7092,13.2,0.44,0.796127,20.1379,252.19
1934-01-02,9.81,9.81,9.63645,12.2261,12.123,16.496,13.2,0.4408,0.784028,19.8319,248.143
1934-01-08,10.07,9.76,9.73205,12.1585,12.4443,16.9332,13.2,0.4408,0.805485,20.3746,254.719
1934-01-15,10.93,10.63,9.84955,12.0959,13.5071,18.3794,13.2,0.4408,0.874953,22.1318,276.473
1934-01-22,11.02,10.91,9.97285,12.0295,13.6183,18.5307,13.2,0.4408,0.882836,22.3312,278.75
1934-01-29,11.45,11.17,10.0919,11.9625,14.1497,19.2538,13.2,0.4408,0.917963,23.2198,289.626
1934-02-05,11.18,11.18,10.1906,11.8907,13.7547,18.715,13.3,0.4417,0.896998,22.5189,280.671
1934-02-13,11.54,11.22,10.2597,11.8192,14.1976,19.3177,13.3,0.4417,0.926563,23.2611,289.708
1934-02-19,11.13,11.13,10.315,11.7461,13.6932,18.6313,13.3,0.4417,0.894326,22.4518,279.415
1934-02-26,11.07,10.69,10.367,11.6749,13.6193,18.5309,13.3,0.4417,0.890187,22.3479,277.909
1934-03-05,10.73,10.6,10.4162,11.6107,13.2422,18.0197,13.3,0.4425,0.86353,21.6787,269.373
1934-03-12,10.82,10.79,10.4628,11.5463,13.3533,18.1708,13.3,0.4425,0.871458,21.8777,271.633
1934-03-19,10.53,10.45,10.4797,11.4776,12.9954,17.6838,13.3,0.4425,0.848787,21.3085,264.352
1934-03-26,10.62,10.42,10.4858,11.4105,13.1064,17.835,13.3,0.4425,0.856727,21.5079,266.612
1934-04-02,10.95,10.76,10.5,11.3428,13.5555,18.4468,13.3,0.4433,0.884036,22.1935,274.896
1934-04-09,10.95,10.87,10.5115,11.28,13.5555,18.4468,13.3,0.4433,0.884725,22.2107,274.896
1934-04-16,11.16,10.78,10.5143,11.2245,13.8155,18.8006,13.3,0.4433,0.902381,22.654,280.168
1934-04-23,10.8,10.79,10.4932,11.1772,13.3698,18.1941,13.3,0.4433,0.873961,21.9405,271.131
1934-04-30,10.32,10.25,10.4549,11.1298,12.7756,17.3855,13.3,0.4433,0.835808,20.9827,259.08
1934-05-07,9.55,9.55,10.427,11.0763,11.8587,16.1444,13.3,0.4442,0.774138,19.4345,239.75
1934-05-14,9.85,9.45,10.4076,11.0228,12.2313,16.6516,13.3,0.4442,0.799149,20.0624,247.281
1934-05-21,9.7,9.56,10.393,10.9624,12.045,16.398,13.3,0.4442,0.787672,19.7743,243.516
1934-05-28,9.38,9.38,10.374,10.9018,11.6476,15.857,13.3,0.4442,0.762381,19.1393,235.482
1934-06-04,10.17,9.49,10.3557,10.8471,12.5721,17.1217,13.4,0.445,0.827286,20.6138,253.409
1934-06-11,10.23,10.05,10.3365,10.7969,12.6462,17.2227,13.4,0.445,0.832863,20.7527,254.904
1934-06-18,9.76,9.76,10.309,10.7422,12.0652,16.4314,13.4,0.445,0.795295,19.8166,243.193
1934-06-25,9.81,9.73,10.2852,10.6873,12.127,16.5156,13.4,0.445,0.800066,19.9355,244.439
1934-07-02,9.91,9.66,10.26,10.63,12.2871,16.7429,13.4,0.4458,0.808921,20.1562,246.931
1934-07-09,9.93,9.88,10.2431,10.573,12.3119,16.7767,13.4,0.4458,0.811254,20.2143,247.429
1934-07-16,9.47,9.47,10.2384,10.5128,11.7415,15.9995,13.4,0.4458,0.774373,19.2953,235.967
1934-07-23,8.6,8.36,10.21,10.4524,10.6628,14.5296,13.4,0.4458,0.703933,17.5402,214.289
1934-07-30,8.9,8.67,10.1818,10.3998,11.0348,15.0365,13.4,0.4458,0.729191,18.1695,221.764
1934-08-06,8.93,8.69,10.1779,10.3473,11.1036,15.1412,13.4,0.4467,0.732353,18.2483,222.512
1934-08-13,9.06,9.04,10.1702,10.3021,11.2653,15.3616,13.4,0.4467,0.743718,18.5315,225.751
1934-08-20,9.52,8.97,10.1709,10.2639,11.8373,16.1416,13.4,0.4467,0.782184,19.49,237.213
1934-08-27,9.15,9.15,10.1579,10.2209,11.3772,15.5142,13.4,0.4467,0.75249,18.7501,227.994
1934-09-04,8.92,8.92,10.1402,10.1808,10.9591,14.9561,13.6,0.4475,0.734283,18.0273,218.994
1934-09-10,8.47,8.47,10.1084,10.1427,10.4062,14.2016,13.6,0.4475,0.697948,17.1353,207.946
1934-09-17,8.95,8.45,10.0776,10.103,10.996,15.0064,13.6,0.4475,0.73821,18.1237,219.731
1934-09-24,9.08,8.9,10.0494,10.0624,11.1557,15.2244,13.6,0.4475,0.749642,18.4044,222.922
1934-10-01,9,8.82,10.0211,10.0255,11.1704,15.2567,13.5,0.4483,0.743749,18.395,222.595
1934-10-08,9.19,8.83,10.0083,9.9893,11.4062,15.5788,13.5,0.4483,0.760163,18.8009,227.294
1934-10-15,9.03,9,9.9861,9.9573,11.2076,15.3076,13.5,0.4483,0.747642,18.4913,223.337
1934-10-22,8.8,8.8,9.9629,9.92435,10.9222,14.9177,13.5,0.4483,0.729312,18.0379,217.648
1934-10-29,8.87,8.76,9.92165,9.89445,11.0091,15.0364,13.5,0.4483,0.735828,18.1991,219.38
1934-11-05,9.3,9.02,9.8872,9.8617,11.5733,15.8177,13.5,0.4492,0.772216,19.0991,230.015
1934-11-13,9.18,9,9.848,9.82725,11.4239,15.6136,13.5,0.4492,0.76297,18.8704,227.047
1934-11-19,9.27,9.1,9.79065,9.79535,11.5359,15.7667,13.5,0.4492,0.771168,19.0731,229.273
1934-11-26,9.54,9.43,9.75105,9.76095,11.8719,16.2259,13.5,0.4492,0.794348,19.6464,235.951
1934-12-03,9.46,9.41,9.7037,9.7273,11.8907,16.2621,13.4,0.45,0.788407,19.645,235.718
1934-12-10,9.11,9.11,9.65615,9.6915,11.4508,15.6604,13.4,0.45,0.759959,18.9362,226.997
1934-12-17,9.04,9.02,9.61105,9.6508,11.3628,15.5401,13.4,0.45,0.754841,18.8086,225.253
1934-12-24,9.41,9.06,9.57885,9.6093,11.8279,16.1761,13.4,0.45,0.786459,19.5965,234.472
1934-12-31,9.51,9.5,9.5514,9.5667,11.9536,16.348,13.4,0.45,0.79554,19.8227,236.964
1935-01-07,9.25,9.25,9.52375,9.52635,11.4835,15.715,13.6,0.45,0.774514,19.015,227.096
1935-01-14,9.18,8.96,9.4862,9.48565,11.3966,15.5961,13.6,0.45,0.769377,18.8889,225.377
1935-01-21,9.23,9.18,9.4445,9.4415,11.4587,15.681,13.6,0.45,0.774293,19.0096,226.605
1935-01-28,9.05,8.98,9.3968,9.4007,11.2352,15.3752,13.6,0.45,0.759919,18.6567,222.186
1935-02-04,9.03,8.81,9.3437,9.3636,11.1495,15.2645,13.7,0.45,0.758966,18.4973,220.077
1935-02-11,9.06,9.01,9.30655,9.3266,11.1866,15.3152,13.7,0.45,0.762215,18.5765,220.808
1935-02-18,9.03,9.03,9.28225,9.2931,11.1495,15.2645,13.7,0.45,0.760419,18.5327,220.077
1935-02-25,8.79,8.74,9.25335,9.2606,10.8532,14.8588,13.7,0.45,0.740938,18.0579,214.227
1935-03-04,8.54,8.45,9.22815,9.23005,10.559,14.4613,13.7,0.45,0.720594,17.5621,208.134
1935-03-11,8.23,8.06,9.19035,9.194,10.1757,13.9363,13.7,0.45,0.695167,16.9424,200.579
1935-03-18,8.55,8.14,9.1569,9.16455,10.5714,14.4782,13.7,0.45,0.722927,17.619,208.378
1935-03-25,8.45,8.35,9.1233,9.1371,10.4477,14.3089,13.7,0.45,0.715204,17.4307,205.941
1935-04-01,8.78,8.48,9.0838,9.1159,10.7848,14.7659,13.8,0.446667,0.743862,17.9978,212.433
1935-04-08,8.95,8.78,9.054,9.09365,10.9937,15.0518,13.8,0.446667,0.758992,18.3639,216.546
1935-04-15,9.14,8.22,9.0335,9.0706,11.227,15.3713,13.8,0.446667,0.775833,18.7714,221.143
1935-04-22,9.4,9.32,9.0241,9.0515,11.5464,15.8085,13.8,0.446667,0.798632,19.323,227.434
1935-04-29,9.42,9.23,9.0088,9.02185,11.571,15.8422,13.8,0.446667,0.801061,19.3818,227.918
1935-05-06,9.75,9.38,9.006,8.9943,11.9856,16.3971,13.8,0.443333,0.829849,20.0783,235.902
1935-05-13,10.01,9.15,9.0284,8.9712,12.3052,16.8343,13.8,0.443333,0.852704,20.6313,242.193
1935-05-20,10.02,9.89,9.05745,8.94995,12.3175,16.8511,13.8,0.443333,0.854282,20.6694,242.435
1935-05-27,9.58,9.58,9.0764,8.928,11.7766,16.1112,13.8,0.443333,0.817495,19.7794,231.789
1935-06-03,9.9,9.67,9.09585,8.90885,12.2669,16.764,13.7,0.44,0.845524,20.6069,241.28
1935-06-10,10.22,10.03,9.1188,8.8919,12.6634,17.3058,13.7,0.44,0.873577,21.2906,249.079
1935-06-17,10.38,10.15,9.14175,8.87235,12.8617,17.5768,13.7,0.44,0.887976,21.6415,252.978
1935-06-24,10.24,10.15,9.17185,8.85425,12.6882,17.3397,13.7,0.44,0.876724,21.3673,249.566
1935-07-01,10.47,10.28,9.20435,8.83665,12.979,17.7125,13.7,0.44,0.89714,21.8648,255.172
1935-07-08,10.62,10.52,9.2542,8.8233,13.1649,17.9662,13.7,0.44,0.910718,22.1958,258.828
1935-07-15,10.58,10.58,9.29345,8.81275,13.1154,17.8986,13.7,0.44,0.908014,22.1299,257.853
1935-07-22,10.79,10.73,9.3408,8.8094,13.3757,18.2538,13.7,0.44,0.926763,22.5868,262.971
1935-07-29,10.95,10.94,9.391,8.80955,13.574,18.5245,13.7,0.44,0.941232,22.9394,266.87
1935-08-05,11.49,11.18,9.4459,8.8185,14.2539,19.4221,13.7,0.44,0.988376,24.0884,280.031
1935-08-12,10.62,10.62,9.507,8.81885,13.1746,17.9515,13.7,0.44,0.914266,22.2822,258.828
1935-08-19,11.56,11.42,9.57485,8.82485,14.3408,19.5404,13.7,0.44,0.995919,24.2722,281.737
1935-08-26,11.24,11.1,9.626,8.82685,13.9438,18.9995,13.7,0.44,0.969079,23.6181,273.938
1935-09-03,11.65,11.21,9.67205,8.83295,14.4686,19.6831,13.7,0.44,1.00516,24.4974,283.93
1935-09-09,11.8,11.76,9.7368,8.8364,14.6549,19.9365,13.7,0.44,1.01883,24.8306,287.586
1935-09-16,11.26,11.26,9.7899,8.8391,13.9842,19.0242,13.7,0.44,0.972936,23.7121,274.426
1935-09-23,11.56,11.4,9.84285,8.84765,14.3568,19.531,13.7,0.44,0.999589,24.3617,281.737
1935-09-30,11.36,11.1,9.89805,8.8579,14.1084,19.1931,13.7,0.44,0.983026,23.958,276.863
1935-10-07,11.75,11.45,9.96165,8.87155,14.6148,19.8506,13.7,0.45,1.01752,24.7988,286.368
1935-10-14,11.81,11.72,10.0226,8.88905,14.6894,19.9519,13.7,0.45,1.02347,24.9437,287.83
1935-10-21,12.43,12.19,10.0929,8.9094,15.4606,20.9994,13.7,0.45,1.07795,26.2715,302.94
1935-10-28,12.61,12.36,10.177,8.93265,15.6845,21.3035,13.7,0.45,1.09431,26.6702,307.327
1935-11-04,12.92,12.62,10.2487,8.95665,15.9812,21.6668,13.8,0.46,1.12198,27.1464,312.601
1935-11-12,13.25,12.81,10.3276,8.98005,16.3894,22.2202,13.8,0.46,1.1514,27.8584,320.585
1935-11-18,13.14,13.14,10.4352,9.00115,16.2533,22.0358,13.8,0.46,1.14261,27.6457,317.924
1935-11-25,12.94,12.94,10.5175,9.0248,16.0059,21.7004,13.8,0.46,1.12599,27.2435,313.085
1935-12-02,13.15,12.75,10.6164,9.05085,16.2955,22.0544,13.8,0.47,1.14505,27.7047,318.166
1935-12-09,12.84,12.84,10.7208,9.07615,15.9114,21.5345,13.8,0.47,1.11885,27.0706,310.665
1935-12-16,12.88,12.8,10.8288,9.09995,15.9609,21.6016,13.8,0.47,1.12312,27.174,311.633
1935-12-23,13.11,12.96,10.9223,9.1219,16.2459,21.9873,13.8,0.47,1.14396,27.6783,317.198
1935-12-30,13.55,13.3,11.0276,9.14795,16.7912,22.7253,13.8,0.47,1.18314,28.6263,327.844
1936-01-06,13.78,13.41,11.159,9.17325,17.1122,23.1158,13.8,0.48,1.20403,29.1317,333.409
1936-01-13,13.75,13.71,11.2916,9.1994,17.0749,23.0655,13.8,0.48,1.20222,29.0878,332.683
1936-01-20,13.85,13.47,11.4186,9.22855,17.1991,23.2333,13.8,0.48,1.21177,29.3189,335.102
1936-01-27,14.31,13.99,11.5475,9.2608,17.7704,24.0049,13.8,0.48,1.25282,30.3122,346.232
1936-02-03,14.32,14.32,11.6811,9.2965,17.8183,24.021,13.8,0.49,1.25452,30.3533,346.474
1936-02-10,14.66,14.43,11.7855,9.3385,18.2414,24.5913,13.8,0.49,1.28514,31.094,354.7
1936-02-17,14.83,14.58,11.9207,9.38055,18.4529,24.8765,13.8,0.49,1.30086,31.4746,358.813
1936-02-24,14.6,14.35,12.0431,9.42375,18.1668,24.4907,13.8,0.49,1.28152,31.0064,353.249
1936-03-02,15.1,14.77,12.1743,9.4701,18.9619,25.51,13.7,0.5,1.32625,32.3229,368.013
1936-03-09,14.24,14.24,12.2876,9.51085,17.8819,24.0572,13.7,0.5,1.25156,30.5026,347.053
1936-03-16,15.04,14.57,12.4163,9.55805,18.8865,25.4087,13.7,0.5,1.32271,32.2368,366.551
1936-03-23,14.82,14.82,12.5422,9.60475,18.6102,25.037,13.7,0.5,1.30421,31.7859,361.189
1936-03-30,15.27,14.81,12.6653,9.65695,19.1753,25.7972,13.7,0.5,1.34466,32.7717,372.156
1936-04-06,15.39,15.39,12.768,9.70945,19.3606,25.9937,13.7,0.516667,1.3561,33.0505,375.081
1936-04-13,15.1,15.1,12.8925,9.76035,18.9958,25.5039,13.7,0.516667,1.33142,32.4491,368.013
1936-04-20,14.44,14.4,12.9957,9.8084,18.1655,24.3892,13.7,0.516667,1.27411,31.0521,351.928
1936-04-27,13.87,13.53,13.0762,9.85475,17.4484,23.4265,13.7,0.516667,1.22469,29.8478,338.036
1936-05-04,13.9,13.82,13.1582,9.90125,17.5108,23.4669,13.7,0.533333,1.22824,29.9344,338.767
1936-05-11,14.29,13.86,13.2378,9.95065,18.0021,24.1253,13.7,0.533333,1.26361,30.7964,348.272
1936-05-18,14.09,13.85,13.3108,9.99645,17.7502,23.7876,13.7,0.533333,1.24683,30.3874,343.397
1936-05-25,14.4,14.25,13.3841,10.0425,18.1407,24.311,13.7,0.533333,1.27517,31.0781,350.953
1936-06-01,14.12,14.12,13.4575,10.0829,17.6793,23.6457,13.8,0.55,1.25131,30.2757,341.635
1936-06-08,14.59,14.34,13.5347,10.1219,18.2678,24.4327,13.8,0.55,1.2939,31.3061,353.007
1936-06-15,14.83,14.74,13.6256,10.161,18.5683,24.8346,13.8,0.55,1.31612,31.8438,358.813
1936-06-22,14.95,14.95,13.7082,10.1981,18.7185,25.0356,13.8,0.55,1.32771,32.1242,361.717
1936-06-29,15.02,14.84,13.787,10.2313,18.8062,25.1528,13.8,0.55,1.33487,32.2973,363.411
1936-07-06,15.35,14.81,13.8755,10.2638,19.0992,25.4903,13.9,0.57,1.36517,32.7928,368.723
1936-07-13,15.66,15.45,13.9789,10.2984,19.4849,26.005,13.9,0.57,1.39372,33.4785,376.17
1936-07-20,15.83,15.83,14.0899,10.3397,19.6964,26.2873,13.9,0.57,1.40982,33.8654,380.253
1936-07-27,15.85,15.85,14.1952,10.3769,19.7213,26.3206,13.9,0.57,1.41258,33.9316,380.734
1936-08-03,16.08,15.77,14.2905,10.4169,19.8827,26.4792,14,0.59,1.43409,34.2022,383.499
1936-08-10,15.87,15.87,14.3824,10.4612,19.6231,26.1334,14,0.59,1.41637,33.7797,378.491
1936-08-17,15.32,15.32,14.4588,10.5021,18.943,25.2277,14,0.59,1.3683,32.6332,365.374
1936-08-24,15.92,15.55,14.5265,10.5476,19.6849,26.2157,14,0.59,1.4229,33.9354,379.683
1936-08-31,16.02,15.95,14.5932,10.5923,19.8085,26.3804,14,0.59,1.43285,34.1727,382.068
1936-09-08,16.11,16.11,14.6558,10.6384,19.9363,26.4944,14,0.61,1.44195,34.3897,384.215
1936-09-14,16.03,15,14.7228,10.6802,19.8373,26.3628,14,0.61,1.43584,34.244,382.307
1936-09-21,15.88,15.88,14.7989,10.7239,19.6516,26.1161,14,0.61,1.42345,33.9486,378.729
1936-09-28,16.35,16.01,14.878,10.7718,20.2333,26.8891,14,0.61,1.46664,34.9785,389.939
1936-10-05,16.87,16.53,14.9682,10.8238,20.8883,27.7005,14,0.646667,1.5144,36.1176,402.34
1936-10-13,17.04,16.85,15.0379,10.8736,21.0988,27.9796,14,0.646667,1.53077,36.5081,406.395
1936-10-19,17.09,17.04,15.1232,10.924,21.1607,28.0617,14,0.646667,1.53638,36.6419,407.587
1936-10-26,17.23,16.65,15.2052,10.9773,21.3341,28.2916,14,0.646667,1.55009,36.9687,410.926
1936-11-02,17.43,17.17,15.2782,11.0299,21.5865,28.5662,14,0.683333,1.56926,37.4261,415.696
1936-11-09,17.24,17.24,15.347,11.0799,21.3511,28.2548,14,0.683333,1.55334,37.0463,411.165
1936-11-16,17.13,17.13,15.4222,11.1293,21.2149,28.0745,14,0.683333,1.54461,36.8382,408.541
1936-11-23,17.34,16.89,15.4742,11.1807,21.475,28.4187,14,0.683333,1.56473,37.318,413.55
1936-11-30,17.01,16.95,15.5339,11.2306,21.0663,27.8779,14,0.683333,1.53614,36.6361,405.679
1936-12-07,17.14,16.91,15.5954,11.2836,21.2247,28.0336,14,0.72,1.54913,36.9459,408.78
1936-12-14,17,17,15.6538,11.3353,21.0514,27.8046,14,0.72,1.53773,36.674,405.441
1936-12-21,17.06,16.65,15.6957,11.3895,21.1257,27.9028,14,0.72,1.54441,36.8333,406.872
1936-12-28,17.18,16.94,15.7468,11.4459,21.2743,28.099,14,0.72,1.55652,37.1223,409.734
1937-01-04,17.48,16.93,15.8022,11.5041,21.4835,28.3174,14.1,0.73,1.58498,37.5328,413.932
1937-01-11,17.74,17.57,15.8695,11.5596,21.8031,28.7386,14.1,0.73,1.60982,38.1212,420.089
1937-01-18,17.87,17.62,15.9309,11.6177,21.9629,28.9492,14.1,0.73,1.6229,38.4307,423.167
1937-01-25,17.77,17.51,15.9895,11.6773,21.84,28.7872,14.1,0.73,1.61509,38.2458,420.799
1937-02-01,17.86,17.86,16.0678,11.736,21.9372,28.8531,14.1,0.74,1.62456,38.4702,422.931
1937-02-08,18.32,17.99,16.1468,11.7943,22.5022,29.5962,14.1,0.74,1.6677,39.4916,433.823
1937-02-15,18.37,18.1,16.2566,11.8489,22.5636,29.677,14.1,0.74,1.67355,39.6301,435.007
1937-02-23,18.06,17.97,16.3378,11.9001,22.1828,29.1762,14.1,0.74,1.6466,38.992,427.667
1937-03-01,18.62,18.09,16.4447,11.9495,22.688,29.7759,14.2,0.75,1.69897,39.9489,437.822
1937-03-08,18.36,18.36,16.5566,11.9961,22.3712,29.3601,14.2,0.75,1.67657,39.422,431.709
1937-03-15,17.72,17.72,16.6465,12.0406,21.5914,28.3367,14.2,0.75,1.61944,38.0788,416.66
1937-03-22,17.68,17.22,16.712,12.0823,21.5426,28.2727,14.2,0.75,1.6171,38.0238,415.72
1937-03-29,17.49,17.49,16.7919,12.1191,21.3111,27.9689,14.2,0.75,1.60104,37.6462,411.252
1937-04-05,17.03,16.91,16.8507,12.1522,20.5808,26.9606,14.3,0.78,1.56031,36.4318,397.636
1937-04-12,17.16,17.1,16.9051,12.189,20.7379,27.1664,14.3,0.78,1.57359,36.742,400.671
1937-04-19,16.85,16.85,16.9612,12.2204,20.3632,26.6756,14.3,0.78,1.54654,36.1104,393.433
1937-04-26,16.43,15.99,16.9909,12.248,19.8557,26.0107,14.3,0.78,1.50937,35.2425,383.626
1937-05-03,16.65,16.47,17.0166,12.2715,19.9535,26.0996,14.4,0.81,1.53101,35.4995,386.063
1937-05-10,15.81,15.65,17.0212,12.2913,18.9469,24.7829,14.4,0.81,1.4552,33.7418,366.586
1937-05-17,16.27,15.62,17.02,12.3244,19.4981,25.504,14.4,0.81,1.49898,34.7567,377.252
1937-05-24,16.26,16.23,17.0298,12.3535,19.4862,25.4883,14.4,0.81,1.49949,34.7687,377.02
1937-06-01,16.28,15.96,17.0293,12.3843,19.4774,25.4469,14.4,0.84,1.50282,34.846,377.484
1937-06-07,15.73,15.73,17.0334,12.41,18.8193,24.5872,14.4,0.84,1.45354,33.7033,364.731
1937-06-14,15.51,15.18,17.0261,12.4346,18.5561,24.2434,14.4,0.84,1.43471,33.2665,359.63
1937-06-21,15.52,15.35,17.0139,12.4558,18.5681,24.259,14.4,0.84,1.43713,33.3226,359.862
1937-06-28,15.7,15.12,16.9943,12.4782,18.7834,24.5403,14.4,0.84,1.45529,33.7438,364.036
1937-07-06,16.32,16.25,17.0072,12.5065,19.3503,25.2421,14.5,0.816667,1.51422,34.868,375.802
1937-07-12,16.42,16.38,17.0146,12.5345,19.4689,25.3968,14.5,0.816667,1.52495,35.1152,378.104
1937-07-19,16.94,16.74,17.0356,12.5679,20.0854,26.201,14.5,0.816667,1.5747,36.2608,390.079
1937-07-26,16.77,16.72,17.042,12.6031,19.8839,25.9381,14.5,0.816667,1.56036,35.9305,386.164
1937-08-02,16.85,16.85,17.0429,12.6371,19.9371,25.963,14.5,0.793333,1.56922,36.1346,388.006
1937-08-09,17.27,17.01,17.0426,12.6742,20.4341,26.6102,14.5,0.793333,1.60976,37.068,397.677
1937-08-16,16.49,16.49,17.0393,12.7124,19.5112,25.4083,14.5,0.793333,1.53848,35.4266,379.716
1937-08-23,15.88,15.88,17.0107,12.7441,18.7894,24.4684,14.5,0.793333,1.48299,34.1489,365.67
1937-08-30,15.46,15.36,16.9669,12.7737,18.2925,23.8213,14.5,0.793333,1.44519,33.2785,355.998
1937-09-07,14.19,14.19,16.9151,12.796,16.6368,21.6389,14.6,0.77,1.32786,30.3672,324.516
1937-09-13,14.57,14.23,16.8499,12.8193,17.0824,22.2184,14.6,0.77,1.3648,31.2121,333.206
1937-09-20,13.2,13.2,16.7712,12.8352,15.4761,20.1292,14.6,0.77,1.23786,28.309,301.875
1937-09-27,13.72,13.63,16.6841,12.8543,16.0858,20.9222,14.6,0.77,1.28801,29.4559,313.767
1937-10-04,12.75,12.75,16.5863,12.8675,14.9113,19.3874,14.6,0.78,1.19836,27.4056,291.584
1937-10-11,11.84,11.84,16.4873,12.8764,13.8471,18.0037,14.6,0.78,1.11424,25.4819,270.773
1937-10-18,11.84,10.76,16.3486,12.8863,13.8471,18.0037,14.6,0.78,1.11565,25.5141,270.773
1937-10-25,12.35,11.74,16.2095,12.8982,14.4435,18.7792,14.6,0.78,1.16512,26.6455,282.436
1937-11-01,11.46,11.46,16.0883,12.9064,13.4636,17.511,14.5,0.79,1.08259,24.9288,263.89
1937-11-08,11.91,11.12,15.9628,12.9156,13.9922,18.1986,14.5,0.79,1.12653,25.9407,274.252
1937-11-15,10.51,10.51,15.801,12.9135,12.3475,16.0594,14.5,0.79,0.995547,22.9245,242.015
1937-11-22,10.67,10.17,15.6479,12.9118,12.5355,16.3039,14.5,0.79,1.01214,23.3067,245.699
1937-11-29,11.34,10.96,15.4725,12.9112,13.3226,17.3276,14.5,0.79,1.07714,24.8033,261.127
1937-12-06,11.1,11.1,15.2992,12.9108,13.1029,17.0517,14.4,0.8,1.0558,24.4809,257.375
1937-12-13,11,10.74,15.1192,12.9081,12.9849,16.8981,14.4,0.8,1.04775,24.2943,255.057
1937-12-20,11.06,11.06,14.9362,12.9078,13.0557,16.9903,14.4,0.8,1.05493,24.4608,256.448
1937-12-27,10.55,10.31,14.74,12.9052,12.4537,16.2068,14.4,0.8,1.00776,23.3668,244.623
1938-01-03,11.32,10.52,14.5761,12.9081,13.5234,17.6068,14.2,0.793333,1.08277,25.4597,266.173
1938-01-10,11.7,11.67,14.4268,12.9125,13.9774,18.1978,14.2,0.793333,1.12057,26.3486,275.109
1938-01-17,11.44,11.44,14.2797,12.9171,13.6668,17.7934,14.2,0.793333,1.09713,25.7975,268.995
1938-01-24,10.55,10.55,14.1242,12.9167,12.6035,16.4091,14.2,0.793333,1.01324,23.8249,248.068
1938-01-31,10.54,10.34,13.9597,12.9147,12.5916,16.3936,14.2,0.793333,1.01375,23.8368,247.833
1938-02-07,10.93,10.56,13.8183,12.9146,13.1309,17.106,14.1,0.786667,1.05271,24.9286,258.826
1938-02-14,11.02,10.87,13.682,12.9139,13.239,17.2468,14.1,0.786667,1.06284,25.1683,260.957
1938-02-21,11.57,11.38,13.583,12.9177,13.8998,18.1076,14.1,0.786667,1.11734,26.459,273.981
1938-02-28,11.13,11.13,13.4699,12.9218,13.3712,17.419,14.1,0.786667,1.07631,25.4874,263.562
1938-03-07,10.58,10.58,13.3345,12.9269,12.7014,16.5633,14.1,0.78,1.02457,24.2623,250.538
1938-03-14,10.19,10.19,13.1967,12.9286,12.2332,15.9527,14.1,0.78,0.988259,23.4023,241.302
1938-03-21,9.35,9.35,13.0408,12.9269,11.2248,14.6377,14.1,0.78,0.908248,21.5076,221.411
1938-03-28,8.91,8.5,12.874,12.9245,10.6966,13.9489,14.1,0.78,0.866964,20.53,210.992
1938-04-04,9.62,9.2,12.7223,12.9218,11.4677,14.9734,14.2,0.766667,0.937483,22.0436,226.2
1938-04-11,10.2,9.95,12.6168,12.9216,12.1591,15.8761,14.2,0.766667,0.995442,23.4064,239.838
1938-04-18,10.45,10.06,12.4768,12.9251,12.4571,16.2652,14.2,0.766667,1.02128,24.0139,245.717
1938-04-25,9.78,9.77,12.3156,12.9249,11.6584,15.2224,14.2,0.766667,0.957241,22.5081,229.963
1938-05-02,10.43,9.59,12.1479,12.9275,12.533,16.3847,14.1,0.753333,1.02228,24.2079,246.986
1938-05-09,10.26,10.26,11.9857,12.9292,12.3287,16.1177,14.1,0.753333,1.00704,23.8469,242.96
1938-05-16,9.96,9.96,11.8146,12.9316,11.9682,15.6464,14.1,0.753333,0.979013,23.1833,235.856
1938-05-23,9.28,9.28,11.6287,12.935,11.1511,14.5782,14.1,0.753333,0.913597,21.6343,219.753
1938-05-31,9.42,9.27,11.4747,12.9376,11.3194,14.7981,14.1,0.753333,0.928806,21.9944,223.069
1938-06-06,9.8,9.7,11.3037,12.942,11.7955,15.4377,14.1,0.74,0.967677,22.9149,232.067
1938-06-13,9.67,9.52,11.1416,12.945,11.639,15.233,14.1,0.74,0.956245,22.6442,228.989
1938-06-20,11.15,10.19,11.0308,12.9532,13.4204,17.5644,14.1,0.74,1.10401,26.1432,264.036
1938-06-27,11.91,11.25,10.9558,12.967,14.3351,18.7616,14.1,0.74,1.18067,27.9586,282.033
1938-07-05,11.89,11.89,10.9089,12.9818,14.348,18.7793,14.1,0.713333,1.18004,27.9438,281.559
1938-07-11,12,11.73,10.8643,12.9995,14.4807,18.9531,14.1,0.713333,1.19232,28.2346,284.164
1938-07-18,12.55,12.35,10.839,13.0175,15.1444,19.8218,14.1,0.713333,1.24833,29.5609,297.188
1938-07-25,12.33,12.25,10.8344,13.0337,14.8789,19.4743,14.1,0.713333,1.22781,29.075,291.978
1938-08-01,12.66,12.25,10.8564,13.052,15.3273,20.0597,14.1,0.686667,1.26199,29.8843,299.793
1938-08-08,11.92,11.92,10.8686,13.0657,14.4314,18.8872,14.1,0.686667,1.18954,28.1687,282.269
1938-08-15,12.31,11.92,10.8738,13.0821,14.9036,19.5051,14.1,0.686667,1.22978,29.1216,291.505
1938-08-22,12.5,12.27,10.8971,13.1006,15.1336,19.8062,14.1,0.686667,1.25008,29.6023,296.004
1938-08-29,12.26,11.85,10.9174,13.1175,14.8431,19.4259,14.1,0.686667,1.2274,29.0652,290.321
1938-09-06,12.02,12.02,10.9545,13.1311,14.6105,19.1224,14.1,0.66,1.20464,28.5263,284.637
1938-09-12,11.43,11.3,10.9658,13.1424,13.8934,18.1838,14.1,0.66,1.14678,27.1562,270.666
1938-09-19,11.36,11.36,10.9772,13.1528,13.8083,18.0724,14.1,0.66,1.14103,27.0201,269.008
1938-09-26,12.24,10.99,10.9926,13.1663,14.8779,19.4724,14.1,0.66,1.2307,29.1433,289.847
1938-10-03,12.85,12.48,11.03,13.1833,15.8029,20.67,14,0.61,1.29321,30.8424,306.466
1938-10-10,13.15,12.84,11.0858,13.2035,16.1718,21.1525,14,0.61,1.32458,31.5906,313.62
1938-10-17,13.25,13.01,11.1411,13.2245,16.2948,21.3134,14,0.61,1.33584,31.859,316.005
1938-10-24,13.14,13.14,11.1807,13.2432,16.1595,21.1364,14,0.61,1.32593,31.6228,313.382
1938-10-31,13.17,13.1,11.2194,13.2615,16.1964,21.1847,14,0.61,1.33014,31.7232,314.097
1938-11-07,13.7,13.43,11.2537,13.2837,16.928,22.1178,14,0.56,1.38476,33.0258,326.738
1938-11-14,12.84,12.84,11.3145,13.302,15.8654,20.7294,14,0.56,1.29892,30.9786,306.227
1938-11-21,12.82,12.77,11.3599,13.32,15.8407,20.6971,14,0.56,1.29799,30.9563,305.75
1938-11-28,12.48,12.37,11.399,13.3371,15.4206,20.1482,14,0.56,1.26465,30.1613,297.641
1938-12-05,12.32,12.32,11.4332,13.3536,15.2971,19.9592,14,0.51,1.24943,29.7983,293.825
1938-12-12,12.9,12.46,11.4639,13.3728,16.0172,20.8988,14,0.51,1.30925,31.2249,307.658
1938-12-19,12.81,12.58,11.5035,13.3917,15.9055,20.753,14,0.51,1.30111,31.0308,305.512
1938-12-27,13.14,12.73,11.5477,13.4134,16.3152,21.2876,14,0.51,1.33563,31.8539,313.382
1939-01-03,13.07,13.06,11.5976,13.4361,16.311,21.2518,14,0.513333,1.32951,31.7082,311.712
1939-01-09,12.33,12.33,11.6648,13.4566,15.3875,20.0485,14,0.513333,1.25524,29.9369,294.064
1939-01-16,12.75,12.63,11.7627,13.4776,15.9116,20.7315,14,0.513333,1.29901,30.9806,304.081
1939-01-23,11.86,11.53,11.8247,13.4946,14.8009,19.2843,14,0.513333,1.20934,28.842,282.855
1939-01-30,12.3,12.12,11.8775,13.5122,15.35,19.9998,14,0.513333,1.25521,29.936,293.348
1939-02-06,12.33,12.3,11.932,13.5291,15.5763,20.2638,13.9,0.516667,1.25928,30.2493,296.179
1939-02-14,12.4,12.36,11.9822,13.5454,15.6647,20.3788,13.9,0.516667,1.26745,30.4454,297.861
1939-02-20,12.54,12.16,12.0309,13.5611,15.8416,20.6089,13.9,0.516667,1.28277,30.8135,301.224
1939-02-27,12.86,12.63,12.0867,13.5783,16.2458,21.1348,13.9,0.516667,1.31652,31.6243,308.911
1939-03-06,13.1,12.79,12.1579,13.5951,16.6306,21.5997,13.9,0.52,1.34212,32.239,314.676
1939-03-13,12.21,12.21,12.2324,13.6061,15.5007,20.1322,13.9,0.52,1.25196,30.0734,293.297
1939-03-20,12.07,11.75,12.2962,13.6163,15.323,19.9014,13.9,0.52,1.23863,29.7532,289.934
1939-03-27,10.98,10.98,12.3428,13.6233,13.9392,18.1041,13.9,0.52,1.1278,27.0909,263.751
1939-04-03,10.66,10.66,12.3699,13.6271,13.6985,17.7687,13.8,0.523333,1.09596,26.517,257.92
1939-04-10,10.63,10.42,12.3744,13.6292,13.66,17.7187,13.8,0.523333,1.09392,26.4674,257.194
1939-04-17,10.96,10.66,12.3605,13.6321,14.084,18.2687,13.8,0.523333,1.12891,27.3141,265.178
1939-04-24,10.93,10.78,12.3327,13.6355,14.0455,18.2187,13.8,0.523333,1.12686,27.2644,264.453
1939-05-01,11.21,10.86,12.313,13.6392,14.4771,18.7491,13.8,0.526667,1.15677,27.9881,271.227
1939-05-08,11.21,11.21,12.282,13.6422,14.4771,18.7491,13.8,0.526667,1.15781,28.0134,271.227
1939-05-15,10.99,10.87,12.2443,13.6442,14.193,18.3811,13.8,0.526667,1.13614,27.489,265.904
1939-05-22,11.49,11.11,12.2176,13.6477,14.8387,19.2174,13.8,0.526667,1.18887,28.7649,278.002
1939-05-29,11.48,11.42,12.1981,13.6504,14.8258,19.2007,13.8,0.526667,1.18889,28.7653,277.76
1939-06-05,11.8,11.51,12.189,13.6519,15.314,19.7988,13.8,0.53,1.22308,29.5926,285.502
1939-06-12,11.28,11.25,12.1641,13.6552,14.6392,18.9263,13.8,0.53,1.17024,28.3141,272.921
1939-06-19,11.5,11.42,12.1493,13.6549,14.9247,19.2954,13.8,0.53,1.19412,28.8919,278.244
1939-06-26,10.86,10.79,12.1195,13.653,14.0941,18.2216,13.8,0.53,1.12872,27.3096,262.759
1939-07-03,11.13,11,12.1101,13.6504,14.5146,18.7304,13.8,0.54,1.15787,28.0147,269.292
1939-07-10,11.55,11.17,12.1036,13.6492,15.0623,19.4372,13.8,0.54,1.20264,29.098,279.454
1939-07-17,12.09,11.85,12.1207,13.6533,15.7665,20.346,13.8,0.54,1.25995,30.4846,292.519
1939-07-24,12.14,12.05,12.1094,13.6562,15.8317,20.4301,13.8,0.54,1.26624,30.6368,293.729
1939-07-31,11.9,11.9,12.0808,13.6589,15.5187,20.0262,13.8,0.54,1.24229,30.0574,287.922
1939-08-07,11.56,11.54,12.0448,13.658,15.1463,19.5101,13.8,0.55,1.2079,29.2253,279.695
1939-08-14,11.33,11.33,12.0027,13.6556,14.8449,19.1219,13.8,0.55,1.18497,28.6706,274.131
1939-08-21,11.09,10.86,11.9494,13.6489,14.5305,18.7168,13.8,0.55,1.16098,28.09,268.324
1939-08-28,11.3,11.17,11.8933,13.6423,14.8056,19.0713,13.8,0.55,1.18407,28.6487,273.405
1939-09-05,12.69,12.5,11.8861,13.6412,16.3498,21.0125,14.1,0.56,1.33085,31.515,300.503
1939-09-11,13.07,13.02,11.897,13.6403,16.8394,21.6418,14.1,0.56,1.37183,32.4854,309.502
1939-09-18,12.92,12.47,11.9049,13.6392,16.6461,21.3934,14.1,0.56,1.35722,32.1394,305.95
1939-09-25,12.79,12.79,11.9175,13.6384,16.4786,21.1781,14.1,0.56,1.34469,31.8428,302.871
1939-10-02,12.8,12.77,11.9178,13.6367,16.6908,21.4025,14,0.58,1.34692,32.1233,305.273
1939-10-09,12.74,12.73,11.9192,13.6362,16.6126,21.3022,14,0.58,1.34178,32.0007,303.842
1939-10-16,12.94,12.74,11.9158,13.6365,16.8734,21.6366,14,0.58,1.36402,32.5311,308.612
1939-10-23,13.02,12.99,11.9209,13.636,16.9777,21.7703,14,0.58,1.37362,32.7602,310.52
1939-10-30,12.95,12.82,11.9286,13.633,16.8864,21.6533,14,0.58,1.36742,32.6121,308.851
1939-11-06,12.64,12.58,11.9352,13.6273,16.5599,21.187,14,0.6,1.3359,31.8605,301.457
1939-11-13,12.75,12.63,11.9542,13.6223,16.704,21.3714,14,0.6,1.34875,32.1669,304.081
1939-11-20,12.49,12.49,11.9612,13.6155,16.3634,20.9356,14,0.6,1.32246,31.54,297.88
1939-11-27,12.29,12.2,11.9613,13.6054,16.1014,20.6003,14,0.6,1.30251,31.0641,293.11
1939-12-04,12.36,12.26,11.9621,13.5956,16.2673,20.7672,14,0.62,1.31119,31.2712,294.779
1939-12-11,12.4,12.19,11.9558,13.5843,16.3199,20.8344,14,0.62,1.3167,31.4026,295.733
1939-12-18,12.44,12.34,11.9442,13.5724,16.3725,20.9016,14,0.62,1.32221,31.5341,296.687
1939-12-26,12.46,12.31,11.932,13.5617,16.3989,20.9352,14,0.62,1.32561,31.615,297.164
1940-01-02,12.66,12.63,11.9392,13.5495,16.8579,21.4713,13.9,0.623333,1.34816,32.3842,304.106
1940-01-08,12.13,12.13,11.9512,13.5389,16.1521,20.5725,13.9,0.623333,1.293,31.0591,291.375
1940-01-15,12.15,12.07,11.9669,13.5245,16.1787,20.6064,13.9,0.623333,1.29641,31.141,291.856
1940-01-22,12.15,12.06,12.0027,13.5111,16.1787,20.6064,13.9,0.623333,1.29768,31.1717,291.856
1940-01-29,12.06,12.05,12.0367,13.4951,16.0589,20.4537,13.9,0.623333,1.28935,30.9716,289.694
1940-02-05,12.37,12.04,12.0711,13.48,16.4152,20.8595,14,0.626667,1.32378,31.5715,295.018
1940-02-13,12.29,12.28,12.0984,13.4659,16.309,20.7246,14,0.626667,1.31651,31.3981,293.11
1940-02-19,12.23,12.23,12.1206,13.4549,16.2294,20.6234,14,0.626667,1.31138,31.2756,291.679
1940-02-26,12.06,12.06,12.1415,13.4458,16.0038,20.3367,14,0.626667,1.29444,30.8717,287.625
1940-03-04,12.2,12.09,12.1715,13.4373,16.2395,20.5901,14,0.63,1.31077,31.2611,290.963
1940-03-11,12.07,12.07,12.1935,13.4262,16.0664,20.3707,14,0.63,1.2981,30.959,287.863
1940-03-18,12.14,12,12.2046,13.4165,16.1596,20.4889,14,0.63,1.30693,31.1696,289.533
1940-03-25,12.18,12.01,12.216,13.4054,16.2128,20.5564,14,0.63,1.31254,31.3034,290.486
1940-04-01,12.48,12.21,12.239,13.3972,16.6512,21.0652,14,0.636667,1.34619,32.1059,297.641
1940-04-08,12.32,12.32,12.2625,13.3858,16.4377,20.7951,14,0.636667,1.33025,31.7258,293.825
1940-04-15,12.04,12.04,12.2899,13.3719,16.0641,20.3225,14,0.636667,1.30134,31.0363,287.148
1940-04-22,12.08,12.08,12.3155,13.3575,16.1175,20.39,14,0.636667,1.30699,31.171,288.102
1940-04-29,12.12,12.03,12.3277,13.343,16.1709,20.4575,14,0.636667,1.31264,31.3058,289.056
1940-05-06,11.76,11.76,12.3273,13.3251,15.7157,19.8539,14,0.643333,1.27499,30.4079,280.47
1940-05-13,9.95,9.95,12.2854,13.2965,13.2968,16.7982,14,0.643333,1.0801,25.7597,237.302
1940-05-20,9.16,9.14,12.2174,13.2632,12.2411,15.4645,14,0.643333,0.995683,23.7465,218.461
1940-05-27,9.27,9.19,12.1691,13.2303,12.3881,15.6502,14,0.643333,1.00898,24.0637,221.085
1940-06-03,9.34,9.09,12.1083,13.1966,12.4055,15.6594,14.1,0.65,1.01796,24.1057,221.174
1940-06-10,9.94,8.99,12.0725,13.1669,13.2024,16.6653,14.1,0.65,1.08472,25.6865,235.382
1940-06-17,9.91,9.91,12.0392,13.1399,13.1625,16.615,14.1,0.65,1.08281,25.6413,234.672
1940-06-24,9.98,9.75,11.9698,13.1102,13.2555,16.7324,14.1,0.65,1.09183,25.8548,236.33
1940-07-01,9.94,9.85,11.9057,13.0798,13.303,16.7778,14,0.656667,1.08883,25.968,237.064
1940-07-08,9.95,9.94,11.8331,13.049,13.3164,16.7947,14,0.656667,1.09131,26.0271,237.302
1940-07-15,9.97,9.97,11.7598,13.0187,13.3431,16.8285,14,0.656667,1.09489,26.1125,237.779
1940-07-22,9.97,9.89,11.6882,12.9891,13.3431,16.8285,14,0.656667,1.09627,26.1456,237.779
1940-07-29,10.25,10.08,11.6252,12.9586,13.7178,17.3011,14,0.656667,1.12845,26.913,244.457
1940-08-05,10.27,10.17,11.5555,12.9256,13.7431,17.3175,14,0.663333,1.13206,26.999,244.934
1940-08-12,9.84,9.84,11.4797,12.8896,13.1677,16.5924,14,0.663333,1.08607,25.9021,234.679
1940-08-19,10.19,9.91,11.4117,12.8551,13.636,17.1826,14,0.663333,1.1261,26.857,243.026
1940-08-26,10.5,10.23,11.3531,12.8215,14.0509,17.7053,14,0.663333,1.16177,27.7076,250.419
1940-09-03,10.85,10.56,11.3139,12.7886,14.509,18.2649,14,0.67,1.20192,28.6652,258.767
1940-09-09,10.31,10.3,11.2602,12.7539,13.7869,17.3558,14,0.67,1.14353,27.2726,245.888
1940-09-16,10.59,10.46,11.2174,12.7212,14.1614,17.8272,14,0.67,1.17602,28.0474,252.566
1940-09-23,10.58,10.58,11.1787,12.6874,14.148,17.8104,14,0.67,1.17634,28.055,252.327
1940-09-30,10.78,10.66,11.1393,12.6563,14.4154,18.147,14,0.67,1.20001,28.6195,257.097
1940-10-07,10.58,10.47,11.0938,12.6235,14.128,17.7692,14,0.67,1.17918,28.1227,252.327
1940-10-14,10.72,10.53,11.0452,12.5921,14.3149,18.0044,14,0.67,1.19622,28.5291,255.666
1940-10-21,10.73,10.65,10.9992,12.5604,14.3283,18.0212,14,0.67,1.19877,28.59,255.905
1940-10-28,11.08,10.81,10.9697,12.5299,14.7957,18.609,14,0.67,1.23931,29.5569,264.252
1940-11-04,11.23,10.79,10.9496,12.4987,14.9699,18.8122,14,0.67,1.25753,29.9914,267.829
1940-11-12,11.17,11.17,10.9322,12.4658,14.89,18.7117,14,0.67,1.25225,29.8656,266.399
1940-11-18,10.79,10.79,10.9095,12.4304,14.3834,18.0751,14,0.67,1.2111,28.884,257.336
1940-11-25,10.57,10.56,10.8686,12.3944,14.0901,17.7066,14,0.67,1.18785,28.3296,252.089
1940-12-02,10.53,10.51,10.8252,12.3578,13.9084,17.4701,14.1,0.67,1.1848,28.0565,249.354
1940-12-09,10.69,10.61,10.7863,12.3196,14.1198,17.7356,14.1,0.67,1.20426,28.5172,253.143
1940-12-16,10.41,10.4,10.7448,12.2798,13.7499,17.271,14.1,0.67,1.17416,27.8046,246.512
1940-12-23,10.44,10.38,10.708,12.2417,13.7896,17.3208,14.1,0.67,1.179,27.9191,247.223
1940-12-30,10.72,10.48,10.6771,12.2022,14.1594,17.7853,14.1,0.67,1.21208,28.7024,253.853
1941-01-06,10.86,10.74,10.6446,12.1647,14.3127,17.9728,14.1,0.673333,1.22937,29.1119,257.168
1941-01-13,10.52,10.52,10.6064,12.1287,13.8646,17.4101,14.1,0.673333,1.19235,28.2352,249.117
1941-01-20,10.45,10.37,10.5546,12.0925,13.7724,17.2942,14.1,0.673333,1.18588,28.0821,247.459
1941-01-27,10.07,10.04,10.5032,12.0554,13.2716,16.6653,14.1,0.673333,1.14423,27.0957,238.461
1941-02-03,10.16,9.96,10.4523,12.0211,13.3579,16.7763,14.1,0.676667,1.15593,27.3729,240.592
1941-02-10,9.53,9.53,10.407,11.9829,12.5296,15.736,14.1,0.676667,1.08574,25.7106,225.673
1941-02-17,9.76,9.55,10.346,11.9475,12.832,16.1158,14.1,0.676667,1.11342,26.3662,231.12
1941-02-24,9.92,9.84,10.2977,11.9149,13.0424,16.38,14.1,0.676667,1.13316,26.8336,234.909
1941-03-03,9.9,9.76,10.2893,11.8812,12.8906,16.1924,14.2,0.68,1.13237,26.626,232.784
1941-03-10,9.98,9.97,10.3094,11.852,12.9948,16.3233,14.2,0.68,1.14302,26.8764,234.665
1941-03-17,9.93,9.93,10.3295,11.8203,12.9297,16.2415,14.2,0.68,1.13879,26.7769,233.49
1941-03-24,9.94,9.92,10.348,11.7887,12.9427,16.2578,14.2,0.68,1.14143,26.8392,233.725
1941-03-31,10.14,9.96,10.3516,11.758,13.2031,16.585,14.2,0.68,1.1659,27.4145,238.427
1941-04-07,9.69,9.69,10.3482,11.7278,12.4938,15.7016,14.3,0.683333,1.11567,26.05,226.253
1941-04-14,9.4,9.4,10.3406,11.6973,12.1199,15.2317,14.3,0.683333,1.08379,25.3057,219.482
1941-04-21,9.4,9.32,10.3278,11.6667,12.1199,15.2317,14.3,0.683333,1.08531,25.341,219.482
1941-04-28,9.33,9.3,10.312,11.6348,12.0297,15.1183,14.3,0.683333,1.07875,25.1878,217.847
1941-05-05,9.45,9.34,10.2978,11.6005,12.0627,15.1706,14.4,0.686667,1.09415,25.37,219.117
1941-05-12,9.35,9.33,10.2833,11.5651,11.9351,15.0101,14.4,0.686667,1.0841,25.1369,216.798
1941-05-19,9.44,9.4,10.264,11.5276,12.05,15.1546,14.4,0.686667,1.09606,25.4144,218.885
1941-05-26,9.38,9.33,10.2465,11.4907,11.9734,15.0583,14.4,0.686667,1.09063,25.2884,217.494
1941-06-02,9.49,9.36,10.2346,11.4539,11.8278,14.884,14.7,0.69,1.10496,25.0979,215.554
1941-06-09,9.85,9.66,10.2248,11.4168,12.2765,15.4486,14.7,0.69,1.14842,26.0851,223.731
1941-06-16,9.76,9.76,10.2111,11.3831,12.1643,15.3074,14.7,0.69,1.13948,25.8818,221.686
1941-06-23,9.89,9.88,10.1909,11.3532,12.3263,15.5113,14.7,0.69,1.1562,26.2618,224.639
1941-06-30,9.91,9.82,10.1806,11.3254,12.3513,15.5427,14.7,0.69,1.16009,26.3501,225.094
1941-07-07,10.28,10.09,10.1706,11.3059,12.7698,16.0763,14.7,0.693333,1.20497,27.3694,233.498
1941-07-14,10.25,10.21,10.1589,11.2843,12.7326,16.0294,14.7,0.693333,1.20301,27.325,232.816
1941-07-21,10.34,10.34,10.1489,11.27,12.8444,16.1702,14.7,0.693333,1.21514,27.6005,234.86
1941-07-28,10.34,10.34,10.1461,11.2531,12.8444,16.1702,14.7,0.693333,1.21671,27.6361,234.86
1941-08-04,10.23,10.23,10.1373,11.2405,12.4876,15.7288,14.9,0.696667,1.20534,27.0104,229.243
1941-08-11,10.03,10.03,10.1211,11.2314,12.2435,15.4213,14.9,0.696667,1.18336,26.5177,224.761
1941-08-18,10.15,10.13,10.0996,11.223,12.3899,15.6058,14.9,0.696667,1.19909,26.8704,227.45
1941-08-25,10.28,10.17,10.0757,11.2126,12.5486,15.8057,14.9,0.696667,1.21604,27.25,230.363
1941-09-02,10.21,10.21,10.0582,11.2064,12.2438,15.4304,15.1,0.7,1.20935,26.7412,225.764
1941-09-08,10.23,10.12,10.0448,11.198,12.2677,15.4606,15.1,0.7,1.21331,26.8288,226.207
1941-09-15,10.29,10.24,10.0387,11.1969,12.3397,15.5513,15.1,0.7,1.22202,27.0215,227.533
1941-09-22,10.09,10.09,10.0295,11.194,12.0999,15.249,15.1,0.7,1.19987,26.5316,223.111
1941-09-29,10.13,10.13,10.0188,11.1879,12.1478,15.3094,15.1,0.7,1.20623,26.6722,223.995
1941-10-06,9.84,9.84,10.0078,11.1816,11.5896,14.6187,15.3,0.703333,1.17331,25.6051,214.739
1941-10-14,9.62,9.58,9.99095,11.1747,11.3305,14.2918,15.3,0.703333,1.14869,25.0678,209.938
1941-10-20,9.82,9.71,9.9662,11.1685,11.566,14.589,15.3,0.703333,1.17418,25.6242,214.302
1941-10-27,9.5,9.5,9.9382,11.1633,11.1891,14.1136,15.3,0.703333,1.13754,24.8245,207.319
1941-11-03,9.55,9.55,9.92115,11.1544,11.1213,14.0469,15.4,0.706667,1.14515,24.8284,207.057
1941-11-10,9.3,9.21,9.89845,11.1424,10.8302,13.6792,15.4,0.706667,1.1168,24.2138,201.636
1941-11-17,9.38,9.26,9.8833,11.1321,10.9233,13.7969,15.4,0.706667,1.12804,24.4575,203.371
1941-11-24,9.12,9.12,9.86195,11.125,10.6205,13.4145,15.4,0.706667,1.09841,23.815,197.734
1941-12-01,9.32,9.07,9.85075,11.1189,10.7314,13.5807,15.5,0.71,1.12414,24.2156,200.766
1941-12-08,8.73,8.68,9.82615,11.1079,10.052,12.721,15.5,0.71,1.05463,22.7182,188.057
1941-12-15,8.49,8.49,9.7944,11.0952,9.7757,12.3713,15.5,0.71,1.02728,22.1291,182.887
1941-12-22,8.42,8.38,9.7638,11.0795,9.6951,12.2693,15.5,0.71,1.02046,21.9823,181.379
1941-12-29,8.89,8.37,9.7373,11.0683,10.2363,12.9542,15.5,0.71,1.07908,23.245,191.504
1942-01-05,8.85,8.85,9.71135,11.0596,10.0112,12.6931,15.7,0.703333,1.07587,22.8805,188.213
1942-01-12,8.96,8.84,9.68695,11.0535,10.1356,12.8508,15.7,0.703333,1.09088,23.1999,190.553
1942-01-19,8.84,8.81,9.65755,11.0509,9.99988,12.6787,15.7,0.703333,1.07792,22.9242,188.001
1942-01-26,8.85,8.85,9.6363,11.0506,10.0112,12.6931,15.7,0.703333,1.08079,22.9852,188.213
1942-02-02,8.85,8.84,9.6214,11.0468,9.90408,12.5846,15.8,0.696667,1.08242,22.8743,187.022
1942-02-09,8.62,8.6,9.6062,11.0389,9.64668,12.2576,15.8,0.696667,1.05593,22.3144,182.162
1942-02-16,8.47,8.47,9.58515,11.029,9.47882,12.0443,15.8,0.696667,1.0392,21.9608,178.992
1942-02-24,8.59,8.46,9.5668,11.023,9.61311,12.2149,15.8,0.696667,1.05557,22.3067,181.528
1942-03-02,8.16,8.16,9.54045,11.0117,8.98141,11.4424,16,0.69,1.00436,20.9592,170.285
1942-03-09,8.03,7.98,9.5056,11.0005,8.83833,11.2601,16,0.69,0.989989,20.6594,167.572
1942-03-16,8.11,8.11,9.4756,10.9913,8.92638,11.3723,16,0.69,1.00149,20.8993,169.242
1942-03-23,8.05,8.05,9.44275,10.9851,8.86034,11.2882,16,0.69,0.995717,20.7789,167.99
1942-03-30,8.11,8.01,9.40805,10.9786,8.92638,11.3723,16,0.69,1.00478,20.968,169.242
1942-04-06,7.98,7.98,9.36365,10.9695,8.69683,11.1132,16.1,0.68,0.990294,20.5374,165.495
1942-04-13,7.7,7.7,9.3121,10.9596,8.39168,10.7232,16.1,0.68,0.95717,19.8504,159.688
1942-04-20,7.55,7.55,9.25795,10.9416,8.22821,10.5143,16.1,0.68,0.940149,19.4974,156.577
1942-04-27,7.71,7.47,9.1917,10.9206,8.40258,10.7372,16.1,0.68,0.961701,19.9444,159.895
1942-05-04,7.89,7.77,9.13055,10.9006,8.46321,10.8463,16.3,0.67,0.98576,20.1925,161.62
1942-05-11,7.88,7.79,9.0675,10.88,8.45248,10.8325,16.3,0.67,0.986121,20.1999,161.416
1942-05-18,8.01,7.89,9.0061,10.8573,8.59193,11.0112,16.3,0.67,1.004,20.5662,164.078
1942-05-25,8.15,7.98,8.9502,10.8364,8.7421,11.2037,16.3,0.67,1.02316,20.9587,166.946
1942-06-01,8.37,8.18,8.9042,10.815,8.94822,11.4976,16.3,0.66,1.05238,21.5571,171.453
1942-06-08,8.32,8.32,8.8598,10.797,8.89477,11.429,16.3,0.66,1.04769,21.461,170.429
1942-06-15,8.4,8.38,8.8145,10.7774,8.98029,11.5389,16.3,0.66,1.05936,21.7001,172.067
1942-06-22,8.23,8.21,8.76385,10.7561,8.79855,11.3053,16.3,0.66,1.03952,21.2937,168.585
1942-06-29,8.44,8.23,8.7168,10.737,9.02306,11.5938,16.3,0.66,1.06765,21.8699,172.887
1942-07-06,8.8,8.51,8.67505,10.7209,9.31994,12.0032,16.4,0.646667,1.11476,22.6957,179.162
1942-07-13,8.72,8.72,8.6401,10.7073,9.23522,11.8941,16.4,0.646667,1.1062,22.5215,177.533
1942-07-20,8.63,8.62,8.60385,10.6937,9.1399,11.7714,16.4,0.646667,1.09636,22.3212,175.701
1942-07-27,8.56,8.48,8.5706,10.6753,9.06576,11.6759,16.4,0.646667,1.08905,22.1723,174.276
1942-08-03,8.49,8.46,8.54115,10.6535,8.9079,11.4995,16.5,0.633333,1.08169,21.889,171.803
1942-08-10,8.58,8.48,8.51095,10.6306,9.00233,11.6214,16.5,0.633333,1.09471,22.1525,173.624
1942-08-17,8.71,8.65,8.4885,10.6079,9.13873,11.7975,16.5,0.633333,1.11285,22.5196,176.255
1942-08-24,8.61,8.54,8.4687,10.5853,9.03381,11.6621,16.5,0.633333,1.10163,22.2925,174.231
1942-08-31,8.61,8.61,8.4514,10.5625,9.03381,11.6621,16.5,0.633333,1.10319,22.324,174.231
1942-09-08,8.54,8.54,8.43745,10.5367,8.93141,11.5557,16.5,0.62,1.09575,22.1735,172.815
1942-09-14,8.66,8.55,8.42145,10.5158,9.05691,11.7181,16.5,0.62,1.11268,22.516,175.243
1942-09-21,8.9,8.65,8.4183,10.4962,9.30791,12.0428,16.5,0.62,1.14504,23.171,180.1
1942-09-28,9.05,8.85,8.42495,10.479,9.46479,12.2458,16.5,0.62,1.16588,23.5926,183.135
1942-10-05,9.34,9.13,8.4449,10.4641,9.61978,12.4689,16.7,0.61,1.20475,24.0872,186.74
1942-10-13,9.35,9.31,8.45915,10.4464,9.63008,12.4822,16.7,0.61,1.20755,24.1432,186.94
1942-10-19,9.43,9.35,8.47065,10.4295,9.71247,12.589,16.7,0.61,1.2194,24.3801,188.539
1942-10-26,9.36,9.3,8.48045,10.4106,9.64037,12.4956,16.7,0.61,1.21186,24.2294,187.14
1942-11-02,9.58,9.44,8.49265,10.3931,9.77356,12.6888,16.8,0.6,1.24184,24.681,190.398
1942-11-09,9.57,9.57,8.5065,10.3793,9.76335,12.6756,16.8,0.6,1.24204,24.685,190.199
1942-11-16,9.48,9.36,8.5197,10.363,9.67154,12.5564,16.8,0.6,1.23186,24.4826,188.411
1942-11-23,9.34,9.31,8.53075,10.3504,9.52871,12.3709,16.8,0.6,1.21516,24.1508,185.628
1942-11-30,9.34,9.28,8.54935,10.3356,9.52871,12.3709,16.8,0.6,1.21666,24.1807,185.628
1942-12-07,9.37,9.3,8.5708,10.3208,9.46598,12.3078,16.9,0.59,1.22205,24.144,185.123
1942-12-14,9.68,9.42,8.5968,10.3072,9.77915,12.715,16.9,0.59,1.26396,24.972,191.247
1942-12-21,9.74,9.67,8.62835,10.2932,9.83977,12.7939,16.9,0.59,1.27328,25.1561,192.433
1942-12-28,9.77,9.65,8.6604,10.2777,9.87008,12.8333,16.9,0.59,1.27868,25.2629,193.025
1943-01-04,9.92,9.89,8.70365,10.2618,9.97951,12.9909,16.9,0.59,1.2998,25.6801,195.989
1943-01-11,10.09,9.93,8.7513,10.2512,10.1505,13.2136,16.9,0.59,1.32356,26.1495,199.348
1943-01-18,10.17,10.02,8.8007,10.2417,10.231,13.3183,16.9,0.59,1.33554,26.3862,200.928
1943-01-25,10.44,10.3,8.86175,10.239,10.5026,13.6719,16.9,0.59,1.37249,27.1162,206.263
1943-02-01,10.51,10.43,8.9293,10.2383,10.5287,13.7177,16.9,0.59,1.38318,27.3275,207.646
1943-02-08,10.67,10.5,8.99055,10.2385,10.6889,13.9265,16.9,0.59,1.40573,27.773,210.807
1943-02-15,10.64,10.64,9.06635,10.2369,10.6589,13.8873,16.9,0.59,1.40328,27.7245,210.214
1943-02-23,10.97,10.84,9.1269,10.2371,10.9895,14.3181,16.9,0.59,1.4483,28.6139,216.734
1943-03-01,11.05,10.84,9.20405,10.2363,10.8309,14.1209,17.2,0.59,1.46035,28.3489,214.507
1943-03-08,11.05,10.9,9.2796,10.2355,10.8309,14.1209,17.2,0.59,1.46185,28.378,214.507
1943-03-15,10.88,10.88,9.35005,10.2349,10.6643,13.9037,17.2,0.59,1.44087,27.9706,211.206
1943-03-22,11.3,10.92,9.4188,10.234,11.076,14.4404,17.2,0.59,1.49799,29.0795,219.36
1943-03-29,11.56,11.49,9.49885,10.2344,11.3308,14.7726,17.2,0.59,1.53396,29.7778,224.407
1943-04-05,11.14,11.14,9.5775,10.2311,10.7497,14.0226,17.4,0.59,1.47973,28.395,213.768
1943-04-12,11.33,11.14,9.65285,10.2313,10.9331,14.2617,17.4,0.59,1.50648,28.9082,217.414
1943-04-19,11.48,11.34,9.71445,10.2312,11.0778,14.4506,17.4,0.59,1.52793,29.3198,220.292
1943-04-26,11.59,11.48,9.7857,10.2349,11.184,14.589,17.4,0.59,1.54408,29.6298,222.403
1943-05-03,11.81,11.81,9.86305,10.2383,11.2858,14.7276,17.5,0.59,1.5749,30.0485,225.33
1943-05-10,11.7,11.7,9.9425,10.239,11.1806,14.5904,17.5,0.59,1.56175,29.7975,223.231
1943-05-17,11.9,11.72,10.0249,10.2381,11.3718,14.8398,17.5,0.59,1.58996,30.3357,227.047
1943-05-24,12.05,11.87,10.1113,10.2376,11.5151,15.0269,17.5,0.59,1.61152,30.7471,229.909
1943-06-01,12.18,12.18,10.1851,10.239,11.5929,15.1332,17.5,0.59,1.63042,31.1077,232.389
1943-06-07,12.08,12.08,10.2711,10.2416,11.4977,15.0089,17.5,0.59,1.61855,30.8813,230.481
1943-06-14,11.96,11.88,10.3534,10.2448,11.3835,14.8598,17.5,0.59,1.60399,30.6035,228.192
1943-06-21,12.21,11.89,10.4373,10.2504,11.6214,15.1704,17.5,0.59,1.63904,31.2723,232.962
1943-06-28,12.35,12.28,10.5303,10.2556,11.7547,15.3444,17.5,0.59,1.65936,31.6599,235.633
1943-07-06,12.41,12.35,10.6061,10.2542,11.8314,15.4484,17.4,0.593333,1.66896,32.026,238.138
1943-07-12,12.54,12.49,10.7022,10.2516,11.9554,15.6102,17.4,0.593333,1.68797,32.3909,240.633
1943-07-19,12.51,12.47,10.7928,10.2495,11.9268,15.5729,17.4,0.593333,1.68547,32.3429,240.057
1943-07-26,11.85,11.85,10.8641,10.2448,11.2975,14.7513,17.4,0.593333,1.59809,30.666,227.392
1943-08-02,11.63,11.47,10.9215,10.239,11.1055,14.5081,17.3,0.596667,1.56996,30.3005,224.461
1943-08-09,11.84,11.6,10.979,10.2345,11.306,14.77,17.3,0.596667,1.59986,30.8776,228.514
1943-08-16,11.81,11.81,11.0415,10.2288,11.2774,14.7326,17.3,0.596667,1.59736,30.8293,227.935
1943-08-23,11.67,11.6,11.0953,10.2221,11.1437,14.558,17.3,0.596667,1.57998,30.4937,225.233
1943-08-30,11.82,11.67,11.1519,10.2164,11.2869,14.7451,17.3,0.596667,1.60184,30.9157,228.128
1943-09-07,11.93,11.78,11.2011,10.2129,11.2796,14.7423,17.4,0.6,1.61831,31.0541,228.927
1943-09-13,12.1,11.89,11.2672,10.2096,11.4403,14.9524,17.4,0.6,1.64293,31.5266,232.19
1943-09-20,12.1,12.1,11.3383,10.2077,11.4403,14.9524,17.4,0.6,1.6445,31.5567,232.19
1943-09-27,12.09,11.98,11.4043,10.2067,11.4308,14.94,17.4,0.6,1.64471,31.5607,231.998
1943-10-04,11.72,11.67,11.4592,10.2035,11.0367,14.433,17.4,0.603333,1.59595,30.6251,224.898
1943-10-11,11.83,11.7,11.5004,10.2006,11.1403,14.5684,17.4,0.603333,1.61251,30.9429,227.009
1943-10-18,11.89,11.84,11.5514,10.1979,11.1968,14.6423,17.4,0.603333,1.62227,31.1301,228.16
1943-10-25,11.91,11.88,11.6013,10.1951,11.2156,14.6669,17.4,0.603333,1.62658,31.2129,228.544
1943-11-01,11.59,11.59,11.635,10.1898,10.875,14.2344,17.4,0.606667,1.58447,30.4048,222.403
1943-11-08,11.29,11.26,11.6579,10.1856,10.5935,13.8659,17.4,0.606667,1.54506,29.6484,216.646
1943-11-15,11.3,11.13,11.6781,10.1813,10.6029,13.8782,17.4,0.606667,1.54802,29.7053,216.838
1943-11-22,11.15,11.15,11.6937,10.1763,10.4621,13.694,17.4,0.606667,1.52907,29.3417,213.96
1943-11-29,11.23,10.99,11.7056,10.1722,10.5372,13.7923,17.4,0.606667,1.54164,29.5829,215.495
1943-12-06,11.49,11.28,11.7223,10.1678,10.7467,14.0803,17.4,0.61,1.57894,30.2987,220.484
1943-12-13,11.56,11.44,11.7365,10.1641,10.8122,14.166,17.4,0.61,1.59018,30.5142,221.827
1943-12-20,11.61,11.59,11.7518,10.161,10.859,14.2273,17.4,0.61,1.59867,30.6772,222.787
1943-12-27,11.67,11.48,11.7663,10.1591,10.9151,14.3008,17.4,0.61,1.60854,30.8667,223.938
1944-01-03,11.87,11.66,11.7892,10.1574,11.0711,14.5193,17.4,0.613333,1.63774,31.4269,227.776
1944-01-10,11.86,11.81,11.8027,10.1564,11.0617,14.5071,17.4,0.613333,1.63798,31.4317,227.584
1944-01-17,11.9,11.87,11.8095,10.1552,11.099,14.556,17.4,0.613333,1.64514,31.5689,228.352
1944-01-24,11.81,11.74,11.8212,10.1533,11.0151,14.4459,17.4,0.613333,1.63433,31.3615,226.625
1944-01-31,11.6,11.6,11.8317,10.1489,10.8192,14.189,17.4,0.613333,1.6069,30.8351,222.595
1944-02-07,11.74,11.56,11.8368,10.146,10.92,14.3359,17.4,0.616667,1.62793,31.2388,225.281
1944-02-14,11.78,11.74,11.8378,10.1447,10.9572,14.3847,17.4,0.616667,1.63513,31.3768,226.049
1944-02-21,11.8,11.76,11.8359,10.1433,10.9758,14.4091,17.4,0.616667,1.63955,31.4616,226.433
1944-02-28,11.9,11.82,11.8376,10.1422,11.0688,14.5312,17.4,0.616667,1.65509,31.7599,228.352
1944-03-06,12.1,11.93,11.8412,10.1439,11.2247,14.7496,17.4,0.62,1.68456,32.3255,232.19
1944-03-13,12.31,12.22,11.8458,10.1557,11.4195,15.0055,17.4,0.62,1.71546,32.9184,236.219
1944-03-20,12.13,12.1,11.8465,10.1706,11.2525,14.7861,17.4,0.62,1.69204,32.4689,232.765
1944-03-27,12.02,11.95,11.847,10.1843,11.1505,14.652,17.4,0.62,1.67836,32.2064,230.654
1944-04-03,12.04,11.96,11.848,10.1978,11.0763,14.5695,17.5,0.623333,1.68282,32.1076,229.718
1944-04-10,11.95,11.95,11.8447,10.2079,10.9935,14.4606,17.5,0.623333,1.67192,31.8995,228.001
1944-04-17,11.8,11.69,11.8305,10.2173,10.8555,14.2791,17.5,0.623333,1.65261,31.5311,225.139
1944-04-24,11.87,11.67,11.8122,10.2268,10.9199,14.3638,17.5,0.623333,1.66409,31.7502,226.475
1944-05-01,12.08,11.95,11.7992,10.2375,11.0854,14.5959,17.5,0.626667,1.69522,32.3441,230.481
1944-05-08,12,12,11.7953,10.2477,11.012,14.4992,17.5,0.626667,1.68569,32.1622,228.955
1944-05-15,12.12,11.99,11.8022,10.2585,11.1221,14.6442,17.5,0.626667,1.70424,32.5161,231.244
1944-05-22,12.22,12.13,11.8144,10.2697,11.2139,14.765,17.5,0.626667,1.71999,32.8167,233.152
1944-05-29,12.3,12.27,11.8243,10.28,11.2873,14.8617,17.5,0.626667,1.73295,33.0639,234.679
1944-06-05,12.27,12.23,11.8364,10.29,11.1687,14.7175,17.6,0.63,1.73043,32.8283,232.776
1944-06-12,12.82,12.55,11.8604,10.3049,11.6693,15.3772,17.6,0.63,1.8097,34.3322,243.21
1944-06-19,12.9,12.9,11.8882,10.3184,11.7421,15.4732,17.6,0.63,1.82271,34.5789,244.728
1944-06-26,12.98,12.94,11.9147,10.3308,11.815,15.5691,17.6,0.63,1.83572,34.8258,246.246
1944-07-03,13.16,13.11,11.9349,10.3424,11.8833,15.6708,17.7,0.633333,1.8629,35.1418,248.25
1944-07-10,13.23,13.22,11.9642,10.357,11.9465,15.7542,17.7,0.633333,1.87454,35.3612,249.57
1944-07-17,12.78,12.78,11.9877,10.3679,11.5401,15.2183,17.7,0.633333,1.8125,34.191,241.082
1944-07-24,12.7,12.7,12.0134,10.3785,11.4679,15.1231,17.7,0.633333,1.80288,34.0096,239.573
1944-07-31,12.61,12.61,12.0351,10.3877,11.3866,15.0159,17.7,0.633333,1.79184,33.8012,237.875
1944-08-07,12.83,12.62,12.0554,10.3989,11.5597,15.2572,17.7,0.636667,1.82484,34.4237,242.025
1944-08-14,13.04,12.84,12.0822,10.4105,11.7489,15.5069,17.7,0.636667,1.85645,35.02,245.986
1944-08-21,12.8,12.8,12.12,10.4209,11.5327,15.2215,17.7,0.636667,1.82402,34.4083,241.459
1944-08-28,12.86,12.8,12.1607,10.4298,11.5868,15.2929,17.7,0.636667,1.83432,34.6025,242.591
1944-09-05,12.41,12.41,12.186,10.4357,11.1577,14.7406,17.7,0.64,1.77189,33.4248,234.102
1944-09-11,12.45,12.35,12.2193,10.4421,11.1937,14.7881,17.7,0.64,1.77935,33.5657,234.857
1944-09-18,12.65,12.53,12.2494,10.4514,11.3735,15.0257,17.7,0.64,1.8097,34.1381,238.629
1944-09-25,12.74,12.69,12.2805,10.4622,11.4544,15.1326,17.7,0.64,1.82433,34.4142,240.327
1944-10-02,12.97,12.8,12.3122,10.4744,11.6369,15.3871,17.7,0.64,1.85903,35.0687,244.666
1944-10-09,13.02,12.89,12.3402,10.4861,11.6818,15.4465,17.7,0.64,1.86796,35.2372,245.609
1944-10-16,13.02,12.95,12.3708,10.4991,11.6818,15.4465,17.7,0.64,1.86973,35.2705,245.609
1944-10-23,12.75,12.73,12.394,10.5107,11.4396,15.1261,17.7,0.64,1.83272,34.5724,240.516
1944-10-30,12.89,12.76,12.4179,10.5215,11.5652,15.2922,17.7,0.64,1.85462,34.9854,243.157
1944-11-06,12.98,12.94,12.44,10.5321,11.6217,15.3803,17.7,0.64,1.86934,35.2631,244.854
1944-11-13,12.67,12.67,12.4629,10.5429,11.3442,15.013,17.7,0.64,1.82646,34.4544,239.007
1944-11-20,12.75,12.72,12.4858,10.5544,11.4158,15.1078,17.7,0.64,1.83977,34.7054,240.516
1944-11-27,12.8,12.78,12.5124,10.568,11.4606,15.167,17.7,0.64,1.84876,34.875,241.459
1944-12-04,13.09,12.91,12.5417,10.5827,11.6298,15.4024,17.8,0.64,1.89242,35.4981,245.542
1944-12-11,13.27,13.1,12.5745,10.6014,11.7897,15.6142,17.8,0.64,1.92023,36.0196,248.919
1944-12-18,13.12,13.11,12.6043,10.6182,11.6565,15.4377,17.8,0.64,1.9003,35.6459,246.105
1944-12-26,13.28,12.97,12.623,10.635,11.7986,15.626,17.8,0.64,1.92526,36.114,249.106
1945-01-02,13.46,13.33,12.6463,10.6528,11.9339,15.8149,17.8,0.643333,1.95315,36.6371,252.483
1945-01-08,13.64,13.58,12.6832,10.6711,12.0935,16.0264,17.8,0.643333,1.98106,37.1608,255.859
1945-01-15,13.44,13.44,12.7221,10.6886,11.9161,15.7914,17.8,0.643333,1.95381,36.6496,252.108
1945-01-22,13.46,13.21,12.7543,10.7063,11.9339,15.8149,17.8,0.643333,1.95852,36.7379,252.483
1945-01-29,13.6,13.46,12.7944,10.7236,12.058,15.9794,17.8,0.643333,1.98069,37.1538,255.109
1945-02-05,13.68,13.68,12.8445,10.7435,12.1116,16.0557,17.8,0.646667,1.99415,37.4063,256.61
1945-02-13,14.05,13.9,12.8874,10.7668,12.4391,16.4899,17.8,0.646667,2.0499,38.452,263.55
1945-02-19,14.16,14.16,12.9306,10.7906,12.5365,16.619,17.8,0.646667,2.06776,38.7871,265.613
1945-02-26,14.23,14.09,12.9846,10.8151,12.5985,16.7012,17.8,0.646667,2.0798,39.0129,266.926
1945-03-05,13.82,13.82,13.0381,10.8369,12.226,16.21,17.8,0.65,2.0217,37.9231,259.236
1945-03-12,14.09,13.99,13.0842,10.8606,12.4649,16.5267,17.8,0.65,2.06303,38.6983,264.3
1945-03-19,13.74,13.68,13.1216,10.8821,12.1552,16.1162,17.8,0.65,2.01361,37.7714,257.735
1945-03-26,13.61,13.39,13.1462,10.9033,12.0402,15.9637,17.8,0.65,1.99639,37.4484,255.296
1945-04-02,13.77,13.67,13.173,10.9247,12.1807,16.1478,17.8,0.65,2.0217,37.923,258.298
1945-04-09,14.2,13.81,13.1995,10.9464,12.5611,16.6521,17.8,0.65,2.08666,39.1417,266.364
1945-04-16,14.49,14.49,13.2384,10.9701,12.8176,16.9921,17.8,0.65,2.13112,39.9755,271.803
1945-04-23,14.7,14.63,13.2759,10.9941,13.0034,17.2384,17.8,0.65,2.16384,40.5893,275.743
1945-04-30,14.92,14.77,13.3165,11.0191,13.198,17.4964,17.8,0.65,2.19806,41.2313,279.869
1945-05-07,14.62,14.62,13.3637,11.0409,12.8606,17.0432,17.9,0.65,2.15571,40.2109,272.71
1945-05-14,14.87,14.63,13.4132,11.0639,13.0805,17.3347,17.9,0.65,2.19441,40.9329,277.373
1945-05-21,14.79,14.7,13.4643,11.0862,13.0102,17.2414,17.9,0.65,2.18445,40.7471,275.881
1945-05-28,15.03,15.01,13.5106,11.1096,13.2213,17.5212,17.9,0.65,2.22175,41.4427,280.358
1945-06-04,14.93,14.93,13.5623,11.1332,12.991,17.2076,18.1,0.65,2.20881,40.7462,275.415
1945-06-11,15.1,14.89,13.615,11.1585,13.1389,17.4035,18.1,0.65,2.23581,41.2443,278.551
1945-06-18,15.28,15.09,13.6737,11.1842,13.2955,17.611,18.1,0.65,2.26432,41.77,281.872
1945-06-25,14.87,14.87,13.7407,11.2071,12.9388,17.1384,18.1,0.65,2.20541,40.6834,274.308
1945-07-02,14.91,14.86,13.7911,11.2306,12.9802,17.1852,18.1,0.653333,2.21321,40.8272,275.046
1945-07-09,15.05,15.04,13.8522,11.2547,13.1021,17.3465,18.1,0.653333,2.23585,41.245,277.629
1945-07-16,14.66,14.56,13.9011,11.2766,12.7626,16.897,18.1,0.653333,2.17978,40.2106,270.434
1945-07-23,14.45,14.38,13.942,11.2984,12.5797,16.655,18.1,0.653333,2.15042,39.6691,266.561
1945-07-30,14.68,14.6,13.9842,11.3211,12.78,16.9201,18.1,0.653333,2.18652,40.335,270.803
1945-08-06,14.78,14.52,14.0263,11.3458,12.8718,17.0345,18.1,0.656667,2.2033,40.6444,272.648
1945-08-13,14.62,14.61,14.054,11.3708,12.7325,16.8501,18.1,0.656667,2.18133,40.2392,269.697
1945-08-20,15.05,14.4,14.1005,11.397,13.107,17.3457,18.1,0.656667,2.24737,41.4574,277.629
1945-08-27,15.51,15.27,14.1606,11.427,13.5076,17.8758,18.1,0.656667,2.31794,42.7594,286.115
1945-09-04,15.73,15.51,14.2184,11.4579,13.7024,18.1229,18.1,0.66,2.35272,43.4009,290.173
1945-09-10,15.86,15.78,14.2966,11.4907,13.8157,18.2727,18.1,0.66,2.37406,43.7946,292.571
1945-09-17,15.95,15.51,14.3728,11.5236,13.8941,18.3764,18.1,0.66,2.38943,44.0781,294.231
1945-09-24,16.05,15.86,14.4466,11.5582,13.9812,18.4916,18.1,0.66,2.40632,44.3896,296.076
1945-10-01,16.38,16.3,14.5256,11.5935,14.2701,18.8607,18.1,0.66,2.4577,45.3373,302.163
1945-10-08,16.58,16.5,14.5934,11.6327,14.4444,19.091,18.1,0.66,2.48961,45.926,305.853
1945-10-15,16.59,16.59,14.6817,11.6732,14.4531,19.1025,18.1,0.66,2.49302,45.9889,306.037
1945-10-22,16.49,16.33,14.7576,11.7136,14.366,18.9874,18.1,0.66,2.4799,45.7469,304.193
1945-10-29,16.86,16.3,14.8321,11.7534,14.6883,19.4134,18.1,0.66,2.53745,46.8086,311.018
1945-11-05,17.1,16.94,14.9025,11.7947,14.9,19.678,18.1,0.66,2.57548,47.5101,315.445
1945-11-13,17,16.95,14.9775,11.8349,14.8128,19.5629,18.1,0.66,2.56233,47.2675,313.601
1945-11-19,16.85,16.85,15.0495,11.8749,14.6821,19.3903,18.1,0.66,2.54163,46.8858,310.834
1945-11-26,17.19,16.94,15.1349,11.9166,14.9784,19.7816,18.1,0.66,2.59483,47.8671,317.106
1945-12-03,17.54,17.41,15.2245,11.9601,15.2024,20.0615,18.2,0.66,2.64958,48.6085,321.784
1945-12-10,17.31,17.29,15.3071,12.0036,15.003,19.7985,18.2,0.66,2.61675,48.0063,317.565
1945-12-17,16.98,16.94,15.377,12.0461,14.717,19.421,18.2,0.66,2.56879,47.1263,311.511
1945-12-26,17.31,17.28,15.4217,12.0897,15.003,19.7985,18.2,0.66,2.62063,48.0774,317.565
1945-12-31,17.23,17.23,15.4877,12.135,14.9337,19.707,18.2,0.66,2.61044,47.8905,316.097
1946-01-07,18.13,17.31,15.5834,12.1855,15.7185,20.7252,18.2,0.666667,2.74874,50.4276,332.608
1946-01-14,18.3,18.3,15.7021,12.2365,15.8659,20.9196,18.2,0.666667,2.77646,50.9361,335.727
1946-01-21,18.09,17.74,15.8089,12.2867,15.6839,20.6795,18.2,0.666667,2.74654,50.3873,331.874
1946-01-28,18.64,18.56,15.9284,12.3393,16.1607,21.3082,18.2,0.666667,2.83199,51.955,341.965
1946-02-04,18.55,18.55,16.0339,12.3922,16.1803,21.3171,18.1,0.673333,2.82028,52.0261,342.194
1946-02-11,18.44,17.98,16.106,12.4459,16.0844,21.1907,18.1,0.673333,2.80553,51.7539,340.165
1946-02-18,17.72,17.37,16.1676,12.4967,15.4564,20.3633,18.1,0.673333,2.69796,49.7695,326.883
1946-02-25,17.21,16.81,16.223,12.5442,15.0115,19.7773,18.1,0.673333,2.62228,48.3734,317.475
1946-03-04,17.49,17.09,16.2867,12.5922,15.1003,19.8811,18.3,0.68,2.66693,48.6595,319.114
1946-03-11,17.28,17.09,16.3492,12.6392,14.919,19.6424,18.3,0.68,2.63691,48.1116,315.282
1946-03-18,17.7,17.45,16.419,12.6877,15.2816,20.1198,18.3,0.68,2.70299,49.3174,322.945
1946-03-25,18.04,17.93,16.4931,12.7371,15.5752,20.5063,18.3,0.68,2.75691,50.3012,329.149
1946-04-01,18.54,18.06,16.5779,12.788,15.9377,20.9662,18.4,0.68,2.83532,51.4507,336.433
1946-04-08,18.77,18.62,16.6705,12.8402,16.1354,21.2263,18.4,0.68,2.8725,52.1253,340.607
1946-04-15,18.9,18.62,16.7413,12.8927,16.2472,21.3733,18.4,0.68,2.89439,52.5226,342.966
1946-04-22,18.58,18.54,16.8304,12.9445,15.9721,21.0114,18.4,0.68,2.84739,51.6697,337.159
1946-04-29,18.46,18.46,16.9221,12.9946,15.8689,20.8757,18.4,0.68,2.831,51.3723,334.981
1946-05-06,18.74,18.26,17.0105,13.0443,16.048,21.0933,18.5,0.68,2.87595,51.9058,338.224
1946-05-13,18.6,18.53,17.112,13.0937,15.9281,20.9357,18.5,0.68,2.85647,51.5543,335.697
1946-05-20,18.78,18.64,17.2165,13.1444,16.0822,21.1384,18.5,0.68,2.88612,52.0894,338.946
1946-05-27,19.18,18.92,17.3058,13.1975,16.4248,21.5886,18.5,0.68,2.9496,53.2352,346.165
1946-06-03,18.82,18.81,17.4117,13.2492,15.9769,20.9821,18.7,0.68,2.89625,51.7132,336.035
1946-06-10,18.79,18.65,17.5169,13.3003,15.9515,20.9486,18.7,0.68,2.89365,51.6667,335.499
1946-06-17,18.23,18.03,17.5982,13.3478,15.4761,20.3243,18.7,0.68,2.80942,50.1628,325.501
1946-06-24,18.43,18.11,17.6667,13.397,15.6458,20.5473,18.7,0.68,2.84226,50.7491,329.072
1946-07-01,18.43,18.43,17.72,13.4461,14.8136,19.4398,19.8,0.683333,2.84429,47.9639,310.79
1946-07-08,18.27,18.27,17.7843,13.4947,14.685,19.271,19.8,0.683333,2.82162,47.5817,308.092
1946-07-15,17.98,17.95,17.8356,13.5413,14.4519,18.9651,19.8,0.683333,2.77886,46.8607,303.201
1946-07-22,17.6,17.39,17.8704,13.5848,14.1464,18.5643,19.8,0.683333,2.72216,45.9045,296.793
1946-07-29,18.02,17.66,17.9059,13.6297,14.484,19.0073,19.8,0.683333,2.78916,47.0343,303.876
1946-08-05,18.05,17.86,17.94,13.6732,14.2615,18.7033,20.2,0.686667,2.79584,46.2134,298.354
1946-08-12,17.84,17.84,17.9786,13.7157,14.0956,18.4857,20.2,0.686667,2.76536,45.7096,294.883
1946-08-19,17.58,17.56,18.0081,13.7564,13.8901,18.2163,20.2,0.686667,2.72711,45.0772,290.586
1946-08-26,16.65,16.65,18.0052,13.7929,13.1553,17.2526,20.2,0.686667,2.58489,42.7265,275.213
1946-09-03,15.84,15,17.9763,13.8242,12.4298,16.2994,20.4,0.69,2.4612,40.2831,259.258
1946-09-09,15.31,14.59,17.9248,13.8529,12.0139,15.754,20.4,0.69,2.38091,38.969,250.583
1946-09-16,14.69,14.33,17.868,13.8789,11.5274,15.1161,20.4,0.69,2.28655,37.4247,240.435
1946-09-23,15.11,14.41,17.8033,13.9078,11.857,15.5482,20.4,0.69,2.35399,38.5285,247.31
1946-09-30,14.81,14.81,17.7439,13.9351,11.6215,15.2395,20.4,0.69,2.30932,37.7973,242.399
1946-10-07,14.63,14.12,17.6775,13.9614,11.295,14.8104,20.8,0.696667,2.28334,36.6534,234.848
1946-10-14,14.97,14.71,17.6213,13.9879,11.5575,15.1546,20.8,0.696667,2.3385,37.5388,240.306
1946-10-21,14.7,14.7,17.5507,14.0127,11.349,14.8812,20.8,0.696667,2.29842,36.8954,235.972
1946-10-28,15.07,14.26,17.4574,14.0392,11.6347,15.2558,20.8,0.696667,2.35836,37.8577,241.912
1946-11-04,14.85,14.67,17.3958,14.0638,11.2311,14.7242,21.3,0.703333,2.32605,36.4625,232.784
1946-11-12,14.73,14.73,17.3251,14.087,11.1403,14.6052,21.3,0.703333,2.30937,36.201,230.903
1946-11-18,14.13,14.13,17.2194,14.1068,10.6865,14.0103,21.3,0.703333,2.21742,34.7597,221.498
1946-11-25,14.68,14.31,17.1397,14.128,11.1025,14.5556,21.3,0.703333,2.30586,36.146,230.119
1946-12-02,14.7,14.44,17.0517,14.149,11.0496,14.4806,21.5,0.71,2.31115,35.8918,228.289
1946-12-09,15.17,15.15,17.0035,14.1715,11.4028,14.9436,21.5,0.71,2.38719,37.0727,235.588
1946-12-16,15.5,15.18,16.9562,14.1958,11.6509,15.2686,21.5,0.71,2.44126,37.9125,240.713
1946-12-23,15.19,15.19,16.914,14.2168,11.4179,14.9633,21.5,0.71,2.39459,37.1877,235.899
1946-12-30,15.26,15.17,16.8732,14.2379,11.4705,15.0322,21.5,0.71,2.40778,37.3925,236.986
1947-01-06,15.24,15.24,16.8149,14.2588,11.4919,15.0518,21.5,0.713333,2.40679,37.3771,236.675
1947-01-13,15.07,14.77,16.7361,14.2798,11.3637,14.8839,21.5,0.713333,2.3821,36.9938,234.035
1947-01-20,15.21,14.97,16.6523,14.2993,11.4693,15.0222,21.5,0.713333,2.4064,37.3711,236.21
1947-01-27,15.66,15.34,16.5717,14.3198,11.8086,15.4666,21.5,0.713333,2.47977,38.5105,243.198
1947-02-03,16.12,15.8,16.4977,14.3447,12.1916,15.9539,21.5,0.716667,2.55479,39.6756,250.342
1947-02-10,15.86,15.86,16.4451,14.3674,11.9949,15.6966,21.5,0.716667,2.51577,39.0696,246.304
1947-02-17,15.8,15.69,16.3759,14.389,11.9496,15.6372,21.5,0.716667,2.50844,38.9558,245.372
1947-02-24,15.43,15.3,16.2979,14.4082,11.6697,15.271,21.5,0.716667,2.45188,38.0775,239.626
1947-03-03,15.16,15.16,16.2186,14.4249,11.2879,14.7575,21.9,0.72,2.41118,36.7614,231.133
1947-03-10,14.78,14.78,16.1217,14.4403,11.005,14.3876,21.9,0.72,2.35294,35.8735,225.339
1947-03-17,15.25,14.82,16.0198,14.4571,11.3549,14.8451,21.9,0.72,2.42997,37.0479,232.505
1947-03-24,15.33,15.02,15.9305,14.4735,11.4145,14.923,21.9,0.72,2.44493,37.2759,233.725
1947-03-31,15.18,15.17,15.859,14.4885,11.3028,14.777,21.9,0.72,2.42321,36.9448,231.438
1947-04-07,14.72,14.72,15.7727,14.5017,10.9904,14.3561,21.9,0.733333,2.35203,35.8596,224.425
1947-04-14,14.09,14.09,15.6693,14.5123,10.52,13.7416,21.9,0.733333,2.25362,34.3592,214.819
1947-04-21,14.39,14.39,15.5703,14.5232,10.744,14.0342,21.9,0.733333,2.30386,35.1252,219.393
1947-04-28,14.79,14.37,15.4791,14.5354,11.0427,14.4243,21.9,0.733333,2.37016,36.136,225.492
1947-05-05,14.63,14.6,15.3993,14.5465,10.9507,14.2918,21.9,0.746667,2.34682,35.7801,223.052
1947-05-12,13.96,13.96,15.3143,14.5536,10.4492,13.6373,21.9,0.746667,2.24165,34.1767,212.837
1947-05-19,14,13.77,15.2149,14.5611,10.4792,13.6764,21.9,0.746667,2.25037,34.3097,213.447
1947-05-26,14.45,14.12,15.1388,14.5741,10.816,14.116,21.9,0.746667,2.32502,35.4477,220.308
1947-06-02,14.5,14.3,15.0489,14.5884,10.8288,14.1173,22,0.76,2.33541,35.4444,220.066
1947-06-09,14.98,14.42,14.976,14.6041,11.1873,14.5846,22,0.76,2.41508,36.6535,227.35
1947-06-16,15.16,14.96,14.9419,14.6209,11.3217,14.7599,22,0.76,2.44645,37.1296,230.082
1947-06-23,15.12,14.94,14.9348,14.6381,11.2918,14.721,22,0.76,2.44236,37.0675,229.475
1947-06-30,15.6,15.21,14.9395,14.657,11.6503,15.1883,22,0.76,2.52225,38.2801,236.76
1947-07-07,15.87,15.52,14.9637,14.6767,11.7706,15.3232,22.2,0.77,2.5683,38.6278,238.688
1947-07-14,15.85,15.75,14.9849,14.6955,11.7558,15.3039,22.2,0.77,2.56746,38.6151,238.387
1947-07-21,16.08,15.8,15.012,14.7154,11.9264,15.5259,22.2,0.77,2.60712,39.2115,241.846
1947-07-28,15.8,15.52,15.0434,14.7339,11.7187,15.2556,22.2,0.77,2.56412,38.5649,237.635
1947-08-04,15.43,15.43,15.0557,14.7525,11.3155,14.7105,22.5,0.78,2.50651,37.1957,228.976
1947-08-11,15.58,15.33,15.0748,14.7712,11.4255,14.8535,22.5,0.78,2.53331,37.5935,231.202
1947-08-18,15.45,15.39,15.0919,14.789,11.3301,14.7296,22.5,0.78,2.51461,37.316,229.273
1947-08-25,15.32,15.22,15.1028,14.8061,11.2348,14.6056,22.5,0.78,2.49589,37.0382,227.344
1947-09-02,15.1,15.1,15.1137,14.8236,10.8562,14.0954,23,0.79,2.46253,35.7487,219.208
1947-09-08,14.99,14.86,15.1299,14.8421,10.7771,13.9927,23,0.79,2.44707,35.5242,217.611
1947-09-15,15.2,14.93,15.1439,14.8616,10.9281,14.1887,23,0.79,2.48383,36.0579,220.659
1947-09-22,14.85,14.85,15.1415,14.8801,10.6765,13.862,23,0.79,2.42912,35.2637,215.578
1947-09-29,15.24,14.94,15.1398,14.9002,10.9569,14.2261,23,0.79,2.4954,36.2258,221.24
1947-10-06,15.29,15.16,15.1364,14.9192,11.0174,14.2855,23,0.806667,2.50612,36.3816,221.966
1947-10-14,15.58,15.55,15.1436,14.9393,11.2263,14.5565,23,0.806667,2.5562,37.1085,226.176
1947-10-20,15.5,15.5,15.1515,14.9587,11.1687,14.4817,23,0.806667,2.54562,36.9549,225.015
1947-10-27,15.43,15.33,15.1658,14.9775,11.1183,14.4163,23,0.806667,2.53667,36.825,223.998
1947-11-03,15.31,15.31,15.1725,14.9947,11.0042,14.2519,23.1,0.823333,2.51955,36.4181,221.294
1947-11-10,15.19,15.16,15.1716,15.0114,10.9179,14.1402,23.1,0.823333,2.5024,36.1703,219.56
1947-11-17,15.33,15.19,15.1618,15.0285,11.0185,14.2705,23.1,0.823333,2.52808,36.5414,221.583
1947-11-24,14.98,14.98,15.1447,15.0444,10.767,13.9447,23.1,0.823333,2.47297,35.7448,216.524
1947-12-01,14.63,14.63,15.1193,15.0595,10.3967,13.4523,23.4,0.84,2.41786,34.5002,208.754
1947-12-08,14.94,14.77,15.0985,15.0755,10.617,13.7373,23.4,0.84,2.47176,35.2693,213.178
1947-12-15,15.12,15.07,15.0909,15.0922,10.7449,13.9028,23.4,0.84,2.50421,35.7324,215.746
1947-12-22,15.12,15.12,15.088,15.1088,10.7449,13.9028,23.4,0.84,2.50689,35.7705,215.746
1947-12-29,15.34,15.04,15.0947,15.126,10.9012,14.1051,23.4,0.84,2.54604,36.3292,218.885
1948-01-05,15.23,15.15,15.0992,15.1417,10.7004,13.834,23.7,0.843333,2.53047,35.6501,214.565
1948-01-12,14.87,14.87,15.0928,15.1545,10.4474,13.507,23.7,0.843333,2.47335,34.8453,209.493
1948-01-19,14.35,14.35,15.0772,15.1656,10.0821,13.0347,23.7,0.843333,2.38956,33.6648,202.167
1948-01-26,14.68,14.32,15.0729,15.1789,10.314,13.3344,23.7,0.843333,2.44721,34.477,206.816
1948-02-02,14.19,14,15.0752,15.1896,10.0636,13.0046,23.5,0.846667,2.36824,33.6484,201.614
1948-02-09,13.85,13.85,15.0648,15.1991,9.82246,12.693,23.5,0.846667,2.31421,32.8808,196.783
1948-02-16,13.96,13.96,15.0512,15.2099,9.90047,12.7938,23.5,0.846667,2.33532,33.1806,198.346
1948-02-24,13.93,13.93,15.037,15.2202,9.8792,12.7663,23.5,0.846667,2.33302,33.148,197.92
1948-03-01,14.11,14.07,15.032,15.2304,10.0513,12.9825,23.4,0.85,2.3659,33.7589,201.334
1948-03-08,13.99,13.95,15.0327,15.2403,9.96585,12.8721,23.4,0.85,2.34852,33.5109,199.622
1948-03-15,14.32,13.84,15.0284,15.2513,10.2009,13.1757,23.4,0.85,2.40667,34.3405,204.331
1948-03-22,14.75,14.69,15.0347,15.264,10.5072,13.5714,23.4,0.85,2.48168,35.4109,210.466
1948-03-29,15.15,14.7,15.0433,15.2782,10.7922,13.9394,23.4,0.85,2.55173,36.4104,216.174
1948-04-05,15.29,15.18,15.0492,15.2933,10.7025,13.8131,23.8,0.85,2.57806,36.1679,214.505
1948-04-12,15.43,15.28,15.055,15.3064,10.8005,13.9396,23.8,0.85,2.60443,36.5377,216.469
1948-04-19,15.78,15.46,15.0605,15.3208,11.0455,14.2558,23.8,0.85,2.66626,37.4052,221.379
1948-04-26,15.48,15.48,15.057,15.3333,10.8355,13.9848,23.8,0.85,2.61833,36.7329,217.17
1948-05-03,15.72,15.5,15.0502,15.3461,10.9417,14.1107,23.9,0.85,2.66169,37.1849,219.615
1948-05-10,16.39,15.81,15.0508,15.3619,11.4081,14.7121,23.9,0.85,2.7779,38.8084,228.975
1948-05-17,16.5,16.37,15.0694,15.3805,11.4846,14.8108,23.9,0.85,2.79932,39.1076,230.512
1948-05-24,16.69,16.53,15.0951,15.4004,11.6169,14.9814,23.9,0.85,2.83433,39.5967,233.166
1948-06-01,16.59,16.59,15.1204,15.4203,11.4255,14.7217,24.1,0.85,2.82012,39.0712,229.846
1948-06-07,16.95,16.54,15.1541,15.4409,11.6734,15.0412,24.1,0.85,2.8841,39.9576,234.833
1948-06-14,16.96,16.96,15.1971,15.4605,11.6803,15.0501,24.1,0.85,2.88858,40.0197,234.972
1948-06-21,16.83,16.76,15.2368,15.4807,11.5908,14.9347,24.1,0.85,2.86922,39.7515,233.171
1948-06-28,16.85,16.61,15.2807,15.5006,11.6046,14.9525,24.1,0.85,2.87542,39.8374,233.448
1948-07-06,16.92,16.79,15.3152,15.5232,11.4737,14.7751,24.4,0.856667,2.89017,39.5495,231.535
1948-07-12,16.25,16.25,15.3551,15.5422,11.0193,14.19,24.4,0.856667,2.77854,38.0219,222.367
1948-07-19,16.27,15.72,15.3802,15.5603,11.0329,14.2075,24.4,0.856667,2.78478,38.1072,222.641
1948-07-26,15.85,15.85,15.4016,15.5758,10.7481,13.8407,24.4,0.856667,2.71571,37.1621,216.893
1948-08-02,16.12,15.85,15.4142,15.5916,10.8447,13.96,24.5,0.863333,2.76482,37.6797,219.688
1948-08-09,15.7,15.67,15.4159,15.605,10.5621,13.5963,24.5,0.863333,2.69563,36.7367,213.964
1948-08-16,16.15,15.74,15.428,15.6206,10.8648,13.986,24.5,0.863333,2.77574,37.8286,220.096
1948-08-23,16.11,15.94,15.4444,15.6374,10.8379,13.9514,24.5,0.863333,2.77172,37.7738,219.551
1948-08-30,16.27,15.97,15.4668,15.6543,10.9456,14.0899,24.5,0.863333,2.80211,38.1878,221.732
1948-09-07,15.83,15.81,15.4805,15.6686,10.5999,13.6419,24.5,0.87,2.72921,37.1944,215.735
1948-09-13,15.73,15.7,15.4974,15.6839,10.5329,13.5557,24.5,0.87,2.71485,36.9987,214.373
1948-09-20,15.6,15.44,15.5159,15.6981,10.4459,13.4437,24.5,0.87,2.6953,36.7323,212.601
1948-09-27,15.67,15.19,15.5282,15.7125,10.4927,13.504,24.5,0.87,2.71029,36.9365,213.555
1948-10-04,15.9,15.82,15.546,15.7265,10.6315,13.6798,24.4,0.89,2.75303,37.6728,217.577
1948-10-11,16.12,15.9,15.5641,15.7408,10.7786,13.8691,24.4,0.89,2.79408,38.2346,220.588
1948-10-18,16.61,16.19,15.5919,15.7582,11.1062,14.2907,24.4,0.89,2.88198,39.4374,227.293
1948-10-25,16.5,16.46,15.6274,15.7743,11.0327,14.196,24.4,0.89,2.86587,39.2169,225.788
1948-11-01,15.43,15.43,15.6526,15.7842,10.3419,13.3078,24.2,0.91,2.68306,37.0187,212.891
1948-11-08,15.04,15,15.6672,15.7912,10.0805,12.9714,24.2,0.91,2.61829,36.1251,207.51
1948-11-15,15.31,15.22,15.6844,15.8006,10.2615,13.2043,24.2,0.91,2.66834,36.8156,211.235
1948-11-22,14.91,14.91,15.7005,15.8078,9.9934,12.8593,24.2,0.91,2.60167,35.8958,205.716
1948-11-29,15.13,14.75,15.724,15.8155,10.1409,13.049,24.2,0.91,2.64311,36.4676,208.752
1948-12-06,15.22,15.17,15.754,15.8232,10.1797,13.0997,24.1,0.93,2.66196,36.88,210.865
1948-12-13,15.2,15.16,15.7835,15.8289,10.1663,13.0825,24.1,0.93,2.66159,36.8749,210.588
1948-12-20,15.25,15.14,15.8111,15.8343,10.1998,13.1255,24.1,0.93,2.67348,37.0396,211.281
1948-12-27,15.2,15.08,15.8418,15.8392,10.1663,13.0825,24.1,0.93,2.66785,36.9616,210.588
1949-01-03,15.61,14.95,15.8646,15.8482,10.4151,13.402,24,0.946667,2.743,38.1612,217.169
1949-01-10,15.24,15.24,15.8797,15.8539,10.1682,13.0844,24,0.946667,2.68119,37.3012,212.022
1949-01-17,15.47,15.38,15.8857,15.8626,10.3217,13.2818,24,0.946667,2.72485,37.9087,215.222
1949-01-24,15.2,15,15.884,15.8705,10.1415,13.05,24,0.946667,2.6805,37.2917,211.465
1949-01-31,15.09,15.09,15.8792,15.8771,10.0681,12.9556,24,0.946667,2.66431,37.0664,209.935
1949-02-07,14.56,14.56,15.8555,15.8789,9.73215,12.5253,23.8,0.963333,2.57401,36.111,204.264
1949-02-14,14.79,14.61,15.8351,15.8804,9.88589,12.7232,23.8,0.963333,2.61794,36.7274,207.49
1949-02-21,14.38,14.38,15.8107,15.8788,9.61183,12.3705,23.8,0.963333,2.54865,35.7553,201.738
1949-02-28,14.67,14.62,15.7709,15.8776,9.80568,12.62,23.8,0.963333,2.60333,36.5224,205.807
1949-03-07,15.02,14.86,15.7314,15.8796,9.97438,12.8382,23.8,0.98,2.66879,37.4407,210.717
1949-03-14,14.94,14.92,15.6881,15.8799,9.92125,12.7698,23.8,0.98,2.65792,37.2882,209.595
1949-03-21,14.89,14.77,15.6425,15.8804,9.88805,12.7271,23.8,0.98,2.65238,37.2105,208.893
1949-03-28,14.94,14.93,15.5949,15.88,9.92125,12.7698,23.8,0.98,2.66464,37.3825,209.595
1949-04-04,14.97,14.92,15.5465,15.8802,9.8362,12.6615,23.9,0.993333,2.6734,37.3485,209.137
1949-04-11,14.99,14.99,15.5116,15.8796,9.84935,12.6784,23.9,0.993333,2.68038,37.446,209.416
1949-04-18,14.7,14.7,15.4643,15.8767,9.6588,12.4331,23.9,0.993333,2.63194,36.7693,205.365
1949-04-25,14.71,14.68,15.4113,15.8759,9.66537,12.4416,23.9,0.993333,2.63715,36.8421,205.505
1949-05-02,14.92,14.78,15.3817,15.876,9.7841,12.5967,23.8,1.00667,2.67827,37.5738,209.314
1949-05-09,14.88,14.82,15.3479,15.8751,9.75787,12.5629,23.8,1.00667,2.67457,37.5218,208.753
1949-05-16,14.73,14.73,15.3204,15.8755,9.65951,12.4363,23.8,1.00667,2.65109,37.1923,206.649
1949-05-23,14.51,14.5,15.2861,15.8758,9.51524,12.2505,23.8,1.00667,2.61497,36.6857,203.562
1949-05-31,14.05,14.05,15.2533,15.8726,9.21358,11.8622,23.8,1.00667,2.53556,35.5717,197.109
1949-06-06,13.81,13.81,15.1999,15.8678,8.96387,11.5469,23.9,1.02,2.49579,34.8672,192.931
1949-06-13,13.87,13.55,15.1435,15.864,9.00281,11.5971,23.9,1.02,2.51018,35.0682,193.769
1949-06-20,14.13,14.04,15.0902,15.8594,9.17157,11.8145,23.9,1.02,2.56078,35.7752,197.402
1949-06-27,14.26,14,15.0485,15.8532,9.25595,11.9232,23.9,1.02,2.5879,36.154,199.218
1949-07-05,14.51,14.34,15.0254,15.8471,9.44235,12.1662,23.7,1.02667,2.63685,37.1487,204.421
1949-07-11,14.76,14.51,15.0061,15.8416,9.60504,12.3758,23.7,1.02667,2.68587,37.8393,207.943
1949-07-18,14.89,14.8,14.9867,15.8363,9.68964,12.4848,23.7,1.02667,2.71312,38.2232,209.775
1949-07-25,15.04,14.94,14.9641,15.8312,9.78725,12.6106,23.7,1.02667,2.74405,38.659,211.888
1949-08-01,15.35,15.12,14.9383,15.8261,9.89001,12.7433,23.8,1.03333,2.80423,39.3409,215.347
1949-08-08,15.32,15.32,14.9099,15.8198,9.87068,12.7184,23.8,1.03333,2.80238,39.3149,214.926
1949-08-15,15.41,15.25,14.8858,15.8139,9.92866,12.7932,23.8,1.03333,2.82248,39.5969,216.188
1949-08-22,15.28,15.17,14.887,15.8078,9.84491,12.6852,23.8,1.03333,2.80231,39.3139,214.365
1949-08-29,15.29,15.12,14.8862,15.8,9.85135,12.6935,23.8,1.03333,2.80779,39.3907,214.505
1949-09-06,15.4,15.28,14.8924,15.7915,9.82662,12.6616,23.9,1.04,2.83166,39.5594,215.144
1949-09-12,15.66,15.52,14.9103,15.7848,9.99252,12.8753,23.9,1.04,2.88315,40.2787,218.776
1949-09-19,15.57,15.19,14.9161,15.7784,9.9351,12.8013,23.9,1.04,2.87026,40.0987,217.519
1949-09-26,15.58,15.41,14.9239,15.7703,9.94148,12.8096,23.9,1.04,2.87579,40.1759,217.659
1949-10-03,15.85,15.6,14.9386,15.7619,10.1443,13.0717,23.7,1.07333,2.92944,41.2708,223.299
1949-10-10,15.91,15.83,14.9529,15.7549,10.1827,13.1212,23.7,1.07333,2.94434,41.4807,224.145
1949-10-17,15.85,15.73,14.9699,15.7492,10.1443,13.0717,23.7,1.07333,2.93706,41.3781,223.299
1949-10-24,16.08,15.87,14.9831,15.7431,10.2915,13.2614,23.7,1.07333,2.9835,42.0324,226.54
1949-10-31,16.21,16.04,15.0037,15.738,10.3747,13.3686,23.7,1.07333,3.01145,42.4262,228.371
1949-11-07,16.14,16.14,15.0171,15.728,10.2349,13.1898,23.8,1.10667,3.0024,42.121,226.43
1949-11-14,16.14,15.75,15.0342,15.7172,10.2349,13.1898,23.8,1.10667,3.00636,42.1765,226.43
1949-11-21,16.1,16.07,15.0542,15.7073,10.2095,13.1571,23.8,1.10667,3.00287,42.1276,225.868
1949-11-28,16.28,16.02,15.0908,15.6955,10.3237,13.3042,23.8,1.10667,3.04042,42.6543,228.394
1949-12-05,16.42,16.39,15.1325,15.6848,10.4529,13.4724,23.6,1.14,3.07066,43.4436,232.31
1949-12-12,16.66,16.57,15.185,15.6759,10.6057,13.6693,23.6,1.14,3.11964,44.1366,235.705
1949-12-19,16.64,16.49,15.2307,15.6705,10.593,13.6529,23.6,1.14,3.12,44.1417,235.422
1949-12-27,16.79,16.58,15.2652,15.6684,10.6885,13.776,23.6,1.14,3.15223,44.5978,237.545
1950-01-03,16.98,16.66,15.3032,15.6659,10.8094,13.9317,23.5,1.15,3.19206,45.3533,241.255
1950-01-09,16.67,16.67,15.3541,15.6628,10.612,13.6774,23.5,1.15,3.13794,44.5844,236.851
1950-01-16,16.9,16.72,15.3983,15.6588,10.7585,13.8661,23.5,1.15,3.1854,45.2587,240.118
1950-01-23,16.82,16.73,15.4449,15.6527,10.7075,13.8005,23.5,1.15,3.17448,45.1037,238.982
1950-01-30,17.29,17.02,15.4976,15.6465,11.0067,14.1861,23.5,1.15,3.26736,46.4233,245.66
1950-02-06,17.24,17.21,15.5586,15.6388,10.9306,14.0854,23.5,1.16,3.26213,46.349,244.949
1950-02-14,17.15,16.99,15.6053,15.6301,10.8735,14.0119,23.5,1.16,3.24932,46.167,243.67
1950-02-20,17.28,17.17,15.6512,15.6236,10.9559,14.1181,23.5,1.16,3.27818,46.577,245.518
1950-02-27,17.29,17.22,15.7109,15.6177,10.9623,14.1263,23.5,1.16,3.28431,46.6641,245.66
1950-03-06,17.09,17.07,15.7679,15.6095,10.7474,13.8461,23.6,1.17,3.25059,45.9893,241.789
1950-03-13,17.45,17.12,15.837,15.6037,10.9738,14.1378,23.6,1.17,3.32334,47.0186,246.882
1950-03-20,17.56,17.44,15.9197,15.5976,11.043,14.2269,23.6,1.17,3.34858,47.3756,248.439
1950-03-27,17.29,17.29,16.0081,15.5882,10.8732,14.0082,23.6,1.17,3.30138,46.7079,244.619
1950-04-03,17.78,17.53,16.0859,15.583,11.1404,14.3465,23.6,1.18,3.39928,48.0929,251.551
1950-04-10,17.96,17.75,16.1824,15.5788,11.2532,14.4918,23.6,1.18,3.43803,48.6412,254.098
1950-04-17,17.96,17.88,16.2791,15.5775,11.2532,14.4918,23.6,1.18,3.44237,48.7026,254.098
1950-04-24,17.96,17.76,16.3646,15.5751,11.2532,14.4918,23.6,1.18,3.44672,48.7642,254.098
1950-05-01,18.22,18.11,16.452,15.5741,11.3248,14.5745,23.7,1.19,3.50101,49.3232,256.689
1950-05-08,18.18,18.18,16.5361,15.5736,11.2999,14.5425,23.7,1.19,3.49772,49.2769,256.125
1950-05-15,18.68,18.26,16.6227,15.5771,11.6107,14.9425,23.7,1.19,3.59832,50.6942,263.169
1950-05-22,18.67,18.6,16.7099,15.5825,11.6045,14.9345,23.7,1.19,3.6008,50.7292,263.028
1950-05-29,18.79,18.72,16.7767,15.5863,11.6791,15.0305,23.7,1.19,3.62836,51.1174,264.719
1950-06-05,19.26,18.6,16.8666,15.5924,11.8747,15.2705,23.8,1.2,3.72357,52.2384,270.2
1950-06-12,18.97,18.93,16.9625,15.598,11.6959,15.0405,23.8,1.2,3.67197,51.5144,266.132
1950-06-19,19.14,18.83,17.0571,15.6058,11.8007,15.1753,23.8,1.2,3.70934,52.0387,268.517
1950-06-26,17.69,17.44,17.1196,15.611,10.9068,14.0257,23.8,1.2,3.4328,48.1591,248.175
1950-07-03,17.67,17.64,17.1617,15.6202,10.7156,13.7771,24.1,1.24333,3.43356,47.5702,244.808
1950-07-10,16.87,16.69,17.2019,15.628,10.2305,13.1533,24.1,1.24333,3.28276,45.4808,233.725
1950-07-17,17.59,16.68,17.2451,15.6425,10.6671,13.7147,24.1,1.24333,3.42751,47.4864,243.7
1950-07-24,17.69,17.23,17.2882,15.6554,10.7277,13.7927,24.1,1.24333,3.45166,47.8209,245.085
1950-07-31,18.14,17.84,17.3402,15.672,11.0006,14.1435,24.1,1.24333,3.54413,49.102,251.32
1950-08-07,18.28,18.28,17.4052,15.6903,10.9508,14.0736,24.3,1.28667,3.57632,49.1401,251.175
1950-08-14,18.68,18.29,17.4655,15.7088,11.1904,14.3815,24.3,1.28667,3.65941,50.2819,256.671
1950-08-21,18.54,18.54,17.5278,15.728,11.1065,14.2737,24.3,1.28667,3.63683,49.9717,254.748
1950-08-28,18.55,18.42,17.5888,15.7454,11.1125,14.2814,24.3,1.28667,3.64365,50.0653,254.885
1950-09-05,18.75,18.54,17.6416,15.7649,11.1413,14.3116,24.4,1.33,3.68796,50.4664,256.577
1950-09-11,19.29,18.61,17.7142,15.7877,11.4622,14.7238,24.4,1.33,3.7992,51.9887,263.967
1950-09-18,19.44,19.21,17.7913,15.8143,11.5513,14.8383,24.4,1.33,3.83378,52.4619,266.019
1950-09-25,19.45,19.14,17.863,15.8381,11.5572,14.8459,24.4,1.33,3.8408,52.5579,266.156
1950-10-02,20.12,19.66,17.9442,15.8652,11.8092,15.1606,24.6,1.37667,3.97833,53.9974,273.086
1950-10-09,19.85,19.78,18.0099,15.8886,11.6507,14.9571,24.6,1.37667,3.93018,53.3438,269.421
1950-10-16,19.96,19.71,18.0896,15.9109,11.7153,15.04,24.6,1.37667,3.9572,53.7105,270.914
1950-10-23,19.77,19.61,18.1614,15.9338,11.6038,14.8969,24.6,1.37667,3.92478,53.2705,268.336
1950-10-30,19.85,19.53,18.2335,15.9568,11.6507,14.9571,24.6,1.37667,3.94592,53.5574,269.421
1950-11-06,19.94,19.36,18.289,15.9803,11.6062,14.8947,24.7,1.42333,3.96925,53.656,269.547
1950-11-13,19.86,19.72,18.3636,16.0042,11.5596,14.835,24.7,1.42333,3.95877,53.5144,268.466
1950-11-20,20.32,19.88,18.4206,16.0298,11.8274,15.1786,24.7,1.42333,4.05592,54.8276,274.684
1950-11-27,19.66,19.37,18.4819,16.0498,11.4432,14.6856,24.7,1.42333,3.92965,53.1207,265.762
1950-12-04,19.4,19,18.5368,16.0662,11.1063,14.2514,25,1.47,3.88333,51.8646,259.101
1950-12-11,19.33,19.33,18.5948,16.0835,11.0662,14.2,25,1.47,3.87498,51.753,258.166
1950-12-18,20.07,19.85,18.6628,16.1049,11.4899,14.7436,25,1.47,4.02899,53.8099,268.049
1950-12-26,20.43,19.92,18.7253,16.1299,11.696,15.0081,25,1.47,4.10693,54.8509,272.857
1951-01-02,20.87,20.69,18.7922,16.1584,11.7051,15.0134,25.4,1.48667,4.20113,55.2254,274.344
1951-01-08,21.11,20.85,18.8806,16.1901,11.8397,15.1861,25.4,1.48667,4.2552,55.9361,277.499
1951-01-15,21.36,21.3,18.9805,16.2206,11.9799,15.3659,25.4,1.48667,4.31135,56.6743,280.785
1951-01-22,21.26,21.03,19.0672,16.2503,11.9238,15.294,25.4,1.48667,4.29694,56.4849,279.471
1951-01-29,21.96,21.66,19.1622,16.2842,12.3164,15.7975,25.4,1.48667,4.4442,58.4206,288.672
1951-02-05,22.17,21.99,19.2671,16.3214,12.2353,15.6859,25.7,1.50333,4.49255,58.3668,288.031
1951-02-13,22.13,22,19.3502,16.3616,12.2133,15.6576,25.7,1.50333,4.4903,58.3376,287.511
1951-02-19,21.92,21.79,19.4236,16.3993,12.0974,15.509,25.7,1.50333,4.45356,57.8603,284.783
1951-02-26,21.93,21.76,19.5135,16.435,12.1029,15.5161,25.7,1.50333,4.46146,57.963,284.913
1951-03-05,21.95,21.79,19.5979,16.4716,12.0168,15.4019,25.8,1.52,4.47148,57.8679,284.067
1951-03-12,21.64,21.25,19.6675,16.51,11.8471,15.1843,25.8,1.52,4.41428,57.1277,280.056
1951-03-19,21.73,21.52,19.7245,16.5486,11.8964,15.2475,25.8,1.52,4.4386,57.4425,281.22
1951-03-26,21.48,21.26,19.786,16.5838,11.7595,15.0721,25.8,1.52,4.39351,56.8589,277.985
1951-04-02,21.72,21.26,19.8453,16.6199,11.8421,15.1744,25.8,1.53333,4.44863,57.5722,281.091
1951-04-09,22.09,21.64,19.9145,16.6554,12.0438,15.4329,25.8,1.53333,4.53045,58.6311,285.879
1951-04-16,22.04,22.04,20.0199,16.6898,12.0165,15.398,25.8,1.53333,4.52624,58.5767,285.232
1951-04-23,22.39,21.96,20.1294,16.7262,12.2073,15.6425,25.8,1.53333,4.60418,59.5853,289.762
1951-04-30,22.77,22.43,20.2731,16.762,12.4145,15.908,25.8,1.53333,4.68838,60.675,294.68
1951-05-07,22.33,22.33,20.4012,16.7943,12.0803,15.4779,25.9,1.54667,4.60391,59.3518,287.869
1951-05-14,21.51,21.51,20.5088,16.8226,11.6367,14.9095,25.9,1.54667,4.44098,57.2513,277.298
1951-05-21,21.03,21.03,20.5865,16.8474,11.377,14.5768,25.9,1.54667,4.34802,56.0529,271.11
1951-05-28,21.48,21.21,20.6452,16.8758,11.6204,14.8888,25.9,1.54667,4.4472,57.3316,276.912
1951-06-04,21.49,21.24,20.7198,16.9061,11.5833,14.843,25.9,1.56,4.45549,57.4384,277.041
1951-06-11,22.04,21.52,20.795,16.9384,11.8798,15.2229,25.9,1.56,4.57574,58.9886,284.131
1951-06-18,21.55,21.55,20.8792,16.9689,11.6157,14.8844,25.9,1.56,4.48024,57.7574,277.814
1951-06-25,20.96,20.96,20.9434,16.9971,11.2976,14.4769,25.9,1.56,4.36381,56.2565,270.208
1951-07-02,21.64,21.1,20.9893,17.0298,11.6224,14.894,25.9,1.54667,4.51158,58.1615,278.974
1951-07-09,21.98,21.63,21.0499,17.0647,11.805,15.128,25.9,1.54667,4.58866,59.1552,283.357
1951-07-16,21.88,21.73,21.112,17.0981,11.7513,15.0591,25.9,1.54667,4.574,58.9661,282.068
1951-07-23,22.53,22.1,21.1745,17.1365,12.1004,15.5065,25.9,1.54667,4.7161,60.798,290.448
1951-07-30,22.85,22.4,21.2445,17.1746,12.2723,15.7268,25.9,1.54667,4.78931,61.7418,294.573
1951-08-06,22.79,22.79,21.3183,17.2121,12.2034,15.6353,25.9,1.53333,4.78291,61.6594,293.8
1951-08-13,22.94,22.7,21.3932,17.2489,12.2838,15.7382,25.9,1.53333,4.82058,62.145,295.733
1951-08-20,22.88,22.75,21.4745,17.2858,12.2516,15.697,25.9,1.53333,4.81417,62.0623,294.96
1951-08-27,23.28,22.85,21.5555,17.325,12.4658,15.9715,25.9,1.53333,4.90454,63.2273,300.117
1951-09-04,23.53,23.28,21.6273,17.3661,12.4715,15.9735,26.1,1.52,4.96336,63.4954,301.015
1951-09-10,23.69,23.5,21.7174,17.4086,12.5563,16.0821,26.1,1.52,5.00328,64.006,303.062
1951-09-17,23.4,23.4,21.822,17.449,12.4026,15.8852,26.1,1.52,4.94821,63.3015,299.352
1951-09-24,23.26,23.26,21.9168,17.4904,12.3283,15.7902,26.1,1.52,4.92478,63.0018,297.561
1951-10-01,23.78,23.47,22.0176,17.5361,12.5308,16.044,26.2,1.48333,5.04092,64.2414,303.052
1951-10-08,23.7,23.61,22.0915,17.5799,12.4886,15.99,26.2,1.48333,5.03001,64.1024,302.033
1951-10-15,23.32,23.32,22.1701,17.6209,12.2884,15.7336,26.2,1.48333,4.95541,63.1517,297.19
1951-10-22,22.81,22.75,22.2185,17.6594,12.0196,15.3895,26.2,1.48333,4.8531,61.8479,290.69
1951-10-29,22.93,22.66,22.2571,17.6973,12.0829,15.4705,26.2,1.48333,4.8847,62.2506,292.22
1951-11-05,22.75,22.47,22.2837,17.7349,11.8729,15.1985,26.4,1.44667,4.85228,61.369,287.729
1951-11-13,22.82,22.79,22.3146,17.7747,11.9094,15.2452,26.4,1.44667,4.87315,61.6329,288.615
1951-11-19,22.4,22.4,22.3312,17.8149,11.6902,14.9646,26.4,1.44667,4.7894,60.5736,283.303
1951-11-26,22.88,22.43,22.3446,17.8559,11.9408,15.2853,26.4,1.44667,4.89798,61.9469,289.373
1951-12-03,23.38,23.01,22.373,17.9019,12.1315,15.5234,26.5,1.41,5.01082,63.1349,294.581
1951-12-10,23.37,23.3,22.411,17.9495,12.1263,15.5168,26.5,1.41,5.01449,63.1811,294.455
1951-12-17,23.51,23.41,22.4529,17.9972,12.199,15.6097,26.5,1.41,5.05034,63.6329,296.219
1951-12-24,23.69,23.44,22.4872,18.046,12.2924,15.7292,26.5,1.41,5.09484,64.1935,298.487
1951-12-31,23.92,23.77,22.5361,18.0951,12.4117,15.8819,26.5,1.41,5.15013,64.8902,301.385
1952-01-07,23.98,23.74,22.5927,18.145,12.4183,15.8834,26.5,1.41333,5.1689,65.1267,302.141
1952-01-14,24.25,24.06,22.662,18.1947,12.5581,16.0622,26.5,1.41333,5.23296,65.9338,305.543
1952-01-21,24.55,24.46,22.7371,18.2437,12.7135,16.2609,26.5,1.41333,5.30356,66.8234,309.323
1952-01-28,24.3,24.14,22.8001,18.2894,12.584,16.0953,26.5,1.41333,5.25543,66.2169,306.173
1952-02-04,24.24,24.11,22.8522,18.3342,12.6192,16.1372,26.3,1.41667,5.24834,66.6305,307.74
1952-02-11,23.86,23.86,22.8886,18.3763,12.4214,15.8843,26.3,1.41667,5.17196,65.6608,302.915
1952-02-18,23.16,23.09,22.9034,18.4132,12.057,15.4183,26.3,1.41667,5.02614,63.8095,294.029
1952-02-25,23.26,23.15,22.9182,18.4521,12.109,15.4848,26.3,1.41667,5.05375,64.16,295.298
1952-03-03,23.72,23.29,22.9593,18.4921,12.3156,15.7478,26.3,1.42,5.15963,65.5042,301.138
1952-03-10,23.75,23.6,23.0188,18.5289,12.3312,15.7677,26.3,1.42,5.17209,65.6625,301.519
1952-03-17,23.93,23.82,23.083,18.5661,12.4246,15.8872,26.3,1.42,5.21724,66.2356,303.804
1952-03-24,24.18,23.78,23.1459,18.6035,12.5544,16.0532,26.3,1.42,5.2777,67.0032,306.978
1952-03-31,24.02,24.02,23.2071,18.6407,12.4714,15.9469,26.3,1.42,5.24874,66.6355,304.947
1952-04-07,24.11,23.8,23.2471,18.6765,12.4335,15.9004,26.4,1.43,5.27441,66.7078,304.93
1952-04-14,23.5,23.41,23.3045,18.7092,12.119,15.4981,26.4,1.43,5.14698,65.0962,297.215
1952-04-21,23.54,23.43,23.3603,18.7427,12.1396,15.5245,26.4,1.43,5.16177,65.2831,297.721
1952-04-28,23.56,23.17,23.4016,18.7763,12.1499,15.5377,26.4,1.43,5.17218,65.4149,297.974
1952-05-05,23.84,23.66,23.4496,18.8109,12.257,15.6788,26.4,1.44,5.23973,66.2692,301.515
1952-05-12,23.56,23.56,23.4821,18.8474,12.1131,15.4947,26.4,1.44,5.18428,65.5678,297.974
1952-05-19,23.89,23.61,23.5107,18.8855,12.2827,15.7117,26.4,1.44,5.26298,66.5633,302.147
1952-05-26,23.86,23.84,23.5293,18.9256,12.2673,15.692,26.4,1.44,5.26248,66.5569,301.768
1952-06-02,24.26,23.78,23.559,18.9663,12.3866,15.8489,26.5,1.45,5.35685,67.4948,305.669
1952-06-09,24.37,24.23,23.5952,19.0096,12.4428,15.9208,26.5,1.45,5.38729,67.8784,307.055
1952-06-16,24.59,24.3,23.6312,19.0518,12.5551,16.0645,26.5,1.45,5.44209,68.5688,309.827
1952-06-23,24.83,24.56,23.6633,19.0954,12.6776,16.2213,26.5,1.45,5.50138,69.3158,312.851
1952-06-30,25.05,24.96,23.6921,19.1393,12.79,16.365,26.5,1.45,5.5563,70.0078,315.623
1952-07-07,24.98,24.81,23.7247,19.1851,12.6186,16.1494,26.7,1.45,5.54696,69.3666,312.383
1952-07-14,24.85,24.85,23.7672,19.2307,12.5529,16.0654,26.7,1.45,5.52428,69.083,310.758
1952-07-21,25.16,24.95,23.8051,19.2785,12.7095,16.2658,26.7,1.45,5.5994,70.0224,314.634
1952-07-28,25.45,25.2,23.8461,19.3274,12.856,16.4532,26.7,1.45,5.67014,70.9071,318.261
1952-08-04,25.55,25.43,23.8916,19.3756,12.8647,16.4689,26.7,1.45,5.69864,71.2634,319.511
1952-08-11,25.2,25.2,23.9526,19.421,12.6884,16.2433,26.7,1.45,5.62679,70.3649,315.135
1952-08-18,24.99,24.89,24.0047,19.4629,12.5827,16.1079,26.7,1.45,5.58613,69.8564,312.508
1952-08-25,25.03,24.83,24.0613,19.5056,12.6029,16.1337,26.7,1.45,5.6013,70.0462,313.009
1952-09-02,25.21,25.15,24.1094,19.5545,12.6505,16.2011,26.7,1.45,5.64782,70.6279,315.26
1952-09-08,24.71,24.69,24.1658,19.6028,12.3996,15.8798,26.7,1.45,5.54205,69.3053,309.007
1952-09-15,24.57,24.45,24.2074,19.6491,12.3293,15.7898,26.7,1.45,5.51691,68.9908,307.256
1952-09-22,24.73,24.59,24.243,19.6982,12.4096,15.8926,26.7,1.45,5.5591,69.5184,309.257
1952-09-29,24.5,24.48,24.2714,19.7451,12.2942,15.7448,26.7,1.45,5.51366,68.9502,306.381
1952-10-06,24.55,24.4,24.296,19.7917,12.2762,15.7295,26.7,1.43667,5.53113,69.1687,307.006
1952-10-14,24.2,23.91,24.3047,19.8367,12.1012,15.5053,26.7,1.43667,5.4585,68.2604,302.629
1952-10-20,24.03,23.8,24.3078,19.8806,12.0162,15.3963,26.7,1.43667,5.42639,67.8588,300.503
1952-10-27,24.52,24.09,24.3123,19.9272,12.2612,15.7103,26.7,1.43667,5.54328,69.3206,306.631
1952-11-03,24.78,24.6,24.3185,19.9731,12.3489,15.8268,26.7,1.42333,5.60824,70.133,309.882
1952-11-10,24.75,24.65,24.3216,20.0206,12.3339,15.8076,26.7,1.42333,5.60765,70.1256,309.507
1952-11-17,25.27,24.8,24.344,20.0696,12.5931,16.1397,26.7,1.42333,5.73167,71.6765,316.01
1952-11-24,25.66,25.36,24.3706,20.1219,12.7874,16.3888,26.7,1.42333,5.82634,72.8603,320.887
1952-12-01,25.62,25.61,24.4149,20.1746,12.7254,16.3092,26.7,1.41,5.82341,72.8237,320.387
1952-12-08,26.04,25.76,24.4833,20.232,12.934,16.5765,26.7,1.41,5.92504,74.0946,325.639
1952-12-15,26.15,26.03,24.5515,20.2888,12.9886,16.6465,26.7,1.41,5.95624,74.4848,327.015
1952-12-22,26.25,26.19,24.6026,20.3481,13.0383,16.7102,26.7,1.41,5.98519,74.8468,328.265
1952-12-29,26.54,26.4,24.6589,20.4075,13.1823,16.8948,26.7,1.41,6.0575,75.751,331.892
1953-01-05,26.08,26.08,24.7213,20.4628,12.9611,16.6101,26.6,1.41,5.95869,74.7956,327.365
1953-01-12,26.02,25.86,24.7735,20.5182,12.9313,16.5719,26.6,1.41,5.95118,74.7013,326.612
1953-01-19,26.07,26.01,24.8216,20.5741,12.9561,16.6037,26.6,1.41,5.96882,74.9227,327.24
1953-01-26,26.38,26.02,24.877,20.6313,13.1102,16.8012,26.6,1.41,6.046,75.8915,331.131
1953-02-02,26.51,26.15,24.9485,20.689,13.1826,16.8933,26.5,1.41,6.08201,76.6316,334.019
1953-02-09,25.74,25.62,24.9918,20.7427,12.7997,16.4026,26.5,1.41,5.91158,74.4842,324.317
1953-02-16,25.63,25.48,25.0455,20.7974,12.745,16.3325,26.5,1.41,5.89254,74.2443,322.931
1953-02-24,25.9,25.75,25.088,20.8533,12.8792,16.5045,26.5,1.41,5.96085,75.105,326.333
1953-03-02,25.84,25.78,25.1415,20.9079,12.7607,16.3511,26.6,1.41,5.95328,74.7277,324.353
1953-03-09,26.18,25.83,25.1993,20.9644,12.9286,16.5663,26.6,1.41,6.03786,75.7893,328.621
1953-03-16,26.18,26.18,25.2582,21.0217,12.9286,16.5663,26.6,1.41,6.04411,75.8678,328.621
1953-03-23,25.99,25.95,25.3099,21.0791,12.8348,16.4461,26.6,1.41,6.00651,75.3958,326.236
1953-03-30,25.23,25.23,25.3307,21.135,12.4595,15.9651,26.6,1.41,5.83713,73.2697,316.696
1953-04-06,24.82,24.61,25.3408,21.19,12.2181,15.6585,26.6,1.41333,5.74857,72.158,311.549
1953-04-13,24.62,24.62,25.3456,21.2438,12.1196,15.5323,26.6,1.41333,5.70854,71.6556,309.039
1953-04-20,24.2,24.19,25.3317,21.2941,11.9128,15.2673,26.6,1.41333,5.61746,70.5123,303.767
1953-04-27,24.73,24.34,25.3233,21.3465,12.1737,15.6017,26.6,1.41333,5.74679,72.1358,310.42
1953-05-04,24.9,24.9,25.3212,21.3984,12.1713,15.6008,26.7,1.41667,5.79263,72.4388,311.383
1953-05-11,24.84,24.71,25.3141,21.4488,12.142,15.5632,26.7,1.41667,5.78501,72.3435,310.633
1953-05-18,25.03,24.7,25.3031,21.4995,12.2348,15.6822,26.7,1.41667,5.8356,72.9762,313.009
1953-05-25,24.54,24.46,25.2836,21.547,11.9953,15.3752,26.7,1.41667,5.72771,71.627,306.881
1953-06-01,24.09,24.03,25.254,21.5907,11.6924,14.9916,26.8,1.42,5.62906,70.1306,300.129
1953-06-08,23.82,23.54,25.2238,21.6332,11.5613,14.8236,26.8,1.42,5.57235,69.4241,296.766
1953-06-15,23.84,23.55,25.1941,21.6754,11.571,14.8361,26.8,1.42,5.58341,69.5619,297.015
1953-06-22,24.21,23.96,25.1672,21.72,11.7506,15.0663,26.8,1.42,5.67646,70.7212,301.625
1953-06-29,24.36,24.14,25.156,21.7654,11.8234,15.1597,26.8,1.42,5.71804,71.2392,303.493
1953-07-06,24.41,24.38,25.1532,21.8104,11.8083,15.1436,26.8,1.42,5.73618,71.4653,304.116
1953-07-13,24.35,24.08,25.1393,21.8539,11.7792,15.1064,26.8,1.42,5.7285,71.3695,303.369
1953-07-20,24.23,24.16,25.1321,21.8972,11.7212,15.0319,26.8,1.42,5.70669,71.0979,301.874
1953-07-27,24.75,24.07,25.1276,21.943,11.9727,15.3545,26.8,1.42,5.8356,72.7038,308.352
1953-08-03,24.78,24.68,25.1451,21.9877,11.9024,15.2673,26.9,1.42,5.84911,72.6013,307.578
1953-08-10,24.62,24.62,25.1635,22.0312,11.8256,15.1687,26.9,1.42,5.81779,72.2125,305.592
1953-08-17,24.35,24.29,25.1629,22.0737,11.6959,15.0024,26.9,1.42,5.76044,71.5007,302.241
1953-08-24,23.74,23.74,25.1416,22.112,11.4029,14.6265,26.9,1.42,5.62259,69.7897,294.669
1953-08-31,23.57,23.32,25.1019,22.1488,11.3212,14.5218,26.9,1.42,5.5888,69.3702,292.559
1953-09-08,23.14,23.14,25.0631,22.1838,11.0771,14.2149,26.9,1.42,5.49331,68.185,287.222
1953-09-14,22.95,22.71,24.9943,22.2179,10.9862,14.0982,26.9,1.42,5.45469,67.7056,284.864
1953-09-21,23.3,22.88,24.9273,22.2539,11.1537,14.3132,26.9,1.42,5.54437,68.8187,289.208
1953-09-28,23.59,23.35,24.863,22.2904,11.2925,14.4913,26.9,1.42,5.61987,69.7559,292.808
1953-10-05,23.66,23.39,24.7962,22.3266,11.2446,14.4347,27,1.43,5.6431,69.7848,292.589
1953-10-13,24.14,23.57,24.7424,22.364,11.4727,14.7275,27,1.43,5.76414,71.2817,298.525
1953-10-19,24.35,24.16,24.6886,22.4026,11.5725,14.8556,27,1.43,5.82085,71.983,301.122
1953-10-26,24.54,24.26,24.648,22.4413,11.6628,14.9715,27,1.43,5.87285,72.6259,303.471
1953-11-02,24.61,24.51,24.6183,22.4795,11.6964,15.0202,26.9,1.44,5.89623,73.1861,305.468
1953-11-09,24.54,24.37,24.5871,22.5188,11.6631,14.9775,26.9,1.44,5.88609,73.0603,304.599
1953-11-16,24.44,24.25,24.5356,22.5565,11.6156,14.9164,26.9,1.44,5.86875,72.845,303.358
1953-11-23,24.66,24.36,24.506,22.5957,11.7201,15.0507,26.9,1.44,5.92823,73.5833,306.089
1953-11-30,24.98,24.76,24.4881,22.6342,11.8722,15.246,26.9,1.44,6.01181,74.6208,310.061
1953-12-07,24.76,24.76,24.4651,22.6718,11.7213,15.0588,26.9,1.45,5.96558,74.0469,307.33
1953-12-14,24.99,24.69,24.4395,22.711,11.8302,15.1987,26.9,1.45,6.02771,74.8181,310.185
1953-12-21,24.8,24.69,24.417,22.7486,11.7402,15.0831,26.9,1.45,5.98861,74.3327,307.827
1953-12-28,24.81,24.55,24.3869,22.7862,11.745,15.0892,26.9,1.45,5.99775,74.4463,307.951
1954-01-04,24.93,24.93,24.3586,22.8254,11.7528,15.1059,26.9,1.45667,6.03354,74.8904,309.44
1954-01-11,25.43,24.8,24.341,22.8653,11.9885,15.4089,26.9,1.45667,6.16132,76.4766,315.646
1954-01-18,25.85,25.43,24.3599,22.9067,12.1865,15.6634,26.9,1.45667,6.26987,77.8239,320.86
1954-01-25,26.08,25.93,24.3891,22.9507,12.2949,15.8027,26.9,1.45667,6.33245,78.6007,323.714
1954-02-01,26.3,25.92,24.4242,22.9933,12.3465,15.8748,26.9,1.46333,6.3927,79.3485,326.445
1954-02-08,26.12,26.06,24.4682,23.0341,12.262,15.7661,26.9,1.46333,6.35579,78.8904,324.211
1954-02-15,25.92,25.81,24.4937,23.0739,12.1681,15.6454,26.9,1.46333,6.31397,78.3713,321.728
1954-02-23,26.15,25.83,24.5151,23.1148,12.2761,15.7842,26.9,1.46333,6.37685,79.1518,324.583
1954-03-01,26.52,26.25,24.5549,23.1563,12.3967,15.944,26.9,1.47,6.47398,80.3573,329.176
1954-03-08,26.69,26.45,24.5951,23.1989,12.4762,16.0462,26.9,1.47,6.52238,80.9581,331.286
1954-03-15,26.81,26.56,24.6515,23.2395,12.5323,16.1183,26.9,1.47,6.55861,81.4078,332.775
1954-03-22,26.56,26.42,24.7161,23.279,12.4154,15.968,26.9,1.47,6.50437,80.7345,329.672
1954-03-29,27.21,26.66,24.7981,23.3211,12.7193,16.3588,26.9,1.47,6.67047,82.7963,337.74
1954-04-05,27.38,27.01,24.8807,23.3617,12.7911,16.4528,26.8,1.46333,6.71904,83.7104,341.119
1954-04-12,27.94,27.57,24.9526,23.4065,13.0527,16.7893,26.8,1.46333,6.86337,85.5085,348.095
1954-04-19,27.78,27.64,25.0385,23.4497,12.9779,16.6932,26.8,1.46333,6.83098,85.105,346.102
1954-04-26,28.26,27.71,25.1273,23.5026,13.2022,16.9816,26.8,1.46333,6.95593,86.6617,352.082
1954-05-03,28.65,28.21,25.2321,23.5575,13.275,17.0737,26.9,1.45667,7.05882,87.6166,355.614
1954-05-10,28.8,28.49,25.3437,23.6171,13.3445,17.1631,26.9,1.45667,7.10268,88.161,357.476
1954-05-17,28.99,28.72,25.4525,23.6741,13.4325,17.2763,26.9,1.45667,7.15645,88.8284,359.834
1954-05-24,29.19,28.93,25.5603,23.7316,13.5252,17.3955,26.9,1.45667,7.21274,89.5271,362.317
1954-06-01,29.1,29.1,25.649,23.7864,13.4225,17.2611,26.9,1.45,7.19739,89.3366,361.2
1954-06-07,28.58,28.15,25.7512,23.8379,13.1826,16.9526,26.9,1.45,7.07567,87.8258,354.745
1954-06-14,29.04,28.62,25.8766,23.8897,13.3948,17.2255,26.9,1.45,7.19646,89.325,360.455
1954-06-21,29.2,29.06,26.0183,23.943,13.4686,17.3204,26.9,1.45,7.24302,89.903,362.441
1954-06-28,29.59,29.21,26.1693,23.9982,13.6485,17.5517,26.9,1.45,7.34667,91.1896,367.282
1954-07-06,30.14,29.92,26.3094,24.0552,13.8376,17.7902,26.9,1.45667,7.49018,92.9709,374.109
1954-07-12,30.06,30.02,26.4825,24.109,13.8009,17.743,26.9,1.45667,7.47726,92.8105,373.116
1954-07-19,30.31,29.84,26.6478,24.1634,13.9156,17.8905,26.9,1.45667,7.54642,93.6689,376.219
1954-07-26,30.88,30.34,26.8242,24.2205,14.1773,18.227,26.9,1.45667,7.69531,95.5169,383.294
1954-08-02,30.38,30.38,26.9966,24.2718,13.8822,17.8423,26.9,1.46333,7.57772,94.0574,377.088
1954-08-09,30.72,30.12,27.1526,24.3262,14.0375,18.042,26.9,1.46333,7.66955,95.1972,381.308
1954-08-16,31.21,31.05,27.3191,24.3824,14.2614,18.3298,26.9,1.46333,7.79891,96.8028,387.39
1954-08-23,30.66,30.57,27.4739,24.4369,14.0101,18.0068,26.9,1.46333,7.6685,95.1842,380.563
1954-08-30,30.5,29.83,27.6192,24.4901,13.937,17.9128,26.9,1.46333,7.63552,94.7748,378.577
1954-09-07,30.84,30.66,27.7453,24.5446,14.078,18.088,26.8,1.47,7.72772,96.2771,384.226
1954-09-13,31.71,31.12,27.9112,24.6039,14.4752,18.5983,26.8,1.47,7.9528,99.0813,395.065
1954-09-20,32.4,31.57,28.0879,24.6643,14.7901,19.003,26.8,1.47,8.13294,101.326,403.661
1954-09-27,32.29,32.29,28.28,24.7274,14.7399,18.9384,26.8,1.47,8.11242,101.07,402.291
1954-10-04,32.67,32.47,28.4744,24.7938,14.8418,19.0629,26.8,1.49333,8.21511,102.349,407.025
1954-10-11,31.71,31.71,28.659,24.8557,14.4057,18.5027,26.8,1.49333,7.98093,99.4318,395.065
1954-10-18,32.13,31.83,28.834,24.916,14.5965,18.7478,26.8,1.49333,8.09387,100.839,400.297
1954-10-25,31.68,31.68,29.0043,24.9722,14.3921,18.4852,26.8,1.49333,7.98774,99.5167,394.691
1954-11-01,32.71,31.79,29.1398,25.0314,14.7873,18.9839,26.8,1.51667,8.2548,102.844,407.523
1954-11-08,33.54,33.02,29.3221,25.0936,15.1625,19.4656,26.8,1.51667,8.47162,105.545,417.864
1954-11-15,33.45,33.44,29.5089,25.154,15.1218,19.4134,26.8,1.51667,8.45625,105.354,416.743
1954-11-22,34.55,33.58,29.6666,25.2205,15.6191,20.0518,26.8,1.51667,8.74171,108.91,430.447
1954-11-29,34.49,33.99,29.8744,25.2831,15.592,20.017,26.8,1.51667,8.73391,108.813,429.7
1954-12-06,34.56,34.56,30.0966,25.3451,15.6039,20.02,26.7,1.54,8.75914,109.536,432.184
1954-12-13,35.92,34.35,30.3111,25.414,16.218,20.8078,26.7,1.54,9.11133,113.94,449.192
1954-12-20,35.37,35.33,30.4879,25.4813,15.9697,20.4892,26.7,1.54,8.97933,112.29,442.314
1954-12-27,35.98,35.07,30.7121,25.5515,16.2451,20.8426,26.7,1.54,9.14171,114.32,449.942
1955-01-03,35.33,35.04,30.9404,25.6184,15.8695,20.3464,26.7,1.54667,8.98412,112.349,441.814
1955-01-10,35.28,35.28,31.1628,25.6866,15.847,20.3176,26.7,1.54667,8.97896,112.285,441.188
1955-01-17,35.44,34.58,31.3586,25.7552,15.9189,20.4098,26.7,1.54667,9.02726,112.889,443.189
1955-01-24,36.19,35.51,31.5653,25.8287,16.2558,20.8417,26.7,1.54667,9.22587,115.373,452.568
1955-01-31,36.96,36.44,31.7882,25.9049,16.6017,21.2851,26.7,1.54667,9.42975,117.922,462.197
1955-02-07,37.15,36.46,32.0137,25.9802,16.5986,21.263,26.7,1.55333,9.48585,118.624,464.573
1955-02-14,36.89,36.77,32.2273,26.0544,16.4824,21.1142,26.7,1.55333,9.42708,117.889,461.322
1955-02-21,36.57,36.57,32.3892,26.1253,16.3394,20.931,26.7,1.55333,9.35294,116.962,457.32
1955-02-28,37.52,36.76,32.5981,26.1991,16.7639,21.4748,26.7,1.55333,9.60355,120.096,469.2
1955-03-07,35.82,35.82,32.7853,26.2665,15.9171,20.3725,26.7,1.56,9.1761,114.75,447.941
1955-03-14,36.18,34.96,32.9514,26.3399,16.0771,20.5773,26.7,1.56,9.27601,116,452.443
1955-03-21,36.96,35.95,33.15,26.4195,16.4237,21.0209,26.7,1.56,9.48368,118.597,462.197
1955-03-28,36.95,36.52,33.3485,26.4969,16.4192,21.0152,26.7,1.56,9.48881,118.661,462.072
1955-04-04,37.34,36.83,33.5086,26.5761,16.4997,21.0968,26.7,1.56333,9.59668,120.01,466.949
1955-04-11,37.96,37.44,33.7195,26.6557,16.7736,21.447,26.7,1.56333,9.76376,122.099,474.703
1955-04-18,38.01,38.01,33.932,26.738,16.7957,21.4753,26.7,1.56333,9.78435,122.357,475.328
1955-04-25,37.96,37.68,34.13,26.823,16.7736,21.447,26.7,1.56333,9.77922,122.292,474.703
1955-05-02,37.89,37.64,34.3246,26.9043,16.6455,21.2605,26.7,1.56667,9.76895,122.164,473.827
1955-05-09,37.44,37.2,34.5016,26.9816,16.4478,21.008,26.7,1.56667,9.66069,120.81,468.2
1955-05-16,37.74,36.97,34.6617,27.0609,16.5796,21.1764,26.7,1.56667,9.74588,121.875,471.951
1955-05-23,37.93,37.46,34.8424,27.1379,16.663,21.283,26.7,1.56667,9.80272,122.586,474.327
1955-05-31,38.37,37.91,34.9838,27.2155,16.8563,21.5299,26.7,1.56667,9.92422,124.106,479.83
1955-06-06,39.25,39.01,35.195,27.2978,17.1387,21.8619,26.7,1.57,10.1596,127.05,490.834
1955-06-13,40.1,39.62,35.4339,27.3836,17.5098,22.3354,26.7,1.57,10.3875,129.899,501.464
1955-06-20,40.96,40.14,35.6845,27.474,17.8853,22.8144,26.7,1.57,10.6181,132.783,512.219
1955-06-27,41.19,40.77,35.9284,27.5635,17.9858,22.9425,26.7,1.57,10.6855,133.626,515.095
1955-07-05,42.64,41.69,36.1435,27.6591,18.4324,23.476,26.8,1.58667,11.0696,137.912,531.238
1955-07-11,42.4,42.24,36.3939,27.7526,18.3287,23.3438,26.8,1.58667,11.0152,137.235,528.248
1955-07-18,43,42.1,36.6433,27.8506,18.588,23.6742,26.8,1.58667,11.179,139.276,535.723
1955-07-25,43.52,43.48,36.9209,27.9519,18.8128,23.9605,26.8,1.58667,11.3221,141.059,542.202
1955-08-01,42.56,42.36,37.1932,28.0458,18.2782,23.2447,26.8,1.60333,11.0804,138.047,530.241
1955-08-08,42.21,41.74,37.443,28.1384,18.1278,23.0535,26.8,1.60333,10.9973,137.012,525.881
1955-08-15,42.02,41.84,37.689,28.2319,18.0462,22.9498,26.8,1.60333,10.9558,136.495,523.514
1955-08-22,42.99,41.98,37.9259,28.3328,18.4628,23.4795,26.8,1.60333,11.2168,139.746,535.598
1955-08-29,43.6,42.92,38.1678,28.4361,18.7248,23.8127,26.8,1.60333,11.384,141.829,543.198
1955-09-06,43.89,43.85,38.3688,28.5418,18.6527,23.6827,26.9,1.62,11.4678,142.343,544.778
1955-09-12,45.09,44.19,38.6304,28.6532,19.1627,24.3302,26.9,1.62,11.7895,146.336,559.673
1955-09-19,45.63,45.13,38.8953,28.7693,19.3922,24.6216,26.9,1.62,11.9389,148.189,566.376
1955-09-26,43.67,42.61,39.1214,28.8733,18.5592,23.564,26.9,1.62,11.4342,141.925,542.048
1955-10-03,42.38,42.38,39.3016,28.9683,17.8863,22.6768,26.9,1.62667,11.1046,137.835,526.036
1955-10-10,41.22,40.8,39.4422,29.0575,17.3967,22.0561,26.9,1.62667,10.8089,134.164,511.638
1955-10-17,42.59,41.35,39.5981,29.1529,17.9749,22.7892,26.9,1.62667,11.1763,138.724,528.642
1955-10-24,42.37,42.29,39.772,29.2463,17.8821,22.6715,26.9,1.62667,11.1268,138.11,525.912
1955-10-31,43.96,42.28,39.9683,29.3465,18.5531,23.5223,26.9,1.62667,11.5526,143.394,545.647
1955-11-07,45.24,44.15,40.1471,29.4528,18.9571,23.9954,26.9,1.63333,11.8972,147.672,561.535
1955-11-14,45.54,45.54,40.3824,29.5593,19.0828,24.1545,26.9,1.63333,11.9843,148.754,565.259
1955-11-21,45.68,45.22,40.5582,29.6649,19.1415,24.2288,26.9,1.63333,12.0295,149.314,566.997
1955-11-28,45.44,45.35,40.7705,29.7706,19.0409,24.1015,26.9,1.63333,11.9745,148.632,564.018
1955-12-05,45.89,45.55,40.9937,29.8789,19.1595,24.2121,26.8,1.64,12.1014,150.768,571.729
1955-12-12,45.13,45.06,41.2013,29.9852,18.8422,23.8111,26.8,1.64,11.9093,148.374,562.26
1955-12-19,45.5,44.95,41.4147,30.0969,18.9966,24.0064,26.8,1.64,12.0153,149.694,566.87
1955-12-27,45.48,45.05,41.6068,30.208,18.9883,23.9958,26.8,1.64,12.0183,149.732,566.621
1956-01-03,45.14,44.95,41.786,30.3151,18.7028,23.6,26.8,1.67,11.937,148.719,562.385
1956-01-09,44.67,44.16,41.9773,30.4197,18.508,23.3543,26.8,1.67,11.8212,147.276,556.529
1956-01-16,43.22,43.22,42.1566,30.5162,17.9073,22.5962,26.8,1.67,11.446,142.601,538.464
1956-01-23,43.35,43.11,42.3064,30.612,17.9611,22.6642,26.8,1.67,11.4889,143.136,540.084
1956-01-30,44.78,43.5,42.4556,30.7158,18.5536,23.4118,26.8,1.67,11.8764,147.964,557.899
1956-02-06,43.64,43.64,42.6056,30.8135,17.9413,22.608,26.8,1.7,11.5827,144.305,543.697
1956-02-13,44.52,43.42,42.7574,30.9186,18.3031,23.0638,26.8,1.7,11.825,147.323,554.66
1956-02-20,45.32,44.45,42.8964,31.0275,18.632,23.4783,26.8,1.7,12.0461,150.079,564.627
1956-02-27,45.81,45.27,43.1031,31.1387,18.8335,23.7321,26.8,1.7,12.1851,151.81,570.732
1956-03-05,46.7,46.01,43.3205,31.253,19.049,23.9681,26.8,1.73,12.4306,154.869,581.82
1956-03-12,48.14,47.06,43.5635,31.3759,19.6363,24.7072,26.8,1.73,12.8228,159.755,599.761
1956-03-19,48.83,48.23,43.8035,31.5006,19.9178,25.0613,26.8,1.73,13.0154,162.155,608.357
1956-03-26,48.48,48.25,43.985,31.6237,19.775,24.8817,26.8,1.73,12.931,161.103,603.997
1956-04-02,48.85,48.53,44.1993,31.7467,19.6931,24.7439,26.9,1.75333,13.0387,161.841,606.344
1956-04-09,47.95,47.93,44.383,31.8646,19.3303,24.288,26.9,1.75333,12.8075,158.971,595.173
1956-04-16,47.76,47.57,44.5384,31.9804,19.2537,24.1918,26.9,1.75333,12.7657,158.453,592.814
1956-04-23,47.99,47.09,44.661,32.0962,19.3464,24.3083,26.9,1.75333,12.8362,159.328,595.669
1956-04-30,48.51,48.16,44.8121,32.2135,19.556,24.5717,26.9,1.75333,12.9843,161.166,602.124
1956-05-07,47.12,47.12,44.9221,32.3242,18.7756,23.5642,27,1.77667,12.6214,156.082,582.704
1956-05-14,46.39,46.05,45.0032,32.4319,18.4847,23.1992,27,1.77667,12.435,153.777,573.677
1956-05-21,44.62,44.6,45.077,32.5292,17.7795,22.314,27,1.77667,11.9697,148.023,551.788
1956-05-28,45.58,44.1,45.1351,32.6299,18.162,22.7941,27,1.77667,12.2364,151.321,563.66
1956-06-04,45.14,45.14,45.226,32.7278,17.7147,22.2114,27.2,1.8,12.1276,148.872,554.114
1956-06-11,46.37,45.71,45.3105,32.8337,18.1974,22.8166,27.2,1.8,12.4674,153.043,569.213
1956-06-18,46.59,46.17,45.3818,32.9417,18.2837,22.9249,27.2,1.8,12.5358,153.883,571.914
1956-06-25,46.97,46.41,45.4445,33.0514,18.4329,23.1119,27.2,1.8,12.6474,155.253,576.578
1956-07-02,48.04,46.93,45.4943,33.1655,18.5707,23.262,27.4,1.81333,12.9449,157.745,585.409
1956-07-09,48.72,48.25,45.5952,33.2856,18.8336,23.5913,27.4,1.81333,13.1375,160.092,593.695
1956-07-16,49.35,49.14,45.7407,33.4095,19.0771,23.8963,27.4,1.81333,13.3168,162.277,601.372
1956-07-23,49.08,49.08,45.9239,33.5312,18.9728,23.7656,27.4,1.81333,13.2534,161.504,598.082
1956-07-30,49.64,49,46.1247,33.6569,19.1892,24.0367,27.4,1.81333,13.414,163.461,604.906
1956-08-06,49.09,48.96,46.2902,33.7796,18.902,23.6581,27.3,1.82667,13.2749,162.358,600.395
1956-08-13,48.82,48,46.4485,33.9027,18.798,23.528,27.3,1.82667,13.2114,161.581,597.093
1956-08-20,47.95,47.42,46.5545,34.0223,18.463,23.1087,27.3,1.82667,12.9854,158.818,586.452
1956-08-27,47.51,46.94,46.5972,34.1373,18.2936,22.8967,27.3,1.82667,12.8758,157.477,581.071
1956-09-04,47.81,47.81,46.6463,34.2524,18.206,22.7735,27.4,1.84,12.9667,158.01,582.606
1956-09-10,47.21,46.09,46.6835,34.3647,17.9775,22.4877,27.4,1.84,12.8135,156.144,575.294
1956-09-17,46.58,46.21,46.7094,34.4713,17.7376,22.1876,27.4,1.84,12.6522,154.177,567.617
1956-09-24,45.35,45.35,46.7157,34.5697,17.2692,21.6017,27.4,1.84,12.3277,150.223,552.629
1956-10-01,46.45,44.7,46.7319,34.6739,17.4981,21.8762,27.5,1.80667,12.6361,153.422,563.975
1956-10-08,47,46.2,46.7667,34.7787,17.7053,22.1352,27.5,1.80667,12.7952,155.354,570.653
1956-10-15,46.24,46.24,46.7996,34.8791,17.419,21.7773,27.5,1.80667,12.5978,152.956,561.425
1956-10-22,46.27,45.85,46.8393,34.9792,17.4303,21.7914,27.5,1.80667,12.6154,153.17,561.789
1956-10-29,46.98,45.58,46.8999,35.0814,17.6977,22.1258,27.5,1.80667,12.8185,155.636,570.41
1956-11-05,46.34,46.34,46.9691,35.1827,17.3373,21.6632,27.5,1.77333,12.6531,153.629,562.639
1956-11-12,45.74,45.72,47.0257,35.2813,17.1129,21.3827,27.5,1.77333,12.4986,151.753,555.354
1956-11-19,45.14,44.67,47.0339,35.3767,16.8884,21.1022,27.5,1.77333,12.344,149.875,548.069
1956-11-26,45.08,44.38,47.0605,35.4702,16.8659,21.0742,27.5,1.77333,12.3369,149.789,547.341
1956-12-03,47.04,45.84,47.1093,35.5728,17.4197,21.7519,27.6,1.74,12.8824,155.846,569.069
1956-12-10,46.54,46.13,47.1371,35.6768,17.2346,21.5207,27.6,1.74,12.7547,154.3,563.02
1956-12-17,46.37,46.07,47.1466,35.7805,17.1716,21.4421,27.6,1.74,12.7173,153.848,560.964
1956-12-26,46.56,46.35,47.1387,35.8838,17.242,21.53,27.6,1.74,12.7785,154.589,563.262
1956-12-31,46.66,46.2,47.1081,35.9879,17.279,21.5762,27.6,1.74,12.8152,155.032,564.472
1957-01-07,46.18,46.16,47.0481,36.0879,16.9938,21.2076,27.6,1.73667,12.6925,153.548,558.665
1957-01-14,44.64,44.64,46.9664,36.1802,16.4271,20.5004,27.6,1.73667,12.2784,148.539,540.035
1957-01-21,44.82,44.4,46.8709,36.2744,16.4933,20.5831,27.6,1.73667,12.3371,149.249,542.212
1957-01-28,44.62,44.49,46.7873,36.3713,16.4197,20.4912,27.6,1.73667,12.2913,148.694,539.793
1957-02-04,43.32,43.32,46.6933,36.4638,15.7891,19.6944,27.7,1.73333,11.9423,143.952,522.174
1957-02-11,43.51,42.39,46.5702,36.5583,15.8583,19.7808,27.7,1.73333,12.0039,144.694,524.464
1957-02-18,43.48,43.46,46.4743,36.6547,15.8474,19.7672,27.7,1.73333,12.0048,144.705,524.103
1957-02-25,43.74,43.26,46.375,36.7497,15.9421,19.8854,27.7,1.73333,12.0858,145.681,527.237
1957-03-04,44.07,44.06,46.3219,36.8456,15.9149,19.8398,27.8,1.73,12.1862,146.363,529.304
1957-03-11,44.05,43.75,46.3024,36.9416,15.9076,19.8308,27.8,1.73,12.1899,146.407,529.063
1957-03-18,44.06,43.85,46.2652,37.0368,15.9113,19.8353,27.8,1.73,12.2018,146.55,529.184
1957-03-25,44.11,43.88,46.2219,37.1346,15.9293,19.8579,27.8,1.73,12.2249,146.827,529.784
1957-04-01,44.49,44.14,46.1746,37.2366,15.9233,19.8371,27.9,1.73,12.3394,147.672,532.433
1957-04-08,44.98,44.39,46.1309,37.3424,16.0987,20.0556,27.9,1.73,12.4846,149.409,538.297
1957-04-15,45.41,44.95,46.0927,37.4503,16.2526,20.2473,27.9,1.73,12.6131,150.947,543.443
1957-04-22,45.5,45.48,46.0325,37.5567,16.2848,20.2875,27.9,1.73,12.6474,151.357,544.52
1957-04-29,46.34,45.73,45.9614,37.6666,16.5854,20.662,27.9,1.73,12.8901,154.262,554.573
1957-05-06,46.59,46.13,45.8865,37.7775,16.5307,20.5772,28,1.73,12.9689,154.651,555.573
1957-05-13,47.15,46.67,45.8273,37.8915,16.7294,20.8245,28,1.73,13.1341,156.62,562.251
1957-05-20,47.21,47.14,45.7731,38.0064,16.7507,20.851,28,1.73,13.16,156.93,562.967
1957-05-27,47.43,46.69,45.7314,38.1198,16.8287,20.9482,28,1.73,13.2306,157.772,565.59
1957-06-03,47.85,47.27,45.7046,38.2352,16.8355,20.938,28.1,1.73,13.3571,158.713,568.568
1957-06-10,48.15,47.9,45.7109,38.3528,16.941,21.0693,28.1,1.73,13.4501,159.818,572.133
1957-06-17,47.15,47.15,45.7174,38.4668,16.5892,20.6317,28.1,1.73,13.1801,156.609,560.25
1957-06-24,47.37,46.78,45.7013,38.585,16.6666,20.728,28.1,1.73,13.2509,157.451,562.864
1957-07-01,48.69,47.43,45.7265,38.7106,16.9315,21.0375,28.3,1.74,13.6295,160.805,574.46
1957-07-08,49.08,48.86,45.7891,38.8403,17.0671,21.206,28.3,1.74,13.748,162.203,579.062
1957-07-15,48.58,48.53,45.8715,38.9684,16.8932,20.99,28.3,1.74,13.6173,160.662,573.162
1957-07-22,48.45,48.45,45.9301,39.0942,16.848,20.9338,28.3,1.74,13.5903,160.342,571.629
1957-07-29,47.68,47.68,45.9577,39.2146,16.5803,20.6011,28.3,1.74,13.3837,157.905,562.544
1957-08-05,46.92,46.67,45.9731,39.3309,16.2428,20.1669,28.3,1.75,13.1798,155.499,553.577
1957-08-12,45.83,45.73,45.97,39.4394,15.8655,19.6984,28.3,1.75,12.8831,151.998,540.717
1957-08-19,44.51,44.51,45.9315,39.5402,15.4085,19.131,28.3,1.75,12.5215,147.732,525.143
1957-08-26,45.22,43.89,45.8809,39.6436,15.6543,19.4362,28.3,1.75,12.7307,150.2,533.52
1957-09-03,44.68,44.68,45.8671,39.7439,15.3985,19.1073,28.3,1.76,12.5882,148.519,527.149
1957-09-09,44.8,43.87,45.8548,39.8452,15.4399,19.1586,28.3,1.76,12.6315,149.031,528.565
1957-09-16,43.69,43.69,45.8363,39.9415,15.0573,18.6839,28.3,1.76,12.3281,145.451,515.469
1957-09-23,42.55,42.55,45.7375,40.0309,14.6644,18.1964,28.3,1.76,12.016,141.768,502.019
1957-09-30,42.79,42.42,45.6473,40.12,14.7472,18.2991,28.3,1.76,12.0933,142.681,504.85
1957-10-07,40.94,40.94,45.5296,40.2009,14.0465,17.4238,28.3,1.77,11.5801,136.625,483.023
1957-10-14,40.33,40.33,45.3922,40.2776,13.8372,17.1642,28.3,1.77,11.4172,134.703,475.826
1957-10-21,40.59,38.98,45.2366,40.3565,13.9264,17.2748,28.3,1.77,11.5004,135.685,478.894
1957-10-28,40.44,40.42,45.1241,40.4347,13.875,17.211,28.3,1.77,11.4675,135.298,477.124
1957-11-04,40.19,40.19,45.0383,40.511,13.6818,16.9677,28.4,1.78,11.4064,134.102,472.505
1957-11-11,40.37,39.44,44.9157,40.5857,13.7431,17.0437,28.4,1.78,11.4672,134.817,474.621
1957-11-18,40.87,39.81,44.8189,40.6608,13.9133,17.2548,28.4,1.78,11.6189,136.601,480.5
1957-11-25,41.72,40.09,44.7835,40.739,14.2026,17.6137,28.4,1.78,11.8703,139.556,490.493
1957-12-02,41.31,41.31,44.7336,40.814,14.0055,17.3666,28.4,1.79,11.7634,138.3,485.673
1957-12-09,40.73,40.51,44.6651,40.8871,13.8089,17.1227,28.4,1.79,11.6081,136.473,478.854
1957-12-16,39.48,39.38,44.5537,40.9549,13.3851,16.5972,28.4,1.79,11.2616,132.4,464.158
1957-12-23,39.78,39.48,44.469,41.023,13.4868,16.7234,28.4,1.79,11.357,133.522,467.685
1957-12-30,40.87,39.58,44.3928,41.0948,13.8563,17.1816,28.4,1.79,11.678,137.296,480.5
1958-01-06,40.37,40.37,44.3115,41.1632,13.5369,16.7823,28.6,1.78333,11.545,134.782,471.302
1958-01-13,41.1,40.49,44.2284,41.2346,13.7817,17.0858,28.6,1.78333,11.7635,137.334,479.825
1958-01-20,41.71,41.2,44.1497,41.3104,13.9863,17.3394,28.6,1.78333,11.9479,139.487,486.946
1958-01-27,41.7,41.59,44.0676,41.3828,13.9829,17.3352,28.6,1.78333,11.9549,139.568,486.829
1958-02-03,41.73,41.73,43.9834,41.4546,13.9419,17.2819,28.6,1.77667,11.9733,139.783,487.18
1958-02-10,41.33,40.93,43.8696,41.5215,13.8083,17.1163,28.6,1.77667,11.8683,138.558,482.51
1958-02-17,40.88,40.88,43.7385,41.587,13.6579,16.9299,28.6,1.77667,11.7489,137.164,477.256
1958-02-24,40.84,40.61,43.5904,41.6499,13.6446,16.9133,28.6,1.77667,11.7472,137.144,476.789
1958-03-03,42.07,41.13,43.4505,41.717,13.9124,17.2418,28.8,1.77,12.1108,140.407,487.738
1958-03-10,42.33,42.21,43.3354,41.7847,13.9983,17.3483,28.8,1.77,12.1955,141.388,490.752
1958-03-17,42.42,41.89,43.2024,41.8518,14.0281,17.3852,28.8,1.77,12.2312,141.802,491.796
1958-03-24,42.2,42.17,43.0615,41.9169,13.9554,17.295,28.8,1.77,12.1776,141.181,489.245
1958-03-31,41.48,41.48,42.9363,41.9788,13.7173,17,28.8,1.77,11.9796,138.886,480.898
1958-04-07,41.74,41.33,42.7975,42.0446,13.7163,16.9954,28.9,1.75667,12.0645,139.386,482.238
1958-04-14,42.71,42,42.6629,42.1129,14.0351,17.3903,28.9,1.75667,12.3546,142.738,493.445
1958-04-21,43.36,42.8,42.5163,42.1837,14.2487,17.655,28.9,1.75667,12.5524,145.023,500.954
1958-04-28,43.69,43,42.3797,42.2542,14.3571,17.7893,28.9,1.75667,12.6577,146.24,504.767
1958-05-05,44.09,43.79,42.2646,42.324,14.4517,17.9013,28.9,1.74333,12.7833,147.691,509.388
1958-05-12,43.36,43.12,42.1506,42.3905,14.2124,17.6049,28.9,1.74333,12.5814,145.358,500.954
1958-05-19,43.87,43.24,42.0632,42.4583,14.3795,17.812,28.9,1.74333,12.7391,147.18,506.846
1958-05-26,44.09,43.79,42.0147,42.5243,14.4517,17.9013,28.9,1.74333,12.8127,148.03,509.388
1958-06-02,44.64,44.31,41.9906,42.5956,14.5996,18.0779,28.9,1.73,12.9822,149.989,515.743
1958-06-09,45.02,44.48,41.9931,42.6671,14.7239,18.2318,28.9,1.73,13.1024,151.377,520.133
1958-06-16,44.85,44.61,41.9928,42.7353,14.6683,18.1629,28.9,1.73,13.0626,150.917,518.169
1958-06-23,44.9,44.52,42.0011,42.8065,14.6846,18.1832,28.9,1.73,13.0869,151.198,518.746
1958-06-30,45.47,45.24,42.0141,42.8814,14.871,18.414,28.9,1.73,13.2627,153.229,525.332
1958-07-07,45.72,45.25,42.0675,42.9558,14.8729,18.4085,29,1.73,13.3453,153.652,526.399
1958-07-14,45.77,45.11,42.1346,43.0261,14.8891,18.4286,29,1.73,13.3696,153.932,526.974
1958-07-21,46.97,46.33,42.2379,43.0989,15.2795,18.9117,29,1.73,13.7299,158.08,540.791
1958-07-28,47.49,46.96,42.3866,43.1749,15.4487,19.1211,29,1.73,13.8916,159.942,546.778
1958-08-04,48.05,47.46,42.5823,43.2518,15.6586,19.3703,28.9,1.73,14.0652,162.5,555.14
1958-08-11,47.5,47.5,42.7607,43.3308,15.4794,19.1486,28.9,1.73,13.9139,160.752,548.785
1958-08-18,47.73,47.22,42.9318,43.4088,15.5543,19.2413,28.9,1.73,13.991,161.643,551.443
1958-08-25,47.75,47.66,43.1319,43.4891,15.5609,19.2494,28.9,1.73,14.0066,161.824,551.674
1958-09-02,47.97,47.97,43.2924,43.5655,15.6098,19.2971,28.9,1.73,14.0809,162.682,554.215
1958-09-08,48.53,48.13,43.4834,43.6404,15.792,19.5224,28.9,1.73,14.2551,164.694,560.685
1958-09-15,49.4,48.96,43.6781,43.7201,16.0751,19.8724,28.9,1.73,14.5204,167.76,570.737
1958-09-22,49.66,49.2,43.8977,43.7957,16.1597,19.9769,28.9,1.73,14.6066,168.755,573.741
1958-09-29,50.37,49.87,44.1527,43.8751,16.3907,20.2626,28.9,1.73,14.8252,171.281,581.943
1958-10-06,51.39,51.05,44.44,43.9592,16.7028,20.6318,28.9,1.73667,15.1353,174.863,593.728
1958-10-13,51.46,50.58,44.712,44.0369,16.7256,20.6599,28.9,1.73667,15.1657,175.215,594.537
1958-10-20,50.81,50.81,44.9709,44.1141,16.5143,20.3989,28.9,1.73667,14.984,173.116,587.027
1958-10-27,51.33,50.42,45.2185,44.1909,16.6833,20.6077,28.9,1.73667,15.1472,175.001,593.035
1958-11-03,52.26,51.56,45.4321,44.2755,16.9112,20.8698,29,1.74333,15.4315,177.671,601.697
1958-11-10,53.09,52.57,45.7123,44.3646,17.1798,21.2012,29,1.74333,15.6865,180.607,611.254
1958-11-17,52.7,52.7,45.9871,44.4509,17.0536,21.0455,29,1.74333,15.5812,179.394,606.763
1958-11-24,52.48,51.02,46.202,44.5324,16.9824,20.9576,29,1.74333,15.526,178.76,604.23
1958-12-01,52.46,52.46,46.487,44.6099,17.0241,20.9874,28.9,1.75,15.5301,179.425,606.09
1958-12-08,53.22,52.46,46.7949,44.6902,17.2707,21.2915,28.9,1.75,15.765,182.139,614.871
1958-12-15,54.07,53.37,47.1063,44.7761,17.5466,21.6315,28.9,1.75,16.0268,185.164,624.691
1958-12-22,54.11,53.42,47.2786,44.8638,17.5596,21.6476,28.9,1.75,16.0486,185.416,625.153
1958-12-29,55.44,54.74,47.534,44.9534,17.9912,22.1796,28.9,1.75,16.4531,190.089,640.519
1959-01-05,55.77,54.89,47.8651,45.0532,18.0288,22.1997,29,1.75667,16.561,190.676,642.11
1959-01-12,55.81,55.47,48.2016,45.1513,18.0418,22.2156,29,1.75667,16.5829,190.928,642.57
1959-01-19,56,55.68,48.5598,45.2465,18.1032,22.2913,29,1.75667,16.6494,191.694,644.758
1959-01-26,55.45,55.16,48.899,45.339,17.9254,22.0723,29,1.75667,16.496,189.927,638.425
1959-02-02,54.37,54.37,49.2087,45.4242,17.6295,21.6822,28.9,1.76333,16.1848,186.989,628.157
1959-02-09,54.42,53.58,49.4844,45.5065,17.6457,21.7021,28.9,1.76333,16.2097,187.277,628.735
1959-02-16,55.52,54.29,49.7627,45.594,18.0024,22.1408,28.9,1.76333,16.5475,191.179,641.443
1959-02-24,55.41,55.24,49.9912,45.6813,17.9667,22.0969,28.9,1.76333,16.5248,190.917,640.172
1959-03-02,56.21,55.73,50.3126,45.7729,18.2171,22.3753,28.9,1.77,16.7735,193.791,649.415
1959-03-09,56.67,56.15,50.6298,45.869,18.3662,22.5584,28.9,1.77,16.921,195.494,654.73
1959-03-16,56.39,56.06,50.9358,45.9623,18.2754,22.447,28.9,1.77,16.8475,194.646,651.495
1959-03-23,55.76,55.76,51.1618,46.0514,18.0712,22.1962,28.9,1.77,16.6695,192.589,644.216
1959-03-30,56.44,55.44,51.4373,46.1417,18.2916,22.4669,28.9,1.77,16.8829,195.055,652.072
1959-04-06,56.22,56.17,51.7235,46.2266,18.1467,22.2577,29,1.77667,16.8273,193.742,647.291
1959-04-13,57.92,56.43,52.0301,46.3157,18.6954,22.9308,29,1.77667,17.3464,199.718,666.864
1959-04-20,57.96,57.6,52.3425,46.4007,18.7083,22.9466,29,1.77667,17.3686,199.974,667.324
1959-04-27,57.65,57.59,52.6543,46.483,18.6083,22.8239,29,1.77667,17.286,199.022,663.755
1959-05-04,57.32,56.88,52.9438,46.5564,18.4863,22.6414,29,1.78333,17.1973,198.002,659.956
1959-05-11,58.16,57.96,53.2252,46.6352,18.7572,22.9732,29,1.78333,17.4596,201.022,669.627
1959-05-18,58.33,58.09,53.4931,46.7119,18.8121,23.0404,29,1.78333,17.5209,201.728,671.584
1959-05-25,58.68,58.09,53.7549,46.7877,18.9249,23.1786,29,1.78333,17.6364,203.057,675.614
1959-06-01,57.51,57.51,54.0174,46.8624,18.4646,22.5818,29.1,1.79,17.2951,198.443,659.868
1959-06-08,57.29,56.36,54.2501,46.9378,18.394,22.4955,29.1,1.79,17.2393,197.803,657.344
1959-06-15,57.13,56.56,54.4767,47.0134,18.3426,22.4326,29.1,1.79,17.2015,197.369,655.508
1959-06-22,57.98,57.12,54.7087,47.0883,18.6155,22.7664,29.1,1.79,17.4678,200.425,665.261
1959-06-29,59.28,58.37,54.9067,47.1667,19.0329,23.2769,29.1,1.79,17.8698,205.037,680.177
1959-07-06,59.91,59.65,55.1701,47.2468,19.1449,23.3771,29.2,1.79667,18.0701,206.626,685.051
1959-07-13,59.19,59.19,55.4112,47.3173,18.9148,23.0961,29.2,1.79667,17.8634,204.262,676.818
1959-07-20,59.65,58.91,55.6341,47.3874,19.0618,23.2756,29.2,1.79667,18.0126,205.968,682.078
1959-07-27,60.51,60.02,55.8621,47.4716,19.3366,23.6112,29.2,1.79667,18.2827,209.057,691.912
1959-08-03,59.87,59.87,56.0931,47.559,19.1088,23.2975,29.2,1.80333,18.0999,206.966,684.594
1959-08-10,59.29,58.62,56.3024,47.6494,18.9237,23.0718,29.2,1.80333,17.935,205.081,677.962
1959-08-17,59.08,58.27,56.4875,47.7318,18.8567,22.9901,29.2,1.80333,17.882,204.474,675.561
1959-08-24,59.6,58.87,56.6515,47.818,19.0226,23.1925,29.2,1.80333,18.0498,206.394,681.507
1959-08-31,58.54,58.26,56.795,47.8909,18.6843,22.78,29.2,1.80333,17.7393,202.843,669.386
1959-09-08,57.41,56.99,56.8971,47.9517,18.2377,22.2049,29.3,1.81,17.4075,198.369,654.224
1959-09-14,56.19,56.19,57.0018,48.005,17.8501,21.733,29.3,1.81,17.0481,194.274,640.321
1959-09-21,56.73,55.14,57.0817,48.0602,18.0216,21.9419,29.3,1.81,17.2225,196.261,646.475
1959-09-28,57.2,56.88,57.173,48.119,18.1709,22.1236,29.3,1.81,17.3757,198.008,651.831
1959-10-05,57,56.81,57.2506,48.1746,18.022,21.9133,29.4,1.81667,17.3256,196.765,647.343
1959-10-12,57.33,56.71,57.2976,48.2356,18.1263,22.0402,29.4,1.81667,17.4365,198.025,651.09
1959-10-19,56.56,56,57.3244,48.2909,17.8828,21.7441,29.4,1.81667,17.213,195.486,642.346
1959-10-26,57.52,56.94,57.3661,48.3511,18.1864,22.1132,29.4,1.81667,17.5157,198.924,653.248
1959-11-02,57.6,57.26,57.3954,48.4134,18.1886,22.0877,29.4,1.82333,17.5508,199.322,654.157
1959-11-09,56.85,56.85,57.441,48.4743,17.9518,21.8001,29.4,1.82333,17.3329,196.848,645.639
1959-11-16,56.97,56.22,57.4849,48.5431,17.9897,21.8462,29.4,1.82333,17.3802,197.385,647.002
1959-11-23,57.7,57.08,57.5515,48.6148,18.2202,22.1261,29.4,1.82333,17.6136,200.036,655.292
1959-11-30,58.85,58.28,57.6522,48.6852,18.5833,22.5671,29.4,1.82333,17.9754,204.144,668.353
1959-12-07,58.88,58.88,57.7431,48.7614,18.568,22.5195,29.4,1.83,17.9953,204.371,668.694
1959-12-14,59.14,58.86,57.8128,48.8345,18.65,22.6189,29.4,1.83,18.0855,205.395,671.646
1959-12-21,59,58.96,57.8673,48.9029,18.6058,22.5654,29.4,1.83,18.0535,205.031,670.056
1959-12-28,59.89,58.98,57.9288,48.9733,18.8865,22.9058,29.4,1.83,18.3366,208.246,680.164
1960-01-04,59.5,59.5,58.0247,49.0373,18.8028,22.7782,29.3,1.86667,18.2281,207.722,678.041
1960-01-11,58.38,58.08,58.0932,49.0885,18.4489,22.3494,29.3,1.86667,17.896,203.937,665.278
1960-01-18,57.38,57.07,58.1178,49.1312,18.1329,21.9666,29.3,1.86667,17.6005,200.569,653.882
1960-01-25,55.61,55.61,58.1096,49.1669,17.5735,21.289,29.3,1.86667,17.0686,194.507,633.712
1960-02-01,55.98,55.96,58.0687,49.2025,17.6082,21.31,29.4,1.90333,17.1934,195.263,635.759
1960-02-08,55.46,55.18,58.0086,49.2401,17.4446,21.112,29.4,1.90333,17.0449,193.577,629.853
1960-02-15,56.24,54.73,57.9558,49.2825,17.69,21.409,29.4,1.90333,17.2959,196.427,638.711
1960-02-23,56.16,55.74,57.9186,49.3233,17.6648,21.3785,29.4,1.90333,17.2825,196.276,637.803
1960-02-29,54.57,54.57,57.8486,49.3536,17.1647,20.7732,29.4,1.90333,16.8045,190.847,619.745
1960-03-07,54.24,53.47,57.742,49.3892,17.041,20.6055,29.4,1.94,16.7144,189.823,615.998
1960-03-14,55.01,54.32,57.6514,49.4323,17.2829,20.8981,29.4,1.94,16.9631,192.648,624.742
1960-03-21,55.98,55.07,57.6145,49.4891,17.5876,21.2666,29.4,1.94,17.2738,196.176,635.759
1960-03-28,55.43,55.34,57.5789,49.5384,17.4148,21.0576,29.4,1.94,17.1156,194.379,629.512
1960-04-04,56.39,55.37,57.5514,49.5946,17.6362,21.3064,29.5,1.94333,17.4235,197.206,638.244
1960-04-11,56.43,56.17,57.5146,49.6449,17.6487,21.3215,29.5,1.94333,17.4474,197.477,638.697
1960-04-18,55.42,55.42,57.4208,49.6891,17.3328,20.9399,29.5,1.94333,17.1467,194.073,627.265
1960-04-25,54.37,54.37,57.298,49.7261,17.0044,20.5432,29.5,1.94333,16.8334,190.527,615.381
1960-05-02,54.75,54.13,57.1834,49.7596,17.1093,20.6523,29.5,1.94667,16.9626,191.99,619.682
1960-05-09,55.3,54.42,57.0517,49.7925,17.2812,20.8598,29.5,1.94667,17.1446,194.05,625.907
1960-05-16,55.73,55.25,56.9263,49.8244,17.4155,21.022,29.5,1.94667,17.2896,195.69,630.774
1960-05-23,55.74,55.67,56.8324,49.8577,17.4187,21.0258,29.5,1.94667,17.3043,195.857,630.887
1960-05-31,56.23,55.83,56.7716,49.8907,17.5718,21.2106,29.5,1.94667,17.468,197.71,636.433
1960-06-06,57.97,56.89,56.7408,49.9351,18.0444,21.7605,29.6,1.95,18.0202,203.271,653.91
1960-06-13,57.44,57.44,56.6992,49.9782,17.8794,21.5616,29.6,1.95,17.8671,201.544,647.932
1960-06-20,57.68,57.11,56.6798,50.0268,17.9541,21.6517,29.6,1.95,17.9534,202.517,650.639
1960-06-27,57.06,56.92,56.6818,50.0746,17.7611,21.419,29.6,1.95,17.7721,200.472,643.645
1960-07-05,57.38,56.94,56.7096,50.1224,17.856,21.515,29.6,1.95,17.8835,201.728,647.255
1960-07-11,56.05,56.05,56.6966,50.1666,17.4422,21.0163,29.6,1.95,17.4806,197.184,632.253
1960-07-18,54.72,54.72,56.6545,50.2073,17.0283,20.5176,29.6,1.95,17.0775,192.637,617.25
1960-07-25,55.51,54.17,56.5931,50.2581,17.2741,20.8138,29.6,1.95,17.3358,195.55,626.161
1960-08-01,55.44,54.72,56.5483,50.3031,17.2492,20.7653,29.6,1.95,17.3256,195.436,625.372
1960-08-08,56.66,55.52,56.5328,50.3514,17.6288,21.2222,29.6,1.95,17.7186,199.869,639.133
1960-08-15,57.01,56.61,56.5174,50.4052,17.7377,21.3533,29.6,1.95,17.8398,201.236,643.081
1960-08-22,57.6,57.19,56.5225,50.4618,17.9212,21.5743,29.6,1.95,18.0362,203.451,649.737
1960-08-29,57,56.84,56.5311,50.5119,17.7346,21.3496,29.6,1.95,17.86,201.464,642.969
1960-09-06,56.11,55.74,56.51,50.5608,17.4565,20.9977,29.6,1.95,17.5929,198.451,632.929
1960-09-12,55.11,55.11,56.443,50.6076,17.1453,20.6235,29.6,1.95,17.2911,195.046,621.649
1960-09-19,53.9,53.86,56.3223,50.6514,16.7689,20.1707,29.6,1.95,16.9232,190.897,608
1960-09-26,53.52,52.48,56.1713,50.6936,16.6507,20.0285,29.6,1.95,16.8157,189.684,603.714
1960-10-03,54.03,52.99,56.0322,50.7286,16.6978,20.0697,29.8,1.95,16.9877,190.338,605.376
1960-10-10,54.86,54.14,55.9072,50.7702,16.9543,20.378,29.8,1.95,17.2605,193.394,614.676
1960-10-17,53.72,53.72,55.7632,50.8069,16.602,19.9545,29.8,1.95,16.9136,189.508,601.903
1960-10-24,53.41,52.2,55.6279,50.8412,16.5062,19.8394,29.8,1.95,16.8278,188.546,598.429
1960-10-31,54.9,53.39,55.5482,50.8824,16.9667,20.3928,29.8,1.95,17.3091,193.939,615.124
1960-11-07,55.87,55.11,55.5295,50.9308,17.2697,20.7395,29.8,1.95,17.6267,197.498,625.992
1960-11-14,55.82,55.55,55.517,50.9867,17.2543,20.7209,29.8,1.95,17.6228,197.453,625.432
1960-11-21,56.13,55.72,55.5217,51.0433,17.3501,20.836,29.8,1.95,17.7325,198.683,628.906
1960-11-28,55.39,55.3,55.5343,51.0971,17.1214,20.5613,29.8,1.95,17.5106,196.196,620.614
1960-12-05,56.65,55.31,55.5341,51.1638,17.5157,21.0156,29.8,1.95,17.9207,200.792,634.732
1960-12-12,57.2,56.68,55.5629,51.2323,17.6858,21.2196,29.8,1.95,18.1066,202.874,640.894
1960-12-19,57.44,57.09,55.6463,51.302,17.76,21.3087,29.8,1.95,18.1944,203.859,643.583
1960-12-27,58.11,57.52,55.7118,51.3739,17.9671,21.5572,29.8,1.95,18.4185,206.369,651.09
1961-01-03,58.4,57.57,55.7747,51.4456,18.0622,21.6487,29.8,1.94667,18.5223,207.532,654.34
1961-01-09,59.6,58.81,55.8572,51.5233,18.4333,22.0935,29.8,1.94667,18.9148,211.93,667.785
1961-01-16,59.96,59.58,55.9637,51.6028,18.5446,22.227,29.8,1.94667,19.0409,213.343,671.819
1961-01-23,61.24,60.29,56.0699,51.6884,18.9405,22.7015,29.8,1.94667,19.4593,218.031,686.16
1961-01-30,62.22,61.78,56.2163,51.7771,19.2436,23.0648,29.8,1.94667,19.7826,221.653,697.141
1961-02-06,61.5,61.5,56.3822,51.8597,19.0267,22.7806,29.8,1.94333,19.5655,219.221,689.073
1961-02-13,62.1,61.14,56.5619,51.9431,19.2124,23.0028,29.8,1.94333,19.7683,221.493,695.796
1961-02-20,62.84,62.32,56.7183,52.0298,19.4413,23.2769,29.8,1.94333,20.0158,224.266,704.087
1961-02-27,63.95,63.3,56.931,52.1179,19.7847,23.6881,29.8,1.94333,20.3812,228.36,716.524
1961-03-06,63.48,63.44,57.1292,52.2023,19.6462,23.4971,29.8,1.94,20.2433,226.815,711.258
1961-03-13,64,63.38,57.3291,52.2866,19.8071,23.6896,29.8,1.94,20.4211,228.807,717.085
1961-03-20,64.42,64.42,57.5225,52.3726,19.9371,23.845,29.8,1.94,20.567,230.442,721.79
1961-03-27,65.06,64.35,57.6567,52.4608,20.1351,24.0819,29.8,1.94,20.7832,232.864,728.961
1961-04-03,65.96,65.46,57.8642,52.5513,20.4231,24.4002,29.8,1.94,21.0826,236.219,739.045
1961-04-10,66.37,66.26,58.0906,52.6424,20.55,24.5519,29.8,1.94,21.2256,237.821,743.639
1961-04-17,65.77,65.77,58.3276,52.7355,20.3643,24.3299,29.8,1.94,21.0456,235.805,736.916
1961-04-24,65.31,64.4,58.5385,52.8252,20.2218,24.1597,29.8,1.94,20.9104,234.289,731.762
1961-05-01,66.52,65.17,58.7923,52.9144,20.6048,24.5918,29.8,1.94,21.3097,238.764,745.32
1961-05-08,66.5,66.39,59.0899,53.0015,20.5986,24.5844,29.8,1.94,21.3153,238.826,745.096
1961-05-15,67.27,66.83,59.3908,53.0949,20.8371,24.8691,29.8,1.94,21.5741,241.725,753.723
1961-05-22,66.43,66.01,59.6632,53.1848,20.5769,24.5585,29.8,1.94,21.3166,238.841,744.311
1961-05-31,66.73,66.56,59.8147,53.2801,20.6699,24.6694,29.8,1.94,21.4249,240.054,747.673
1961-06-05,66.66,65.64,60.0565,53.3788,20.6547,24.6282,29.8,1.94,21.4144,239.936,746.888
1961-06-12,65.18,65.18,60.2573,53.4755,20.1961,24.0814,29.8,1.94,20.9509,234.743,730.306
1961-06-19,65.16,64.58,60.46,53.5788,20.1899,24.074,29.8,1.94,20.9565,234.806,730.082
1961-06-26,64.64,64.47,60.6775,53.6759,20.0288,23.8819,29.8,1.94,20.8012,233.066,724.255
1961-07-03,65.77,65.21,60.8915,53.7813,20.2482,24.1228,30,1.94667,21.1769,235.694,732.004
1961-07-10,65.28,64.86,61.1763,53.8837,20.0974,23.943,30,1.94667,21.0312,234.072,726.55
1961-07-17,64.86,64.41,61.469,53.9896,19.9681,23.789,30,1.94667,20.9079,232.7,721.876
1961-07-24,66.71,64.87,61.774,54.1104,20.5376,24.4675,30,1.94667,21.5164,239.472,742.466
1961-07-31,67.68,66.76,62.092,54.2348,20.8363,24.8233,30,1.94667,21.8413,243.088,753.261
1961-08-07,68.06,67.67,62.4438,54.3704,21.0251,25.0267,29.9,1.95333,21.9761,245.406,760.024
1961-08-14,68.29,67.55,62.8125,54.5102,21.0961,25.1112,29.9,1.95333,22.0624,246.371,762.593
1961-08-21,67.67,67.59,63.15,54.6456,20.9046,24.8832,29.9,1.95333,21.8743,244.27,755.669
1961-08-28,68.19,67.55,63.4514,54.7844,21.0653,25.0745,29.9,1.95333,22.0545,246.282,761.476
1961-09-05,67.88,67.88,63.6996,54.9228,20.8961,24.8538,30,1.96,21.9664,244.481,755.487
1961-09-11,67.65,67.28,63.9942,55.0592,20.8253,24.7696,30,1.96,21.9042,243.788,752.928
1961-09-18,66.72,66.08,64.279,55.1885,20.539,24.4291,30,1.96,21.6153,240.573,742.577
1961-09-25,66.73,65.77,64.5229,55.3135,20.5421,24.4328,30,1.96,21.6307,240.745,742.688
1961-10-02,66.97,66.73,64.7752,55.4418,20.6073,24.4932,30,1.98,21.7209,241.748,745.359
1961-10-09,68.04,67.94,65.039,55.5784,20.9365,24.8845,30,1.98,22.0803,245.748,757.268
1961-10-16,68,67.85,65.2876,55.721,20.9242,24.8699,30,1.98,22.0796,245.741,756.823
1961-10-23,68.34,67.98,65.5202,55.8638,21.0288,24.9943,30,1.98,22.2024,247.107,760.607
1961-10-30,69.47,68.42,65.7507,56.0068,21.3765,25.4075,30,1.98,22.5819,251.331,773.184
1961-11-06,71.07,70.01,65.9581,56.1603,21.8549,25.9564,30,2,23.1145,257.259,790.991
1961-11-13,71.62,71.27,66.2098,56.3129,22.024,26.1573,30,2,23.3059,259.389,797.113
1961-11-20,71.84,71.7,66.4053,56.4635,22.0917,26.2377,30,2,23.39,260.325,799.561
1961-11-27,71.78,71.32,66.6559,56.6139,22.0732,26.2157,30,2,23.383,260.247,798.893
1961-12-04,72.04,71.7,66.8992,56.7655,22.1337,26.2684,30,2.02,23.4803,261.33,801.787
1961-12-11,72.01,71.98,67.129,56.9189,22.1244,26.2574,30,2.02,23.4832,261.362,801.453
1961-12-18,70.91,70.86,67.3148,57.069,21.7865,25.8563,30,2.02,23.1372,257.511,789.211
1961-12-26,71.55,71.02,67.4742,57.2226,21.9831,26.0897,30,2.02,23.3587,259.976,796.334
1962-01-02,69.66,69.35,67.603,57.3606,21.379,25.3572,30,2.02667,22.7544,253.25,775.298
1962-01-08,69.61,68.17,67.7203,57.497,21.3637,25.339,30,2.02667,22.7508,253.21,774.742
1962-01-15,68.75,67.75,67.8122,57.6286,21.0997,25.026,30,2.02667,22.4824,250.224,765.17
1962-01-22,68.13,67.55,67.8712,57.7583,20.9094,24.8003,30,2.02667,22.2924,248.109,758.27
1962-01-29,69.81,67.55,67.922,57.8999,21.425,25.4118,30,2.02667,22.8549,254.369,776.968
1962-02-05,70.48,69.41,68.0431,58.0436,21.5311,25.5212,30.1,2.03333,23.087,256.099,781.819
1962-02-12,70.59,70.03,68.1707,58.183,21.5647,25.561,30.1,2.03333,23.1359,256.641,783.039
1962-02-19,70.16,69.73,68.2507,58.317,21.4334,25.4053,30.1,2.03333,23.0078,255.22,778.269
1962-02-26,70.16,69.44,68.3376,58.4494,21.4334,25.4053,30.1,2.03333,23.0206,255.362,778.269
1962-03-05,70.42,69.37,68.4101,58.581,21.4828,25.4476,30.1,2.04,23.1188,256.451,781.153
1962-03-12,70.94,70.02,68.52,58.7189,21.6415,25.6355,30.1,2.04,23.3023,258.488,786.921
1962-03-19,70.45,70.12,68.6198,58.8518,21.492,25.4584,30.1,2.04,23.1543,256.845,781.486
1962-03-26,69.55,69.16,68.7095,58.9791,21.2174,25.1332,30.1,2.04,22.8714,253.707,771.502
1962-04-02,68.84,68.12,68.8029,59.1001,20.8982,24.7413,30.2,2.04667,22.6508,250.429,761.098
1962-04-09,67.9,67.03,68.8903,59.2145,20.6128,24.4035,30.2,2.04667,22.3545,247.152,750.705
1962-04-16,68.59,67.21,68.9521,59.3332,20.8223,24.6514,30.2,2.04667,22.5946,249.807,758.334
1962-04-23,66.3,65.99,69.0009,59.4402,20.1271,23.8284,30.2,2.04667,21.8532,241.61,733.016
1962-04-30,66.24,63.76,69.0292,59.5441,20.1089,23.8069,30.2,2.04667,21.8464,241.535,732.352
1962-05-07,62.65,62.44,69.01,59.6287,18.9863,22.4708,30.2,2.05333,20.6754,228.589,692.661
1962-05-14,63.82,61.11,68.935,59.719,19.3409,22.8904,30.2,2.05333,21.0746,233.002,705.597
1962-05-21,59.47,59,68.7797,59.7815,18.0226,21.3302,30.2,2.05333,19.6512,217.264,657.503
1962-05-28,59.38,53.13,68.5863,59.8409,17.9953,21.2979,30.2,2.05333,19.6345,217.08,656.508
1962-06-04,58.45,56.33,68.3316,59.8929,17.6806,20.9269,30.2,2.06,19.3401,213.825,646.226
1962-06-11,55.89,53.66,68.0386,59.9349,16.9062,20.0103,30.2,2.06,18.5061,204.604,617.922
1962-06-18,52.68,52.48,67.6978,59.9596,15.9352,18.861,30.2,2.06,17.4563,192.998,582.432
1962-06-25,54.75,51.35,67.3331,59.9946,16.5614,19.6022,30.2,2.06,18.1554,200.727,605.318
1962-07-02,56.17,54.47,67.1174,60.0356,16.9006,20.0042,30.3,2.06667,18.6395,205.399,618.968
1962-07-09,57.83,55.54,66.893,60.0821,17.4001,20.5953,30.3,2.06667,19.2035,211.614,637.261
1962-07-16,56.81,55.86,66.6468,60.1192,17.0932,20.2321,30.3,2.06667,18.878,208.027,626.021
1962-07-23,57.2,55.78,66.3749,60.1569,17.2105,20.371,30.3,2.06667,19.0208,209.601,630.319
1962-07-30,58.12,57.08,66.124,60.1956,17.4873,20.6986,30.3,2.06667,19.3399,213.118,640.456
1962-08-06,57.55,56.76,65.8592,60.2264,17.28,20.4526,30.3,2.07333,19.1635,211.174,634.175
1962-08-13,59.01,57.22,65.6092,60.2642,17.7184,20.9715,30.3,2.07333,19.663,216.677,650.264
1962-08-20,59.58,58.9,65.356,60.308,17.8895,21.1741,30.3,2.07333,19.8662,218.917,656.545
1962-08-27,59.12,58.17,65.0478,60.3469,17.7514,21.0106,30.3,2.07333,19.7261,217.373,651.476
1962-09-04,58.38,57.72,64.7812,60.3776,17.4349,20.6362,30.4,2.08,19.4925,214.093,641.205
1962-09-10,58.89,57.88,64.4544,60.4066,17.5873,20.8165,30.4,2.08,19.6762,216.11,646.807
1962-09-17,57.69,57.43,64.1257,60.4315,17.2289,20.3923,30.4,2.08,19.2886,211.853,633.627
1962-09-24,56.27,55.53,63.7281,60.4505,16.8048,19.8904,30.4,2.08,18.8272,206.785,618.031
1962-10-01,57.07,55.26,63.345,60.4735,17.008,20.1338,30.4,2.09667,19.1084,209.873,626.817
1962-10-08,56.95,56.66,62.9919,60.4922,16.9723,20.0915,30.4,2.09667,19.0817,209.58,625.499
1962-10-15,55.59,55.34,62.6381,60.4998,16.567,19.6117,30.4,2.09667,18.6395,204.724,610.562
1962-10-22,54.54,52.55,62.2715,60.5019,16.254,19.2412,30.4,2.09667,18.301,201.005,599.03
1962-10-29,57.75,55.34,61.9697,60.5135,17.2107,20.3737,30.4,2.09667,19.3916,212.984,634.286
1962-11-05,58.78,57.69,61.7713,60.5285,17.4797,20.6911,30.4,2.11333,19.7511,216.933,645.599
1962-11-12,60.16,58.59,61.5565,60.5502,17.8901,21.1769,30.4,2.11333,20.2285,222.176,660.756
1962-11-19,61.54,59.46,61.3692,60.578,18.3004,21.6626,30.4,2.11333,20.7062,227.422,675.913
1962-11-26,62.26,60.95,61.1567,60.612,18.5146,21.9161,30.4,2.11333,20.9621,230.233,683.821
1962-12-03,63.06,61.28,60.9579,60.6555,18.7105,22.1444,30.4,2.13,21.2452,233.343,692.607
1962-12-10,62.57,61.72,60.7691,60.6962,18.5651,21.9723,30.4,2.13,21.094,231.681,687.225
1962-12-17,62.64,61.72,60.5823,60.7318,18.5858,21.9969,30.4,2.13,21.1314,232.092,687.994
1962-12-24,62.96,62.19,60.4283,60.7695,18.6808,22.1093,30.4,2.13,21.2531,233.43,691.509
1962-12-31,64.13,62.32,60.279,60.8091,19.0279,22.5202,30.4,2.13,21.6619,237.919,704.359
1963-01-07,64.85,63.67,60.1393,60.85,19.1971,22.7142,30.4,2.13667,21.919,240.743,712.267
1963-01-14,65.18,64.35,60.0268,60.894,19.2948,22.8298,30.4,2.13667,22.0444,242.121,715.892
1963-01-21,65.92,64.64,59.9513,60.9448,19.5138,23.089,30.4,2.13667,22.3086,245.022,724.02
1963-01-28,66.31,65.51,59.9069,60.9941,19.6293,23.2256,30.4,2.13667,22.4545,246.624,728.303
1963-02-04,66.17,65.38,59.8542,61.0439,19.543,23.1167,30.4,2.14333,22.421,246.257,726.765
1963-02-11,66.41,65.16,59.8553,61.0864,19.6139,23.2006,30.4,2.14333,22.5163,247.304,729.401
1963-02-18,65.92,65.36,59.8579,61.1261,19.4692,23.0294,30.4,2.14333,22.3642,245.632,724.02
1963-02-25,64.1,63.8,59.8902,61.1584,18.9317,22.3936,30.4,2.14333,21.7607,239.004,704.03
1963-03-04,65.33,63.88,59.9249,61.1984,19.1882,22.6908,30.5,2.15,22.1923,242.945,715.187
1963-03-11,65.93,65.11,60.0941,61.2373,19.3644,22.8992,30.5,2.15,22.4101,245.33,721.755
1963-03-18,66.19,65.19,60.2783,61.2766,19.4408,22.9895,30.5,2.15,22.5126,246.452,724.601
1963-03-25,66.57,65.92,60.5079,61.316,19.5524,23.1215,30.5,2.15,22.6559,248.021,728.761
1963-04-01,68.28,66.23,60.8124,61.3699,20.0094,23.6534,30.5,2.16667,23.252,254.547,747.481
1963-04-08,68.77,67.66,61.1274,61.4273,20.153,23.8231,30.5,2.16667,23.4331,256.529,752.845
1963-04-15,69.23,68.47,61.4832,61.4878,20.2878,23.9825,30.5,2.16667,23.604,258.4,757.881
1963-04-22,69.7,68.95,61.8009,61.5464,20.4255,24.1453,30.5,2.16667,23.7785,260.31,763.026
1963-04-29,70.03,69.26,62.1157,61.6001,20.5222,24.2596,30.5,2.16667,23.9053,261.698,766.639
1963-05-06,70.52,69.03,62.4507,61.6532,20.6187,24.3637,30.5,2.18333,24.0869,263.686,772.003
1963-05-13,70.29,69.83,62.7701,61.7087,20.5514,24.2843,30.5,2.18333,24.0227,262.983,769.485
1963-05-20,70.02,69.59,63.0783,61.7605,20.4725,24.191,30.5,2.18333,23.9447,262.13,766.53
1963-05-27,70.8,69.48,63.3283,61.812,20.7006,24.4605,30.5,2.18333,24.2258,265.207,775.069
1963-06-03,70.41,70.1,63.6189,61.8647,20.4714,24.1802,30.6,2.2,24.1069,263.042,768.28
1963-06-10,70.25,69.57,63.8862,61.9195,20.4249,24.1252,30.6,2.2,24.0666,262.603,766.534
1963-06-17,70.25,69.31,64.1721,61.9753,20.4249,24.1252,30.6,2.2,24.081,262.761,766.534
1963-06-24,69.37,68.78,64.4494,62.0242,20.169,23.823,30.6,2.2,23.7939,259.628,756.932
1963-07-01,70.22,68.58,64.6633,62.0826,20.3017,23.9714,30.7,2.20333,24.1,262.111,763.711
1963-07-08,69.64,69.36,64.9648,62.1437,20.134,23.7734,30.7,2.20333,23.9155,260.104,757.403
1963-07-15,68.35,67.9,65.2865,62.2045,19.7611,23.333,30.7,2.20333,23.487,255.444,743.373
1963-07-22,68.54,67.54,65.5699,62.2636,19.816,23.3979,30.7,2.20333,23.5669,256.313,745.439
1963-07-29,69.3,68.32,65.869,62.3241,20.0357,23.6573,30.7,2.20333,23.8427,259.313,753.705
1963-08-05,70.48,69.2,66.2344,62.3915,20.3284,23.993,30.7,2.20667,24.2633,263.887,766.539
1963-08-12,71.49,70.19,66.6275,62.4623,20.6197,24.3368,30.7,2.20667,24.6256,267.828,777.524
1963-08-19,71.76,70.95,66.9723,62.5383,20.6976,24.4287,30.7,2.20667,24.7333,268.998,780.46
1963-08-26,72.5,71.27,67.2914,62.6132,20.911,24.6807,30.7,2.20667,25.0029,271.931,788.508
1963-09-03,72.84,72.15,67.5451,62.6894,20.9575,24.7237,30.7,2.21,25.1348,273.366,792.206
1963-09-09,73.17,72.25,67.8327,62.771,21.0524,24.8358,30.7,2.21,25.2634,274.764,795.795
1963-09-16,73.3,72.51,68.1021,62.8527,21.0898,24.8799,30.7,2.21,25.3229,275.412,797.209
1963-09-23,72.13,71.6,68.3538,62.9248,20.7532,24.4827,30.7,2.21,24.9334,271.175,784.484
1963-09-30,72.85,71.28,68.6032,62.9948,20.9604,24.7271,30.7,2.21,25.197,274.042,792.315
1963-10-07,72.27,71.6,68.8412,63.0617,20.6739,24.3782,30.8,2.23333,25.0112,271.139,783.455
1963-10-14,73.32,71.85,69.0795,63.1326,20.9743,24.7324,30.8,2.23333,25.3895,275.239,794.838
1963-10-21,74.01,72.48,69.2976,63.2077,21.1717,24.9651,30.8,2.23333,25.6433,277.991,802.318
1963-10-28,73.83,73.25,69.5241,63.2774,21.1202,24.9044,30.8,2.23333,25.5958,277.476,800.366
1963-11-04,73.36,72.33,69.677,63.3467,20.9315,24.6726,30.8,2.25667,25.4479,275.872,795.271
1963-11-11,72.35,72.09,69.8515,63.4165,20.6434,24.3329,30.8,2.25667,25.1126,272.237,784.322
1963-11-18,69.61,69.48,69.9833,63.4777,19.8616,23.4114,30.8,2.25667,24.1766,262.091,754.619
1963-11-26,73.23,71.4,70.0838,63.5658,20.8944,24.6289,30.8,2.25667,25.449,275.884,793.862
1963-12-02,74,73.02,70.2725,63.6559,20.9904,24.7323,30.9,2.28,25.7318,278.047,799.613
1963-12-09,74.06,73.4,70.4831,63.7489,21.0074,24.7523,30.9,2.28,25.7679,278.437,800.261
1963-12-16,74.28,73.78,70.7314,63.8391,21.0698,24.8258,30.9,2.28,25.8597,279.429,802.639
1963-12-23,74.44,73.44,70.9052,63.9305,21.1152,24.8793,30.9,2.28,25.9307,280.196,804.368
1963-12-30,75.5,74.13,71.0925,64.0351,21.4159,25.2336,30.9,2.28,26.3152,284.351,815.821
1964-01-06,76.24,75.18,71.3435,64.1451,21.5678,25.4019,30.9,2.29667,26.5885,287.305,823.818
1964-01-13,76.56,75.78,71.5898,64.2529,21.6583,25.5085,30.9,2.29667,26.7155,288.677,827.275
1964-01-20,77.11,75.87,71.8169,64.3585,21.8139,25.6917,30.9,2.29667,26.9229,290.917,833.218
1964-01-27,77.04,76.26,72.0209,64.4666,21.7941,25.6684,30.9,2.29667,26.9138,290.82,832.462
1964-02-03,77.18,76.36,72.2151,64.5705,21.7734,25.6327,30.9,2.31333,26.9783,291.516,833.975
1964-02-10,77.48,76.81,72.4067,64.6758,21.8581,25.7324,30.9,2.31333,27.0987,292.817,837.217
1964-02-17,77.62,77,72.5587,64.7868,21.8976,25.7789,30.9,2.31333,27.1632,293.515,838.729
1964-02-24,77.8,77.19,72.748,64.904,21.9483,25.8386,30.9,2.31333,27.2418,294.363,840.674
1964-03-02,78.31,77.5,72.9454,65.0218,22.0294,25.9218,30.9,2.33,27.4361,296.463,846.185
1964-03-09,79.14,77.95,73.1645,65.141,22.2629,26.1965,30.9,2.33,27.7426,299.774,855.154
1964-03-16,78.92,78.72,73.3822,65.2569,22.201,26.1237,30.9,2.33,27.6811,299.111,852.777
1964-03-23,79.19,78.17,73.5543,65.3742,22.277,26.2131,30.9,2.33,27.7916,300.304,855.694
1964-03-30,79.94,78.57,73.785,65.4927,22.4879,26.4613,30.9,2.33,28.0705,303.318,863.798
1964-04-06,79.85,79.26,74.0274,65.6021,22.3969,26.3412,30.9,2.34667,28.0547,303.148,862.826
1964-04-13,80.55,79.42,74.2966,65.7177,22.5933,26.5721,30.9,2.34667,28.3165,305.977,870.39
1964-04-20,79.75,79.45,74.5579,65.828,22.3689,26.3082,30.9,2.34667,28.0512,303.109,861.745
1964-04-27,80.17,78.9,74.8127,65.9436,22.4867,26.4468,30.9,2.34667,28.2148,304.877,866.284
1964-05-04,81,79.87,75.1276,66.0617,22.6526,26.6282,30.9,2.36333,28.5229,308.206,875.252
1964-05-11,81.1,80.37,75.4376,66.1869,22.6806,26.661,30.9,2.36333,28.5741,308.76,876.333
1964-05-18,80.73,79.96,75.7175,66.317,22.5771,26.5394,30.9,2.36333,28.4597,307.524,872.335
1964-05-25,80.37,79.78,75.9201,66.4413,22.4764,26.4211,30.9,2.36333,28.3488,306.326,868.445
1964-06-01,79.02,78.44,76.1242,66.5592,21.9612,25.8028,31,2.38,27.8888,300.383,851.103
1964-06-08,79.6,78.15,76.3176,66.6739,22.1224,25.9922,31,2.38,28.1097,302.761,857.35
1964-06-15,80.89,79.39,76.5274,66.7933,22.4809,26.4134,31,2.38,28.5814,307.842,871.244
1964-06-22,81.46,80.41,76.7352,66.9126,22.6393,26.5995,31,2.38,28.7989,310.186,877.383
1964-06-29,82.6,81.1,76.9133,67.0406,22.9562,26.9718,31,2.38,29.2182,314.701,889.662
1964-07-06,83.36,82.37,77.1653,67.1768,23.023,27.0351,31.1,2.4,29.5033,316.75,894.961
1964-07-13,84.01,82.72,77.4406,67.3213,23.2025,27.2459,31.1,2.4,29.7497,319.396,901.939
1964-07-20,83.46,82.96,77.7148,67.4691,23.0506,27.0676,31.1,2.4,29.5713,317.48,896.034
1964-07-27,83.18,82.4,77.9842,67.6174,22.9733,26.9767,31.1,2.4,29.4884,316.591,893.028
1964-08-03,81.86,80.8,78.2088,67.7566,22.6117,26.5389,31,2.42,29.037,312.749,881.692
1964-08-10,82.35,81.43,78.4225,67.894,22.7471,26.6978,31,2.42,29.2273,314.799,886.969
1964-08-17,82.07,81.6,78.6302,68.0358,22.6697,26.607,31,2.42,29.1444,313.907,883.953
1964-08-24,81.99,80.99,78.8421,68.1787,22.6476,26.5811,31,2.42,29.1325,313.779,883.092
1964-08-31,82.76,81.46,79.0887,68.318,22.8603,26.8307,31,2.42,29.4227,316.904,891.385
1964-09-08,83.45,82.46,79.3202,68.4559,22.9032,26.8669,31.1,2.44,29.6847,318.697,895.927
1964-09-14,83.48,82.57,79.5711,68.5942,22.9114,26.8766,31.1,2.44,29.712,318.991,896.249
1964-09-21,84.21,83.41,79.8198,68.7346,23.1118,27.1116,31.1,2.44,29.9885,321.96,904.086
1964-09-28,84.36,83.71,80.0673,68.8794,23.153,27.1599,31.1,2.44,30.0587,322.713,905.697
1964-10-05,85.22,84.2,80.3363,69.0223,23.3134,27.3332,31.1,2.46,30.382,326.184,914.93
1964-10-12,84.83,83.65,80.5819,69.1604,23.2067,27.2081,31.1,2.46,30.2598,324.872,910.743
1964-10-19,85.14,84.47,80.809,69.2989,23.2915,27.3076,31.1,2.46,30.3872,326.24,914.071
1964-10-26,84.86,84.36,81.0187,69.4327,23.2149,27.2177,31.1,2.46,30.3042,325.349,911.065
1964-11-02,85.23,84.51,81.1866,69.5668,23.1679,27.1477,31.2,2.48,30.4534,325.902,912.104
1964-11-09,85.21,84.49,81.391,69.6949,23.1625,27.1413,31.2,2.48,30.4632,326.008,911.89
1964-11-16,86.28,84.88,81.62,69.8265,23.4534,27.4822,31.2,2.48,30.8628,330.284,923.341
1964-11-23,85.16,84.55,81.786,69.9461,23.1489,27.1254,31.2,2.48,30.4793,326.179,911.355
1964-11-30,84.35,83.12,81.95,70.0567,22.9287,26.8674,31.2,2.48,30.2064,323.26,902.687
1964-12-07,83.66,82.98,82.1022,70.1675,22.6717,26.5531,31.2,2.5,29.9766,320.8,895.303
1964-12-14,84.29,82.65,82.2436,70.2785,22.8424,26.753,31.2,2.5,30.2195,323.4,902.045
1964-12-21,84.15,83.74,82.3578,70.385,22.8045,26.7086,31.2,2.5,30.1866,323.047,900.547
1964-12-28,84.75,83.38,82.459,70.489,22.9671,26.899,31.2,2.5,30.419,325.535,906.968
1965-01-04,85.37,83.77,82.6043,70.5985,23.0667,27.0007,31.2,2.51667,30.6589,328.102,913.603
1965-01-11,86.21,84.9,82.7712,70.7095,23.2937,27.2663,31.2,2.51667,30.978,331.517,922.592
1965-01-18,86.74,85.99,82.9403,70.8211,23.4369,27.434,31.2,2.51667,31.1858,333.741,928.264
1965-01-25,87.56,86.39,83.1237,70.9336,23.6584,27.6933,31.2,2.51667,31.498,337.082,937.039
1965-02-01,87.29,86.9,83.3004,71.0403,23.5176,27.5123,31.2,2.53333,31.4184,336.23,934.15
1965-02-08,86.17,85.4,83.4668,71.1393,23.2158,27.1593,31.2,2.53333,31.0329,332.104,922.164
1965-02-15,86.21,85.25,83.6054,71.2415,23.2266,27.1719,31.2,2.53333,31.0648,332.446,922.592
1965-02-23,87.43,86.03,83.7266,71.3521,23.5553,27.5565,31.2,2.53333,31.522,337.338,935.648
1965-03-01,86.8,86,83.8853,71.4535,23.2455,27.1778,31.3,2.55,31.3125,334.026,925.938
1965-03-08,87.21,86.17,84.0397,71.557,23.3553,27.3062,31.3,2.55,31.4781,335.793,930.312
1965-03-15,86.84,86.43,84.2153,71.6549,23.2562,27.1904,31.3,2.55,31.3623,334.557,926.365
1965-03-22,86.2,85.96,84.4102,71.7537,23.0848,26.99,31.3,2.55,31.1488,332.28,919.538
1965-03-29,86.53,85.65,84.5638,71.8527,23.1732,27.0933,31.3,2.55,31.2858,333.741,923.058
1965-04-05,87.56,86.08,84.7116,71.9572,23.3114,27.2377,31.4,2.57,31.6761,336.828,931.071
1965-04-12,88.15,87.31,84.8435,72.0721,23.4685,27.4213,31.4,2.57,31.9074,339.288,937.345
1965-04-19,88.88,87.7,84.9877,72.1907,23.6628,27.6483,31.4,2.57,32.1895,342.288,945.107
1965-04-26,89.11,88.3,85.1311,72.313,23.7241,27.7199,31.4,2.57,32.2907,343.364,947.553
1965-05-03,89.85,88.62,85.2799,72.4334,23.8602,27.86,31.4,2.59,32.5769,346.407,955.422
1965-05-10,90.1,89.05,85.4486,72.5575,23.9266,27.9375,31.4,2.59,32.6856,347.563,958.08
1965-05-17,88.75,88.4,85.615,72.677,23.5681,27.5189,31.4,2.59,32.214,342.548,943.725
1965-05-24,88.42,87.24,85.7767,72.7855,23.4804,27.4166,31.4,2.59,32.1123,341.466,940.216
1965-06-01,87.11,86.25,85.8782,72.8827,22.9302,26.7586,31.6,2.61,31.6547,334.471,920.423
1965-06-07,85.12,84.1,85.9683,72.968,22.4064,26.1473,31.6,2.61,30.9498,327.023,899.397
1965-06-14,85.34,83.01,86.0471,73.0532,22.4643,26.2149,31.6,2.61,31.0481,328.061,901.721
1965-06-21,83.06,82.6,86.0871,73.1302,21.8641,25.5145,31.6,2.61,30.2368,319.489,877.63
1965-06-28,85.16,80.73,86.0959,73.215,22.4169,26.1596,31.6,2.61,31.0196,327.76,899.819
1965-07-06,85.71,84.28,86.1246,73.3042,22.5109,26.2537,31.6,2.62667,31.2383,330.071,905.631
1965-07-12,85.69,85.12,86.1642,73.3944,22.5056,26.2476,31.6,2.62667,31.2494,330.188,905.419
1965-07-19,84.07,83.53,86.1643,73.4811,22.0802,25.7514,31.6,2.62667,30.6771,324.141,888.302
1965-07-26,85.25,83.3,86.1474,73.5737,22.3901,26.1128,31.6,2.62667,31.1261,328.885,900.77
1965-08-02,86.07,84.8,86.1701,73.6692,22.5559,26.2891,31.6,2.64333,31.444,332.245,909.434
1965-08-09,86.77,85.45,86.1993,73.7628,22.7393,26.5029,31.6,2.64333,31.7183,335.143,916.831
1965-08-16,86.69,86.21,86.2482,73.8563,22.7184,26.4785,31.6,2.64333,31.7077,335.03,915.985
1965-08-23,87.2,86.22,86.2927,73.9506,22.852,26.6342,31.6,2.64333,31.9128,337.198,921.374
1965-08-30,88.06,86.69,86.3375,74.0435,23.0774,26.8969,31.6,2.64333,32.2461,340.72,930.461
1965-09-07,89.12,87.76,86.3917,74.1338,23.3062,27.1431,31.6,2.66,32.653,345.019,941.661
1965-09-13,90.05,88.69,86.5199,74.226,23.5494,27.4264,31.6,2.66,33.0125,348.817,951.488
1965-09-20,90.02,89.13,86.6683,74.3169,23.5415,27.4172,31.6,2.66,33.0203,348.899,951.171
1965-09-27,89.9,89.3,86.8364,74.4075,23.5101,27.3807,31.6,2.66,32.995,348.633,949.903
1965-10-04,90.85,89.47,86.994,74.5015,23.6353,27.5039,31.7,2.68,33.3626,351.405,956.913
1965-10-11,91.38,90.71,87.1718,74.5983,23.7731,27.6644,31.7,2.68,33.5762,353.654,962.495
1965-10-18,91.98,91.06,87.3458,74.7037,23.9292,27.846,31.7,2.68,33.8156,356.175,968.815
1965-10-25,92.42,91.34,87.5063,74.808,24.0437,27.9792,31.7,2.68,33.9963,358.079,973.449
1965-11-01,92.37,91.62,87.622,74.9216,23.9826,27.8845,31.7,2.7,33.997,358.086,972.923
1965-11-08,92.55,91.31,87.749,75.0363,24.0293,27.9388,31.7,2.7,34.0823,358.985,974.819
1965-11-15,92.24,91.72,87.87,75.1537,23.9488,27.8452,31.7,2.7,33.9873,357.984,971.553
1965-11-22,92.03,91.14,87.9673,75.2732,23.8943,27.7818,31.7,2.7,33.929,357.371,969.342
1965-11-29,91.27,90.53,88.1081,75.3805,23.697,27.5524,31.7,2.7,33.668,354.621,961.337
1965-12-06,91.8,89.2,88.2249,75.4871,23.7122,27.5466,31.8,2.72,33.8828,355.761,963.878
1965-12-13,92.08,91.27,88.3429,75.5946,23.7845,27.6306,31.8,2.72,34.0055,357.049,966.818
1965-12-20,92.19,91.09,88.4493,75.7047,23.8129,27.6636,31.8,2.72,34.0654,357.679,967.973
1965-12-27,92.43,90.63,88.5693,75.8161,23.8749,27.7357,31.8,2.72,34.1734,358.813,970.493
1966-01-03,93.14,91.63,88.7142,75.9297,24.0121,27.8696,31.8,2.74,34.4554,361.773,977.948
1966-01-10,93.5,92.68,88.891,76.0425,24.1049,27.9773,31.8,2.74,34.6081,363.376,981.728
1966-01-17,93.47,92.6,89.0701,76.1576,24.0972,27.9683,31.8,2.74,34.6165,363.465,981.413
1966-01-24,93.31,92.84,89.2172,76.2764,24.0559,27.9204,31.8,2.74,34.5767,363.047,979.733
1966-01-31,93.26,91.32,89.3236,76.3985,24.043,27.9055,31.8,2.74,34.5777,363.058,979.208
1966-02-07,93.81,92.58,89.4441,76.528,23.9864,27.8151,32,2.76,34.8013,363.122,978.827
1966-02-14,92.41,91.8,89.5313,76.6472,23.6284,27.4,32,2.76,34.3016,357.908,964.219
1966-02-21,91.14,90.43,89.5632,76.7713,23.3037,27.0234,32,2.76,33.8499,353.195,950.968
1966-02-28,89.24,88.26,89.5637,76.8863,22.8179,26.4601,32,2.76,33.164,346.038,931.143
1966-03-07,88.85,87.17,89.5641,77.0173,22.6035,26.1915,32.1,2.78,33.0389,343.659,924.185
1966-03-14,88.53,86.69,89.568,77.1409,22.5221,26.0971,32.1,2.78,32.9398,342.628,920.857
1966-03-21,89.54,88.4,89.6527,77.2912,22.779,26.3949,32.1,2.78,33.3355,346.744,931.362
1966-03-28,89.94,88.31,89.7641,77.444,22.8808,26.5128,32.1,2.78,33.5043,348.5,935.523
1966-04-04,91.76,89.92,89.8897,77.6106,23.1541,26.8072,32.3,2.79667,34.2023,353.557,948.544
1966-04-11,91.99,90.73,90.1091,77.7911,23.2121,26.8743,32.3,2.79667,34.3081,354.651,950.922
1966-04-18,92.27,90.89,90.2853,77.989,23.2828,26.9561,32.3,2.79667,34.4326,355.937,953.816
1966-04-25,91.06,90.24,90.4325,78.1706,22.9774,26.6027,32.3,2.79667,34.0011,351.477,941.308
1966-05-02,87.84,86.24,90.5431,78.3289,22.1191,25.5924,32.3,2.81333,32.819,339.257,908.022
1966-05-09,85.47,84.77,90.6012,78.4671,21.5223,24.9019,32.3,2.81333,31.9537,330.313,883.523
1966-05-16,85.43,83.18,90.5807,78.6102,21.5122,24.8903,32.3,2.81333,31.959,330.367,883.109
1966-05-23,87.33,85.29,90.6014,78.7609,21.9907,25.4438,32.3,2.81333,32.69,337.924,902.75
1966-05-31,86.06,85.28,90.5843,78.9006,21.6709,25.0738,32.3,2.81333,32.2349,333.219,889.622
1966-06-06,86.44,84.25,90.5521,79.045,21.6504,25.0355,32.4,2.83,32.3976,333.868,890.792
1966-06-13,86.51,85.88,90.5407,79.1825,21.668,25.0558,32.4,2.83,32.4442,334.348,891.514
1966-06-20,86.58,85.68,90.4982,79.3175,21.6855,25.0761,32.4,2.83,32.4909,334.829,892.235
1966-06-27,85.61,83.75,90.3976,79.45,21.4425,24.7952,32.4,2.83,32.1473,331.288,882.239
1966-07-05,87.61,85.09,90.3362,79.5961,21.8226,25.2213,32.5,2.85,32.9189,338.196,900.071
1966-07-11,87.08,85.83,90.2539,79.7371,21.6906,25.0688,32.5,2.85,32.7403,336.362,894.626
1966-07-18,85.41,84.77,90.1472,79.8757,21.2746,24.588,32.5,2.85,32.1331,330.123,877.47
1966-07-25,83.6,83.05,89.9653,80.0123,20.8237,24.0669,32.5,2.85,31.4727,323.339,858.874
1966-08-01,84,81.77,89.7547,80.147,20.7411,23.9646,32.7,2.87,31.6441,323.111,857.706
1966-08-08,83.17,82.34,89.5359,80.2781,20.5361,23.7278,32.7,2.87,31.3522,320.13,849.231
1966-08-15,79.62,79.24,89.2544,80.3982,19.6596,22.715,32.7,2.87,30.0348,306.679,812.982
1966-08-22,76.41,76.1,88.9015,80.5076,18.867,21.7992,32.7,2.87,28.8447,294.527,780.206
1966-08-29,77.42,73.91,88.5025,80.6059,19.1164,22.0874,32.7,2.87,29.2468,298.633,790.519
1966-09-06,76.29,75.03,88.1929,80.6935,18.7874,21.7046,32.7,2.89,28.8409,294.488,778.98
1966-09-12,79.99,76.47,87.8793,80.7926,19.6985,22.7572,32.7,2.89,30.2607,308.985,816.76
1966-09-19,77.67,76.81,87.5586,80.8733,19.1272,22.0972,32.7,2.89,29.4041,300.238,793.071
1966-09-26,76.56,75.45,87.19,80.9448,18.8538,21.7814,32.7,2.89,29.0049,296.162,781.737
1966-10-03,73.2,72.77,86.7486,80.9955,17.8662,20.6389,32.9,2.88333,27.7529,281.657,742.885
1966-10-10,76.6,72.28,86.351,81.0656,18.696,21.5975,32.9,2.88333,29.063,294.952,777.391
1966-10-17,78.19,76.48,85.9847,81.1434,19.0841,22.0458,32.9,2.88333,29.6873,301.288,793.528
1966-10-24,80.24,77.56,85.6376,81.2298,19.5845,22.6238,32.9,2.88333,30.4867,309.401,814.332
1966-10-31,80.81,79.34,85.3127,81.3132,19.7236,22.7845,32.9,2.88333,30.7244,311.813,820.117
1966-11-07,81.94,80.16,85.0678,81.3986,19.9425,23.0328,32.9,2.87667,31.175,316.386,831.585
1966-11-14,81.26,80.79,84.7926,81.479,19.777,22.8416,32.9,2.87667,30.9374,313.974,824.684
1966-11-21,80.85,78.89,84.5244,81.5537,19.6772,22.7264,32.9,2.87667,30.8023,312.604,820.523
1966-11-28,80.13,79.49,84.1958,81.6228,19.5019,22.524,32.9,2.87667,30.5491,310.034,813.216
1966-12-05,82.14,79.6,83.9342,81.7026,19.933,23.0172,32.9,2.87,31.3365,318.025,833.615
1966-12-12,81.58,80.94,83.737,81.7785,19.7971,22.8603,32.9,2.87,31.1439,316.07,827.932
1966-12-19,81.47,80.31,83.5539,81.8563,19.7704,22.8295,32.9,2.87,31.123,315.858,826.815
1966-12-27,80.33,79.66,83.4059,81.9374,19.4938,22.51,32.9,2.87,30.7085,311.652,815.246
1967-01-03,82.18,79.43,83.2527,82.0217,19.883,22.953,32.9,2.88,31.4369,319.044,834.021
1967-01-09,84.53,81.37,83.1061,82.1147,20.4516,23.6093,32.9,2.88,32.3571,328.383,857.87
1967-01-16,86.07,83.73,82.9921,82.214,20.8242,24.0395,32.9,2.88,32.9678,334.58,873.499
1967-01-23,86.16,84.87,82.8552,82.312,20.846,24.0646,32.9,2.88,33.0235,335.145,874.413
1967-01-30,87.36,85.68,82.7287,82.4074,21.1363,24.3998,32.9,2.88,33.5046,340.029,886.591
1967-02-06,87.63,86.48,82.6103,82.5017,21.1396,24.3952,32.9,2.89,33.6295,341.296,889.331
1967-02-13,87.89,86.95,82.5475,82.595,21.2023,24.4676,32.9,2.89,33.7506,342.525,891.97
1967-02-20,87.41,86.64,82.5497,82.6836,21.0865,24.3339,32.9,2.89,33.5876,340.871,887.099
1967-02-27,88.29,85.61,82.6017,82.7749,21.2988,24.5789,32.9,2.89,33.9471,344.519,896.029
1967-03-06,88.89,87.34,82.6687,82.8667,21.3168,24.5907,33,2.9,34.1993,346.026,899.385
1967-03-13,90.25,87.58,82.7318,82.9665,21.6429,24.967,33,2.9,34.744,351.538,913.145
1967-03-20,90.94,89.17,82.8274,83.0711,21.8084,25.1578,33,2.9,35.0311,354.443,920.127
1967-03-27,90.2,89.75,82.9406,83.1681,21.631,24.9531,33,2.9,34.7675,351.776,912.639
1967-04-03,89.36,88.45,83.0138,83.2629,21.3046,24.5674,33.1,2.9,34.4652,347.664,901.409
1967-04-10,90.43,87.86,83.0844,83.3638,21.5597,24.8616,33.1,2.9,34.8994,352.044,912.202
1967-04-17,92.3,90.18,83.2403,83.474,22.0055,25.3757,33.1,2.9,35.6426,359.541,931.066
1967-04-24,94.01,91.78,83.3951,83.5972,22.4132,25.8458,33.1,2.9,36.3245,366.419,948.315
1967-05-01,94.44,92.94,83.5823,83.7183,22.387,25.8056,33.2,2.9,36.5122,367.203,949.783
1967-05-08,93.48,92.51,83.8133,83.8375,22.1595,25.5433,33.2,2.9,36.1626,363.687,940.129
1967-05-15,92.07,91.4,84.0537,83.9561,21.8252,25.158,33.2,2.9,35.6387,358.418,925.948
1967-05-22,90.98,89.68,84.2385,84.0683,21.5668,24.8602,33.2,2.9,35.2384,354.392,914.986
1967-05-29,89.79,88.71,84.3837,84.1708,21.2847,24.535,33.2,2.9,34.7991,349.974,903.018
1967-06-05,91.56,87.19,84.6598,84.2762,21.5827,24.8705,33.3,2.9,35.5066,356.018,918.054
1967-06-12,92.54,91.12,85.0506,84.3814,21.8137,25.1367,33.3,2.9,35.9083,360.046,927.88
1967-06-19,92,91.97,85.4287,84.4826,21.6865,24.99,33.3,2.9,35.7204,358.162,922.466
1967-06-26,90.64,90.64,85.7689,84.5733,21.3659,24.6206,33.3,2.9,35.214,353.084,908.829
1967-07-03,91.69,90.12,86.0018,84.6676,21.4948,24.7609,33.4,2.90667,35.6437,356.322,916.605
1967-07-10,92.74,91.11,86.3658,84.7654,21.7409,25.0445,33.4,2.90667,36.0736,360.62,927.101
1967-07-17,94.04,92.1,86.8049,84.8691,22.0457,25.3956,33.4,2.90667,36.601,365.892,940.097
1967-07-24,94.49,92.91,87.2973,84.9809,22.1511,25.5171,33.4,2.90667,36.7979,367.861,944.596
1967-07-31,95.83,94.01,87.7509,85.0958,22.4653,25.8789,33.4,2.90667,37.3415,373.295,957.992
1967-08-07,95.15,94.62,88.1825,85.2102,22.1845,25.5467,33.5,2.91333,37.0984,369.757,948.354
1967-08-14,94.78,93.93,88.5441,85.3175,22.0982,25.4474,33.5,2.91333,36.976,368.537,944.667
1967-08-21,92.7,92.04,88.8592,85.411,21.6133,24.8889,33.5,2.91333,36.1864,360.667,923.935
1967-08-28,93.68,92.01,89.1425,85.5102,21.8418,25.152,33.5,2.91333,36.5908,364.698,933.703
1967-09-05,94.36,93.36,89.4148,85.6152,21.8829,25.1903,33.6,2.92,36.8783,366.47,937.681
1967-09-11,96.27,93.88,89.7916,85.7348,22.3258,25.7002,33.6,2.92,37.6467,374.106,956.662
1967-09-18,97,95.39,90.1894,85.8718,22.4951,25.8951,33.6,2.92,37.9542,377.161,963.916
1967-09-25,96.71,96,90.5498,85.9892,22.4279,25.8177,33.6,2.92,37.8627,376.252,961.034
1967-10-02,97.26,95.75,90.9323,86.1055,22.4373,25.8198,33.7,2.92,38.1,377.487,963.632
1967-10-09,96,95.16,91.319,86.2152,22.1466,25.4853,33.7,2.92,37.6284,372.814,951.148
1967-10-16,95.38,94.19,91.6753,86.3207,22.0036,25.3207,33.7,2.92,37.4074,370.624,945.005
1967-10-23,94.96,93.47,91.9567,86.4233,21.9067,25.2092,33.7,2.92,37.2647,369.211,940.844
1967-10-30,91.78,91.33,92.1451,86.5047,21.1731,24.365,33.7,2.92,36.0388,357.065,909.337
1967-11-06,92.21,90.39,92.2544,86.5845,21.1598,24.3442,33.8,2.92,36.2297,357.894,910.894
1967-11-13,92.82,90.44,92.3941,86.6658,21.2998,24.5052,33.8,2.92,36.4914,360.48,916.92
1967-11-20,93.9,90.09,92.5096,86.7498,21.5477,24.7903,33.8,2.92,36.9381,364.892,927.589
1967-11-27,94.5,93.32,92.6727,86.8371,21.6853,24.9487,33.8,2.92,37.1962,367.442,933.516
1967-12-04,95.42,94.09,92.8676,86.9283,21.779,25.0498,33.9,2.92,37.5805,370.143,939.824
1967-12-11,95.03,94.34,93.065,87.016,21.69,24.9474,33.9,2.92,37.449,368.848,935.982
1967-12-18,95.2,94,93.2339,87.1039,21.7288,24.992,33.9,2.92,37.5381,369.725,937.657
1967-12-26,96.47,94.61,93.3772,87.1972,22.0186,25.3254,33.9,2.92,38.061,374.876,950.165
1968-01-02,95.94,94.31,93.49,87.2854,21.7152,24.9709,34.1,2.93,37.8741,370.847,939.403
1968-01-08,96.72,95.54,93.6363,87.3733,21.8918,25.1739,34.1,2.93,38.2043,374.08,947.041
1968-01-15,95.24,94.6,93.784,87.4549,21.5568,24.7887,34.1,2.93,37.642,368.574,932.549
1968-01-22,93.45,91.96,93.896,87.5262,21.1517,24.3228,34.1,2.93,36.9568,361.865,915.022
1968-01-29,92.27,91.27,93.9388,87.5878,20.8846,24.0157,34.1,2.93,36.5124,357.514,903.468
1968-02-05,89.86,89.23,93.9059,87.6379,20.2247,23.256,34.2,2.94,35.5811,347.376,877.298
1968-02-13,89.96,86.73,93.8266,87.6849,20.2472,23.2818,34.2,2.94,35.6431,347.981,878.274
1968-02-19,90.89,89.42,93.7588,87.7406,20.4565,23.5225,34.2,2.94,36.0339,351.797,887.353
1968-02-26,89.11,88.58,93.6706,87.7853,20.0559,23.0619,34.2,2.94,35.3507,345.126,869.975
1968-03-04,89.03,86.99,93.5748,87.8255,19.9213,22.9084,34.3,2.95,35.3414,344.03,866.66
1968-03-11,89.1,87.61,93.5435,87.8655,19.9369,22.9264,34.3,2.95,35.3917,344.52,867.342
1968-03-18,88.42,87.5,93.5263,87.9039,19.7848,22.7514,34.3,2.95,35.1442,342.11,860.722
1968-03-25,90.2,87.65,93.4671,87.9531,20.1831,23.2094,34.3,2.95,35.8742,349.217,878.05
1968-04-01,93.29,91.11,93.4836,88.0244,20.748,23.8572,34.4,2.96333,37.1258,360.35,905.489
1968-04-08,96.53,93.11,93.5385,88.1091,21.4686,24.6857,34.4,2.96333,38.4379,373.085,936.937
1968-04-15,95.85,95.15,93.6745,88.1839,21.3174,24.5118,34.4,2.96333,38.1898,370.677,930.337
1968-04-22,97.21,94.22,93.8013,88.2626,21.6199,24.8596,34.4,2.96333,38.7544,376.157,943.537
1968-04-29,98.66,96.58,93.9406,88.3429,21.9423,25.2304,34.4,2.96333,39.3552,381.988,957.611
1968-05-06,98.5,97.27,94.062,88.4186,21.7695,25.0294,34.5,2.97667,39.3142,380.485,953.287
1968-05-13,96.9,96.11,94.152,88.4831,21.4158,24.6228,34.5,2.97667,38.6984,374.525,937.802
1968-05-20,97.15,95.8,94.1843,88.5515,21.4711,24.6864,34.5,2.97667,38.8211,375.713,940.222
1968-05-27,98.68,96.29,94.2296,88.629,21.8092,25.0751,34.5,2.97667,39.4554,381.851,955.029
1968-06-03,101.27,98.72,94.3736,88.7261,22.1732,25.4907,34.7,2.99,40.514,389.836,974.446
1968-06-10,101.13,99.98,94.5274,88.82,22.1426,25.4555,34.7,2.99,40.481,389.518,973.099
1968-06-17,100.66,99.43,94.6824,88.9129,22.0397,25.3372,34.7,2.99,40.3158,387.93,968.577
1968-06-24,99.58,98.91,94.803,89.0009,21.8032,25.0653,34.7,2.99,39.9063,383.989,958.185
1968-07-01,100.91,98.6,94.8871,89.0916,21.8858,25.1588,34.9,3.00333,40.4625,387.109,965.418
1968-07-08,102.34,100.72,95.0143,89.1861,22.196,25.5153,34.9,3.00333,41.059,392.816,979.099
1968-07-15,100.46,99.8,95.1157,89.271,21.7882,25.0466,34.9,3.00333,40.3279,385.822,961.113
1968-07-22,98.34,97.22,95.1491,89.3416,21.3284,24.518,34.9,3.00333,39.5001,377.902,940.831
1968-07-29,96.63,95.79,95.1633,89.403,20.9576,24.0917,34.9,3.00333,38.8364,371.553,924.471
1968-08-05,97.01,95.95,95.1647,89.4619,20.9008,24.0271,35,3.01667,39.0125,372.17,925.455
1968-08-12,98.68,96.72,95.2063,89.5312,21.2606,24.4407,35,3.01667,39.7074,378.8,941.386
1968-08-19,98.69,97.71,95.2784,89.5989,21.2627,24.4432,35,3.01667,39.7347,379.061,941.481
1968-08-26,98.86,97.9,95.3588,89.6689,21.2994,24.4853,35,3.01667,39.8265,379.937,943.103
1968-09-03,101.2,98.31,95.4752,89.7488,21.6589,24.8979,35.1,3.03,40.7927,388.045,962.676
1968-09-09,100.86,99.7,95.6504,89.827,21.5861,24.8142,35.1,3.03,40.6791,386.965,959.442
1968-09-16,101.66,100.33,95.8458,89.9039,21.7573,25.011,35.1,3.03,41.0253,390.258,967.052
1968-09-23,102.31,101.2,96.0504,89.9897,21.8964,25.1709,35.1,3.03,41.3111,392.976,973.235
1968-09-30,103.71,101.71,96.2512,90.0865,22.1961,25.5154,35.1,3.03,41.8999,398.578,986.552
1968-10-07,103.18,102.39,96.4351,90.1841,21.8732,25.1426,35.3,3.04333,41.7095,394.518,975.95
1968-10-14,104.82,102.48,96.6112,90.2867,22.2208,25.5422,35.3,3.04333,42.3961,401.012,991.462
1968-10-21,104.2,103.14,96.7938,90.387,22.0894,25.3911,35.3,3.04333,42.169,398.864,985.598
1968-10-28,103.06,102.36,96.9591,90.4785,21.8477,25.1133,35.3,3.04333,41.7313,394.724,974.815
1968-11-04,103.95,101.85,97.1264,90.5714,21.8902,25.1601,35.4,3.05667,42.1155,397.233,980.455
1968-11-12,105.78,103.51,97.3124,90.6693,22.2756,25.603,35.4,3.05667,42.8807,404.451,997.716
1968-11-18,106.3,104.85,97.5186,90.7671,22.3851,25.7289,35.4,3.05667,43.1154,406.664,1002.62
1968-11-25,108.37,105.47,97.7367,90.8711,22.821,26.2299,35.4,3.05667,43.9788,414.808,1022.14
1968-12-02,107.93,106.71,97.9724,90.9743,22.577,25.9473,35.5,3.07,43.8242,412.185,1015.13
1968-12-09,107.58,106.33,98.2297,91.0814,22.5038,25.8631,35.5,3.07,43.7061,411.074,1011.84
1968-12-16,106.34,105.1,98.4987,91.182,22.2444,25.565,35.5,3.07,43.2263,406.561,1000.17
1968-12-23,104.74,104.2,98.7496,91.2686,21.9097,25.1804,35.5,3.07,42.5999,400.67,985.124
1968-12-30,103.99,102.98,98.9938,91.3545,21.7528,25.0001,35.5,3.07,42.3189,398.027,978.07
1969-01-06,100.93,100.14,99.2804,91.4231,20.9726,24.1041,35.6,3.08,41.0977,385.455,946.623
1969-01-13,102.03,96.63,99.5481,91.4991,21.2012,24.3668,35.6,3.08,41.5697,389.883,956.94
1969-01-20,102.38,100.88,99.8636,91.58,21.2739,24.4504,35.6,3.08,41.7364,391.446,960.222
1969-01-27,103.01,101.56,100.202,91.6624,21.4048,24.6009,35.6,3.08,42.0174,394.082,966.131
1969-02-03,103.53,102.04,100.546,91.7422,21.3136,24.497,35.8,3.09,42.2538,394.084,965.584
1969-02-11,103.61,102.86,100.845,91.8195,21.3301,24.5159,35.8,3.09,42.3107,394.615,966.33
1969-02-17,99.79,99.29,101.084,91.8741,20.5437,23.6121,35.8,3.09,40.775,380.292,930.702
1969-02-24,98.13,97.36,101.228,91.9192,20.2019,23.2193,35.8,3.09,40.121,374.193,915.22
1969-03-03,98.65,97.32,101.316,91.9632,20.07,23.0697,36.1,3.1,40.358,373.275,912.424
1969-03-10,98,97.4,101.377,92.0027,19.9378,22.9177,36.1,3.1,40.1164,371.041,906.412
1969-03-17,99.63,97.06,101.427,92.0571,20.2694,23.2988,36.1,3.1,40.8081,377.438,921.488
1969-03-24,101.51,98.85,101.483,92.1225,20.6519,23.7385,36.1,3.1,41.6025,384.786,938.876
1969-04-01,100.68,99.87,101.516,92.1904,20.3036,23.3389,36.3,3.11,41.2869,379.763,926.069
1969-04-07,101.65,99.08,101.585,92.273,20.4992,23.5638,36.3,3.11,41.7092,383.647,934.991
1969-04-14,101.24,99.99,101.691,92.3525,20.4165,23.4687,36.3,3.11,41.5655,382.325,931.22
1969-04-21,101.72,99.52,101.775,92.4458,20.5133,23.58,36.3,3.11,41.7871,384.364,935.635
1969-04-28,104,100.97,101.845,92.54,20.9731,24.1085,36.3,3.11,42.7483,393.205,956.607
1969-05-05,105.05,103.48,101.937,92.6367,21.0625,24.21,36.4,3.12,43.2046,396.31,963.61
1969-05-12,105.94,104.12,102.065,92.738,21.2409,24.4151,36.4,3.12,43.5953,399.894,971.774
1969-05-19,104.59,103.37,102.18,92.8406,20.9703,24.104,36.4,3.12,43.0644,395.025,959.391
1969-05-26,103.46,102.29,102.209,92.9316,20.7437,23.8435,36.4,3.12,42.6239,390.983,949.025
1969-06-02,102.12,101.68,102.248,93.0119,20.3059,23.3419,36.6,3.13,42.0966,384.037,931.615
1969-06-09,98.65,97.59,102.281,93.0713,19.6159,22.5488,36.6,3.13,40.691,371.214,899.959
1969-06-16,96.67,96.29,102.296,93.1212,19.2222,22.0962,36.6,3.13,39.8991,363.99,881.896
1969-06-23,97.33,95.21,102.27,93.1718,19.3534,22.2471,36.6,3.13,40.1964,366.701,887.917
1969-06-30,99.61,96.82,102.265,93.2296,19.8068,22.7682,36.6,3.13,41.1628,375.518,908.717
1969-07-07,95.77,94.81,102.215,93.2628,18.8908,21.7192,36.8,3.13667,39.6009,359.306,868.937
1969-07-14,94.95,93.11,102.069,93.2873,18.729,21.5332,36.8,3.13667,39.2868,356.456,861.497
1969-07-22,92.06,91.54,101.906,93.2975,18.159,20.8778,36.8,3.13667,38.116,345.833,835.276
1969-07-28,93.47,88.04,101.628,93.3154,18.4371,21.1976,36.8,3.13667,38.7248,351.356,848.069
1969-08-04,93.94,92.13,101.396,93.3308,18.3826,21.1393,37,3.14333,38.9445,351.44,847.726
1969-08-11,94,91.48,101.14,93.3439,18.3943,21.1528,37,3.14333,38.9945,351.891,848.267
1969-08-18,95.92,93.51,100.91,93.3636,18.77,21.5849,37,3.14333,39.816,359.305,865.594
1969-08-25,95.51,93.65,100.688,93.3791,18.6898,21.4926,37,3.14333,39.6709,357.995,861.894
1969-09-02,93.64,93.09,100.515,93.3854,18.2287,20.9668,37.1,3.15,38.9194,350.266,842.741
1969-09-08,94.13,91.77,100.238,93.3933,18.3241,21.0766,37.1,3.15,39.1482,352.326,847.151
1969-09-15,95.19,93.73,99.9575,93.4081,18.5304,21.3139,37.1,3.15,39.6142,356.52,856.691
1969-09-22,94.16,93.53,99.6383,93.4187,18.3299,21.0833,37.1,3.15,39.2108,352.889,847.421
1969-09-29,93.19,91.66,99.2758,93.4283,18.1411,20.8661,37.1,3.15,38.8321,349.481,838.691
1969-10-06,93.56,91.75,98.9312,93.4371,18.0701,20.7884,37.3,3.15333,39.0115,349.213,837.506
1969-10-13,96.26,93.2,98.7045,93.458,18.5916,21.3883,37.3,3.15333,40.1626,359.517,861.675
1969-10-20,98.12,95.29,98.5625,93.4877,18.9508,21.8016,37.3,3.15333,40.964,366.691,878.325
1969-10-27,97.12,95.61,98.4724,93.5111,18.7577,21.5794,37.3,3.15333,40.5718,363.18,869.374
1969-11-03,98.26,95.84,98.3663,93.5367,18.8306,21.6677,37.5,3.15667,41.0734,365.709,874.887
1969-11-10,97.07,96.36,98.2522,93.5546,18.6026,21.4053,37.5,3.15667,40.6014,361.506,864.292
1969-11-17,94.32,93.87,98.0724,93.5588,18.0756,20.7989,37.5,3.15667,39.4765,351.491,839.806
1969-11-24,93.81,92.24,97.8691,93.5613,17.9778,20.6864,37.5,3.15667,39.2885,349.817,835.265
1969-12-01,91.73,90.36,97.6012,93.5537,17.4448,20.0809,37.7,3.16,38.4428,340.471,812.413
1969-12-08,90.81,89.33,97.3898,93.5387,17.2699,19.8795,37.7,3.16,38.0827,337.282,804.265
1969-12-15,91.38,88.62,97.1787,93.5335,17.3783,20.0043,37.7,3.16,38.3472,339.625,809.313
1969-12-22,91.89,89.4,97.0198,93.5373,17.4753,20.1159,37.7,3.16,38.5867,341.746,813.83
1969-12-29,93,90.47,96.8909,93.5561,17.6864,20.3589,37.7,3.16,39.0784,346.1,823.661
1970-01-05,92.4,91.82,96.7275,93.5738,17.4861,20.1371,37.8,3.16333,38.8518,343.183,816.182
1970-01-12,90.92,90.36,96.4964,93.5858,17.206,19.8145,37.8,3.16333,38.2551,337.912,803.109
1970-01-19,89.37,88.64,96.2281,93.5849,16.9127,19.4767,37.8,3.16333,37.6285,332.378,789.417
1970-01-26,85.02,84.42,95.8599,93.5603,16.0894,18.5287,37.8,3.16333,35.8226,316.426,750.993
1970-02-02,86.33,84.64,95.494,93.5332,16.2167,18.6857,38,3.16667,36.4002,319.836,758.551
1970-02-09,86.54,85.3,95.1031,93.5059,16.2561,18.7311,38,3.16667,36.5144,320.839,760.396
1970-02-16,88.03,85.57,94.6764,93.4847,16.536,19.0536,38,3.16667,37.1688,326.589,773.488
1970-02-24,89.5,87.11,94.3532,93.4769,16.8121,19.3718,38,3.16667,37.8152,332.269,786.405
1970-03-02,89.44,88.84,93.9655,93.4849,16.679,19.2286,38.2,3.17,37.8156,330.533,781.763
1970-03-09,87.86,87.29,93.5683,93.4969,16.3844,18.889,38.2,3.17,37.1734,324.919,767.953
1970-03-16,87.06,86.36,93.175,93.505,16.2352,18.717,38.2,3.17,36.8607,322.186,760.96
1970-03-23,89.92,86.19,92.9158,93.518,16.7685,19.3318,38.2,3.17,38.0974,332.996,785.958
1970-03-30,89.39,88.81,92.6972,93.5346,16.6697,19.2179,38.2,3.17,37.8987,331.259,781.326
1970-04-06,88.24,87.82,92.4835,93.5436,16.296,18.7993,38.5,3.17333,37.437,324.673,765.264
1970-04-13,85.67,84.75,92.2107,93.5394,15.8214,18.2518,38.5,3.17333,36.3725,315.442,742.976
1970-04-20,82.77,81.96,91.8567,93.5204,15.2858,17.6339,38.5,3.17333,35.1672,304.988,717.825
1970-04-27,81.44,79.31,91.5136,93.4995,15.0402,17.3506,38.5,3.17333,34.628,300.313,706.291
1970-05-04,79.44,78.02,91.1464,93.4587,14.6053,16.8672,38.6,3.17667,33.8036,292.403,687.161
1970-05-11,76.9,74.03,90.8054,93.4078,14.1383,16.3279,38.6,3.17667,32.7488,283.279,665.19
1970-05-18,72.25,70.94,90.3183,93.342,13.2834,15.3406,38.6,3.17667,30.7945,266.375,624.967
1970-05-25,76.55,68.61,89.8058,93.3067,14.0739,16.2536,38.6,3.17667,32.6533,282.453,662.162
1970-06-01,76.17,75.25,89.3741,93.2676,13.9056,16.0775,38.8,3.18,32.5173,279.827,655.479
1970-06-08,73.88,73.25,88.8832,93.2211,13.4875,15.5941,38.8,3.18,31.5658,271.639,635.773
1970-06-15,77.05,73.67,88.4153,93.2083,14.0662,16.2632,38.8,3.18,32.9463,283.519,663.052
1970-06-22,73.47,73.09,87.9327,93.1936,13.4127,15.5076,38.8,3.18,31.4417,270.571,632.244
1970-06-29,72.92,72.11,87.4927,93.1711,13.3123,15.3915,38.8,3.18,31.2325,268.77,627.511
1970-07-06,74.45,70.69,86.9317,93.1619,13.4963,15.6224,39,3.18333,31.914,273.227,637.392
1970-07-13,77.69,73.78,86.4906,93.1504,14.0836,16.3023,39,3.18333,33.3291,285.342,665.131
1970-07-20,77.82,76.22,86.1019,93.1511,14.1072,16.3296,39,3.18333,33.4112,286.045,666.244
1970-07-27,78.05,76.96,85.6703,93.1586,14.1489,16.3779,39,3.18333,33.5362,287.115,668.213
1970-08-03,77.28,76.12,85.173,93.179,13.9846,16.2053,39,3.18667,33.2317,284.508,661.621
1970-08-10,75.18,74.13,84.6224,93.1719,13.6046,15.7649,39,3.18667,32.355,277.002,643.642
1970-08-17,79.24,74.52,84.1163,93.1771,14.3393,16.6163,39,3.18667,34.1287,292.187,678.401
1970-08-24,81.86,79.41,83.6978,93.1852,14.8134,17.1657,39,3.18667,35.2835,302.074,700.832
1970-08-31,82.83,79.95,83.3361,93.1953,14.989,17.3691,39,3.18667,35.728,305.88,709.136
1970-09-08,82.52,81.48,83.1205,93.1982,14.8319,17.2026,39.2,3.19,35.6207,303.406,702.878
1970-09-14,82.62,80.61,82.8548,93.205,14.8499,17.2235,39.2,3.19,35.6904,303.999,703.73
1970-09-21,82.83,80.82,82.635,93.2149,14.8876,17.2672,39.2,3.19,35.8076,304.997,705.518
1970-09-28,85.16,82.61,82.4884,93.2401,15.3064,17.753,39.2,3.19,36.8414,313.803,725.364
1970-10-05,85.08,84.54,82.3683,93.2548,15.191,17.6338,39.4,3.17333,36.8332,312.14,721.004
1970-10-12,84.28,83.24,82.1682,93.2683,15.0481,17.468,39.4,3.17333,36.5133,309.429,714.225
1970-10-19,83.77,82.62,81.9451,93.2798,14.9571,17.3623,39.4,3.17333,36.3188,307.781,709.903
1970-10-26,83.25,82.29,81.7483,93.2944,14.8642,17.2545,39.4,3.17333,36.1198,306.094,705.496
1970-11-02,84.22,82.66,81.6137,93.3046,14.9401,17.3575,39.6,3.15667,36.567,308.319,710.112
1970-11-09,83.37,82.92,81.5694,93.2988,14.7893,17.1823,39.6,3.15667,36.2243,305.43,702.945
1970-11-16,83.72,82.23,81.4888,93.287,14.8514,17.2544,39.6,3.15667,36.4027,306.934,705.896
1970-11-23,85.93,83.47,81.4575,93.2859,15.2435,17.7099,39.6,3.15667,37.39,315.259,724.53
1970-11-30,89.46,85.79,81.4847,93.2964,15.8697,18.4374,39.6,3.15667,38.9524,328.433,754.294
1970-12-07,90.26,88.48,81.5031,93.3095,15.9109,18.4976,39.8,3.14,39.3271,329.925,757.215
1970-12-14,90.22,88.77,81.5092,93.3212,15.9038,18.4894,39.8,3.14,39.336,329.999,756.879
1970-12-21,90.61,89.35,81.5445,93.3372,15.9726,18.5693,39.8,3.14,39.5323,331.647,760.151
1970-12-28,92.15,90.28,81.6366,93.3565,16.244,18.8849,39.8,3.14,40.2306,337.505,773.07
1971-01-04,92.19,90.64,81.7274,93.373,16.2329,18.8827,39.8,3.13,40.2743,337.871,773.406
1971-01-11,93.03,90.99,81.8003,93.3869,16.3808,19.0548,39.8,3.13,40.6676,341.171,780.453
1971-01-18,94.88,92.63,81.9377,93.4066,16.7065,19.4337,39.8,3.13,41.5026,348.176,795.973
1971-01-25,95.88,93.96,82.1579,93.435,16.8826,19.6385,39.8,3.13,41.9663,352.066,804.362
1971-02-01,96.93,95.38,82.4666,93.4728,17.003,19.7878,39.9,3.12,42.4522,355.25,811.133
1971-02-08,98.43,96.13,82.8775,93.5128,17.2661,20.094,39.9,3.12,43.1354,360.967,823.685
1971-02-16,96.74,96.25,83.247,93.535,16.9696,19.749,39.9,3.12,42.4211,354.99,809.543
1971-02-22,96.75,94.92,83.7189,93.5487,16.9714,19.7511,39.9,3.12,42.4518,355.246,809.627
1971-03-01,98.96,96.11,84.283,93.5713,17.2911,20.1314,40,3.11,43.4477,362.672,826.05
1971-03-08,99.57,98.42,84.9726,93.6018,17.3977,20.2555,40,3.11,43.7418,365.126,831.142
1971-03-15,101.01,99.12,85.5583,93.6465,17.6493,20.5484,40,3.11,44.4007,370.626,843.162
1971-03-22,99.95,98.36,86.1655,93.6913,17.4641,20.3328,40,3.11,43.961,366.956,834.314
1971-03-29,100.56,99.36,86.7876,93.7452,17.5706,20.4569,40,3.11,44.2556,369.415,839.406
1971-04-05,102.1,99.88,87.3074,93.7979,17.7675,20.6931,40.1,3.10667,44.9597,374.356,850.135
1971-04-12,103.49,101.75,88.0584,93.8526,18.0094,20.9748,40.1,3.10667,45.598,379.672,861.709
1971-04-19,104.05,102.55,88.8364,93.9129,18.1068,21.0883,40.1,3.10667,45.8711,381.946,866.372
1971-04-26,103.95,103.19,89.5709,93.9794,18.0894,21.068,40.1,3.10667,45.8534,381.798,865.539
1971-05-03,102.87,101.86,90.2182,94.0353,17.7837,20.7197,40.3,3.10333,45.4033,376.174,852.296
1971-05-10,102.21,101.5,90.8354,94.0827,17.6696,20.5868,40.3,3.10333,45.1383,373.979,846.828
1971-05-17,100.99,99.68,91.4272,94.1174,17.4587,20.341,40.3,3.10333,44.6259,369.733,836.72
1971-05-24,99.63,98.68,92.0209,94.1431,17.2236,20.0671,40.3,3.10333,44.0513,364.973,825.452
1971-06-01,101.3,99.22,92.5199,94.1705,17.3538,20.2274,40.6,3.1,44.8161,368.565,833.086
1971-06-07,101.07,99.28,93.035,94.2001,17.3144,20.1815,40.6,3.1,44.7407,367.945,831.195
1971-06-14,98.97,98.65,93.5058,94.221,16.9547,19.7622,40.6,3.1,43.8375,360.517,813.925
1971-06-21,97.99,96.92,93.8905,94.2475,16.7868,19.5665,40.6,3.1,43.4298,357.165,805.865
1971-06-28,99.78,97.02,94.3144,94.278,17.0934,19.9239,40.6,3.1,44.2496,363.906,820.586
1971-07-06,100.69,99.1,94.6771,94.3096,17.1777,20.0311,40.7,3.09667,44.6795,366.539,826.035
1971-07-12,99.11,98.23,95.0839,94.3238,16.9082,19.7168,40.7,3.09667,44.0048,361.005,813.073
1971-07-19,98.94,98.11,95.4134,94.3335,16.8792,19.683,40.7,3.09667,43.9558,360.602,811.679
1971-07-26,95.58,95.08,95.7191,94.3279,16.306,19.0146,40.7,3.09667,42.4895,348.573,784.114
1971-08-02,94.25,93.33,95.9856,94.3128,16.0115,18.6804,40.8,3.09333,41.9247,343.097,771.308
1971-08-09,95.69,92.81,96.2677,94.3113,16.2561,18.9658,40.8,3.09333,42.5917,348.555,783.093
1971-08-16,98.33,97.35,96.6433,94.326,16.7046,19.4891,40.8,3.09333,43.7933,358.388,804.697
1971-08-23,100.48,98.09,97.0331,94.3536,17.0699,19.9152,40.8,3.09333,44.7773,366.441,822.292
1971-08-30,100.69,98.32,97.436,94.3982,17.1055,19.9568,40.8,3.09333,44.8974,367.424,824.011
1971-09-07,100.42,99.69,97.7763,94.4392,17.0298,19.8768,40.8,3.09,44.8035,366.656,821.801
1971-09-13,99.96,98.79,98.0995,94.4749,16.9518,19.7858,40.8,3.09,44.6248,365.193,818.037
1971-09-20,98.15,97.61,98.333,94.4962,16.6448,19.4275,40.8,3.09,43.8433,358.798,803.224
1971-09-27,98.93,96.97,98.5395,94.5183,16.7771,19.5819,40.8,3.09,44.2183,361.866,809.607
1971-10-04,99.36,98.34,98.7754,94.538,16.7784,19.5926,40.9,3.08333,44.437,362.767,811.138
1971-10-11,97.79,97.03,98.9531,94.5518,16.5133,19.283,40.9,3.08333,43.7613,357.251,798.321
1971-10-18,95.57,94.59,99.0596,94.5537,16.1384,18.8452,40.9,3.08333,42.7944,349.358,780.198
1971-10-25,94.23,92.96,99.1032,94.5425,15.9121,18.581,40.9,3.08333,42.2209,344.676,769.259
1971-11-01,94.46,91.84,99.1038,94.5351,15.9219,18.6028,40.9,3.07667,42.3505,345.734,771.137
1971-11-08,92.12,90.93,99.0521,94.5121,15.5275,18.1419,40.9,3.07667,41.3279,337.386,752.034
1971-11-15,91.61,90.95,98.9425,94.494,15.4415,18.0415,40.9,3.07667,41.1256,335.735,747.87
1971-11-22,91.94,89.34,98.8073,94.4864,15.4971,18.1065,40.9,3.07667,41.3003,337.161,750.564
1971-11-29,97.06,92.04,98.738,94.5104,16.3601,19.1148,40.9,3.07667,43.6269,356.154,792.362
1971-12-06,97.69,95.4,98.7515,94.5495,16.3558,19.1162,41.1,3.07,43.9366,356.937,793.624
1971-12-13,100.26,97.67,98.7834,94.601,16.7861,19.6191,41.1,3.07,45.119,366.543,814.503
1971-12-20,100.74,100.74,98.8221,94.6503,16.8664,19.7131,41.1,3.07,45.3616,368.513,818.402
1971-12-27,102.09,100.95,98.848,94.7152,17.0924,19.9772,41.1,3.07,45.9961,373.668,829.369
1972-01-03,103.47,100.87,98.9113,94.7874,17.2914,20.214,41.1,3.07,46.6444,378.935,840.58
1972-01-10,103.39,102.29,98.9913,94.8588,17.278,20.1984,41.1,3.07,46.635,378.858,839.931
1972-01-17,103.65,102.75,99.0524,94.935,17.3215,20.2492,41.1,3.07,46.7789,380.027,842.043
1972-01-24,104.16,101.63,99.0483,95.0048,17.4067,20.3488,41.1,3.07,47.0357,382.113,846.186
1972-01-31,104.86,103.1,99.066,95.0626,17.5237,20.4856,41.1,3.07,47.3784,384.898,851.873
1972-02-07,105.08,103.9,99.0841,95.1054,17.4442,20.3956,41.3,3.07,47.5045,384.053,849.526
1972-02-14,105.28,104.03,99.1299,95.1525,17.4774,20.4344,41.3,3.07,47.6216,385,851.143
1972-02-22,106.18,104.65,99.1885,95.1974,17.6268,20.6091,41.3,3.07,48.0554,388.507,858.419
1972-02-28,107.94,105.37,99.3348,95.2438,17.919,20.9507,41.3,3.07,48.8787,395.163,872.648
1972-03-06,108.38,107.64,99.5565,95.2932,17.9181,20.9512,41.4,3.07,49.1047,396.031,874.089
1972-03-13,107.92,106.55,99.7316,95.3483,17.842,20.8622,41.4,3.07,48.923,394.566,870.379
1972-03-20,107.52,105.86,99.8965,95.4001,17.7759,20.7849,41.4,3.07,48.7684,393.319,867.153
1972-03-27,107.2,105.98,100.029,95.4427,17.723,20.7231,41.4,3.07,48.6501,392.365,864.572
1972-04-03,109.62,106.75,100.293,95.4845,18.0502,21.1063,41.5,3.07,49.7751,400.471,881.959
1972-04-10,109.84,108.76,100.574,95.528,18.0864,21.1487,41.5,3.07,49.9018,401.49,883.729
1972-04-17,108.89,108.08,100.803,95.5692,17.93,20.9658,41.5,3.07,49.497,398.234,876.086
1972-04-24,107.67,106.18,100.998,95.6096,17.7291,20.7309,41.5,3.07,48.9693,393.988,866.27
1972-05-01,106.63,105.14,101.178,95.6382,17.4872,20.4489,41.6,3.07,48.5232,389.46,855.84
1972-05-08,106.38,103.83,101.397,95.6584,17.4462,20.4009,41.6,3.07,48.4363,388.762,853.834
1972-05-15,108.98,106.02,101.721,95.701,17.8726,20.8995,41.6,3.07,49.647,398.48,874.702
1972-05-22,110.66,108.79,102.108,95.7626,18.1481,21.2217,41.6,3.07,50.4392,404.838,888.186
1972-05-30,109.73,108.92,102.327,95.8281,17.9956,21.0434,41.6,3.07,50.0422,401.652,880.722
1972-06-05,106.86,106.3,102.528,95.8774,17.4546,20.4114,41.7,3.07,48.7603,390.424,855.63
1972-06-12,108.36,106.29,102.74,95.9258,17.6997,20.6979,41.7,3.07,49.4717,396.12,867.64
1972-06-19,108.27,107.37,102.93,95.9737,17.685,20.6807,41.7,3.07,49.4575,396.007,866.919
1972-06-26,107.14,105.94,103.115,96.0151,17.5004,20.4648,41.7,3.07,48.9683,392.09,857.872
1972-07-03,108.69,106.72,103.302,96.0525,17.6405,20.6294,41.9,3.07333,49.7038,396.079,866.128
1972-07-10,106.8,105.62,103.53,96.0822,17.3338,20.2707,41.9,3.07333,48.8665,389.407,851.067
1972-07-17,106.66,104.43,103.696,96.1072,17.311,20.2441,41.9,3.07333,48.8295,389.112,849.952
1972-07-24,107.38,106.52,103.908,96.1326,17.4279,20.3808,41.9,3.07333,49.1862,391.954,855.689
1972-07-31,110.43,106.6,104.219,96.1662,17.9229,20.9597,41.9,3.07333,50.6103,403.303,879.994
1972-08-07,111.95,109.67,104.629,96.21,18.097,21.1622,42,3.07667,51.334,408.096,889.982
1972-08-14,111.76,110.72,105.077,96.2447,18.0663,21.1263,42,3.07667,51.2741,407.62,888.472
1972-08-21,110.67,109.78,105.523,96.2771,17.8901,20.9203,42,3.07667,50.8011,403.86,879.807
1972-08-28,111.51,109.26,105.984,96.3193,18.0258,21.079,42,3.07667,51.2139,407.141,886.485
1972-09-05,110.15,109.67,106.38,96.3503,17.7346,20.7381,42.1,3.08,50.6165,401.436,873.593
1972-09-11,108.81,107.81,106.75,96.3655,17.5189,20.4858,42.1,3.08,50.0279,396.768,862.965
1972-09-18,108.52,107.72,107.042,96.3766,17.4722,20.4312,42.1,3.08,49.9218,395.927,860.665
1972-09-25,110.55,107.35,107.318,96.3875,17.799,20.8134,42.1,3.08,50.8829,403.549,876.765
1972-10-02,109.62,107.78,107.536,96.3959,17.5364,20.5061,42.3,3.10333,50.4823,398.479,865.279
1972-10-09,107.92,107.17,107.72,96.3976,17.2644,20.1881,42.3,3.10333,49.7269,392.516,851.86
1972-10-16,109.24,106.27,107.85,96.4121,17.4756,20.435,42.3,3.10333,50.3626,397.534,862.279
1972-10-23,110.62,109.38,108.033,96.4415,17.6964,20.6932,42.3,3.10333,51.0264,402.774,873.172
1972-10-30,114.22,109.66,108.248,96.4927,18.2723,21.3666,42.3,3.10333,52.7145,416.099,901.589
1972-11-06,113.73,112.08,108.465,96.5567,18.1206,21.1867,42.4,3.12667,52.5161,413.555,895.604
1972-11-13,115.49,112.91,108.728,96.624,18.401,21.5145,42.4,3.12667,53.3566,420.174,909.463
1972-11-20,117.27,114.57,108.959,96.6984,18.6846,21.8461,42.4,3.12667,54.2067,426.868,923.48
1972-11-27,117.38,115.56,109.248,96.7703,18.7022,21.8666,42.4,3.12667,54.2853,427.488,924.347
1972-12-04,118.86,116.89,109.567,96.8469,18.8615,22.0491,42.5,3.15,54.9978,432.079,933.799
1972-12-11,118.26,117.37,109.863,96.9202,18.7663,21.9378,42.5,3.15,54.7482,430.118,929.085
1972-12-18,115.83,114.63,110.046,97.0004,18.3807,21.487,42.5,3.15,53.6513,421.5,909.995
1972-12-26,118.05,115.54,110.186,97.1,18.733,21.8988,42.5,3.15,54.7077,429.799,927.436
1973-01-02,119.87,118.06,110.422,97.2061,18.9449,22.1419,42.6,3.15667,55.5792,435.622,939.523
1973-01-08,119.3,118.69,110.734,97.3126,18.8548,22.0366,42.6,3.15667,55.3431,433.771,935.056
1973-01-15,118.78,117.04,111.017,97.4083,18.7726,21.9405,42.6,3.15667,55.13,432.101,930.98
1973-01-22,116.45,114.97,111.177,97.483,18.4043,21.5101,42.6,3.15667,54.0768,423.846,912.718
1973-01-29,114.35,113.45,111.315,97.5514,18.0724,21.1222,42.6,3.15667,53.1298,416.423,896.258
1973-02-05,114.68,111.85,111.441,97.6165,17.9651,20.9938,42.9,3.16333,53.3113,414.924,892.559
1973-02-12,114.98,113.7,111.651,97.6852,18.0121,21.0487,42.9,3.16333,53.4791,416.23,894.894
1973-02-20,113.16,112.77,111.814,97.7424,17.727,20.7155,42.9,3.16333,52.6609,409.862,880.729
1973-02-26,112.28,109.45,111.963,97.7838,17.5891,20.5544,42.9,3.16333,52.2797,406.895,873.88
1973-03-05,113.79,111.33,112.122,97.8275,17.6275,20.5969,43.3,3.17,53.0111,408.776,877.451
1973-03-12,113.54,112.84,112.223,97.8655,17.5887,20.5516,43.3,3.17,52.9231,408.097,875.523
1973-03-19,108.88,107.41,112.244,97.887,16.8669,19.7081,43.3,3.17,50.7794,391.567,839.589
1973-03-26,111.52,108.29,112.345,97.9273,17.2758,20.186,43.3,3.17,52.039,401.28,859.947
1973-04-02,109.28,107.44,112.371,97.9631,16.7791,19.6043,43.6,3.18667,51.0224,390.734,836.876
1973-04-09,112.08,108.74,112.464,98.0302,17.209,20.1066,43.6,3.18667,52.3583,400.964,858.318
1973-04-16,112.17,109.99,112.552,98.1077,17.2229,20.1228,43.6,3.18667,52.429,401.505,859.007
1973-04-23,107.23,106.76,112.575,98.1572,16.4644,19.2366,43.6,3.18667,50.1486,384.042,821.176
1973-04-30,111,105.34,112.628,98.2142,17.0432,19.9129,43.6,3.18667,51.9404,397.764,850.047
1973-05-07,108.17,107.7,112.716,98.2762,16.462,19.2336,43.9,3.20333,50.645,385.193,822.714
1973-05-14,103.86,103.18,112.672,98.3207,15.806,18.4673,43.9,3.20333,48.6559,370.065,789.933
1973-05-21,107.94,101.36,112.555,98.4001,16.427,19.1927,43.9,3.20333,50.5961,384.822,820.965
1973-05-29,103.93,103.31,112.443,98.4524,15.8167,18.4797,43.9,3.20333,48.7454,370.745,790.466
1973-06-04,107.03,102.33,112.27,98.5179,16.1447,18.8636,44.2,3.22,50.2284,379.431,808.518
1973-06-11,105.1,104.37,112.15,98.5734,15.8536,18.5235,44.2,3.22,49.3517,372.809,793.939
1973-06-18,103.7,102.46,111.976,98.6123,15.6424,18.2767,44.2,3.22,48.7234,368.063,783.363
1973-06-25,104.26,101.45,111.808,98.656,15.7269,18.3754,44.2,3.22,49.0156,370.27,787.594
1973-07-02,101.28,100.67,111.672,98.6942,15.2107,17.7724,44.3,3.23667,47.6439,359.095,763.355
1973-07-09,104.09,100.44,111.563,98.744,15.6327,18.2654,44.3,3.23667,48.995,369.279,784.534
1973-07-16,107.14,103.42,111.487,98.8038,16.0908,18.8007,44.3,3.23667,50.4599,380.32,807.522
1973-07-23,109.59,106.31,111.465,98.8809,16.4587,19.2306,44.3,3.23667,51.6431,389.238,825.988
1973-07-30,106.49,105.51,111.423,98.9474,15.9931,18.6866,44.3,3.23667,50.2116,378.449,802.623
1973-08-06,104.77,104.21,111.37,99.0035,15.4213,18.019,45.1,3.25333,49.4301,365.95,775.652
1973-08-13,102.31,101.38,111.173,99.0337,15.0592,17.596,45.1,3.25333,48.299,357.576,757.44
1973-08-20,101.62,99.74,110.894,99.0512,14.9576,17.4773,45.1,3.25333,48.0028,355.383,752.332
1973-08-27,104.25,101.09,110.64,99.0869,15.3447,17.9296,45.1,3.25333,49.2747,364.799,771.803
1973-09-04,104.76,103.6,110.435,99.1194,15.3522,17.9382,45.2,3.27,49.5455,365.993,773.862
1973-09-10,104.44,102.13,110.111,99.1562,15.3053,17.8835,45.2,3.27,49.4239,365.094,771.499
1973-09-17,107.2,102.41,109.826,99.2206,15.7098,18.3561,45.2,3.27,50.7598,374.962,791.887
1973-09-24,108.43,106.21,109.574,99.2937,15.89,18.5667,45.2,3.27,51.3719,379.485,800.973
1973-10-01,109.85,107.08,109.341,99.3843,15.9208,18.6005,45.6,3.30667,52.0748,381.303,804.344
1973-10-08,111.44,108.02,109.204,99.4875,16.1512,18.8698,45.6,3.30667,52.8587,387.042,815.986
1973-10-15,110.22,108.5,108.991,99.5817,15.9744,18.6632,45.6,3.30667,52.3102,383.026,807.053
1973-10-22,111.38,107.4,108.751,99.6791,16.1425,18.8596,45.6,3.30667,52.8909,387.278,815.547
1973-10-29,107.07,106.33,108.501,99.7495,15.5179,18.1298,45.6,3.30667,50.8744,372.513,783.988
1973-11-05,105.3,104.52,108.202,99.814,15.1259,17.6736,45.9,3.34333,50.064,364.183,765.989
1973-11-12,103.88,100.69,107.905,99.8788,14.9219,17.4353,45.9,3.34333,49.4194,359.494,755.659
1973-11-19,99.44,97.64,107.621,99.9291,14.2841,16.6901,45.9,3.34333,47.3377,344.351,723.361
1973-11-26,95.96,94.88,107.151,99.9838,13.7842,16.106,45.9,3.34333,45.7117,332.523,698.046
1973-12-03,96.51,91.55,106.641,100.035,13.7396,16.059,46.2,3.38,46.0047,332.481,697.488
1973-12-10,93.29,91.05,106.217,100.068,13.2812,15.5232,46.2,3.38,44.5007,321.612,674.217
1973-12-17,93.54,91.87,105.722,100.096,13.3168,15.5648,46.2,3.38,44.651,322.698,676.024
1973-12-24,97.54,91.68,105.355,100.136,13.8863,16.2304,46.2,3.38,46.5914,336.721,704.932
1973-12-31,98.9,95.95,105.084,100.184,14.0799,16.4567,46.2,3.38,47.2721,341.641,714.761
1974-01-07,93.66,91.62,104.698,100.213,13.1858,15.4159,46.6,3.4,44.7987,320.986,671.081
1974-01-14,95.56,92.35,104.317,100.255,13.4533,15.7286,46.6,3.4,45.7388,327.722,684.695
1974-01-21,96.63,93.23,103.962,100.289,13.6039,15.9047,46.6,3.4,46.2822,331.616,692.361
1974-01-28,95.32,94.66,103.574,100.318,13.4195,15.6891,46.6,3.4,45.6861,327.344,682.975
1974-02-04,92.33,91.87,103.145,100.339,12.802,14.9727,47.2,3.42,44.2846,313.269,653.142
1974-02-11,92.27,89.53,102.724,100.372,12.7937,14.9629,47.2,3.42,44.2873,313.288,652.717
1974-02-19,95.39,91.34,102.386,100.435,13.2263,15.4689,47.2,3.42,45.8164,324.105,674.788
1974-02-25,95.53,94.2,102.099,100.505,13.2457,15.4916,47.2,3.42,45.9152,324.804,675.779
1974-03-04,97.78,94.19,101.928,100.597,13.3568,15.6255,47.8,3.44,47.0285,328.503,683.013
1974-03-11,99.28,96.38,101.744,100.709,13.5617,15.8652,47.8,3.44,47.7817,333.765,693.491
1974-03-18,97.27,96.35,101.573,100.834,13.2871,15.544,47.8,3.44,46.8462,327.23,679.45
1974-03-25,93.98,93.44,101.298,100.921,12.8377,15.0182,47.8,3.44,45.2936,316.385,656.469
1974-04-01,93.01,92.55,101.038,101.005,12.6251,14.7757,48,3.46,44.8581,312.037,646.986
1974-04-08,92.12,91.5,100.819,101.096,12.5043,14.6343,48,3.46,44.461,309.275,640.795
1974-04-15,93.75,91.49,100.585,101.18,12.7255,14.8932,48,3.46,45.2798,314.971,652.134
1974-04-22,90.18,88.62,100.27,101.264,12.2409,14.3261,48,3.46,43.5877,303.2,627.301
1974-04-29,91.29,89.02,99.9073,101.355,12.3916,14.5024,48,3.46,44.1564,307.156,635.022
1974-05-06,91.47,90.13,99.4891,101.44,12.2362,14.3279,48.6,3.48,44.2758,304.184,628.419
1974-05-13,88.21,87.67,99.035,101.493,11.8001,13.8172,48.6,3.48,42.7302,293.566,606.022
1974-05-20,88.58,86.12,98.574,101.547,11.8496,13.8752,48.6,3.48,42.9418,295.02,608.564
1974-05-28,87.28,85.87,98.2528,101.593,11.6757,13.6716,48.6,3.48,42.3441,290.913,599.632
1974-06-03,92.55,86.78,97.985,101.669,12.2539,14.3558,49,3.5,44.9335,306.183,630.648
1974-06-10,91.3,90.73,97.7254,101.75,12.0884,14.1619,49,3.5,44.3593,302.27,622.13
1974-06-17,87.46,86.77,97.3332,101.791,11.58,13.5663,49,3.5,42.5263,289.78,595.964
1974-06-24,86,85.13,96.9249,101.812,11.3867,13.3398,49,3.5,41.8491,285.165,586.015
1974-07-01,83.66,83.17,96.5249,101.816,10.9642,12.857,49.4,3.53,40.7434,275.383,565.454
1974-07-08,83.15,79.08,95.8619,101.819,10.8974,12.7786,49.4,3.53,40.5281,273.928,562.007
1974-07-15,83.54,81.7,95.2335,101.824,10.9485,12.8386,49.4,3.53,40.7513,275.436,564.643
1974-07-22,82.4,82,94.5934,101.822,10.7991,12.6634,49.4,3.53,40.2283,271.901,556.938
1974-07-29,78.59,77.84,93.8202,101.789,10.2998,12.0779,49.4,3.53,38.4014,259.553,531.186
1974-08-05,80.86,78.03,93.0976,101.768,10.4483,12.2656,50,3.56,39.544,264.069,539.971
1974-08-12,75.67,75.19,92.279,101.725,9.77768,11.4783,50,3.56,37.0394,247.343,505.313
1974-08-19,71.55,70.75,91.4607,101.663,9.24531,10.8534,50,3.56,35.0562,234.1,477.8
1974-08-26,72.15,69.37,90.6229,101.608,9.32284,10.9444,50,3.56,35.3837,236.287,481.807
1974-09-03,71.42,67.64,90.002,101.544,9.10093,10.7007,50.6,3.59,35.0596,231.346,471.277
1974-09-09,65.2,64.74,89.2534,101.453,8.30833,9.76873,50.6,3.59,32.0401,211.422,430.233
1974-09-16,70.14,64.15,88.5968,101.385,8.93783,10.5089,50.6,3.59,34.5016,227.665,462.83
1974-09-23,64.94,64.58,87.8864,101.28,8.2752,9.72977,50.6,3.59,31.9777,211.01,428.517
1974-09-30,62.34,60.96,87.1211,101.145,7.94389,9.34022,50.6,3.59,30.7314,202.786,411.361
1974-10-07,71.14,62.78,86.4415,101.049,8.95907,10.5493,51.1,3.59333,35.1036,229.37,464.836
1974-10-14,72.28,69.41,85.7739,100.959,9.10264,10.7183,51.1,3.59333,35.7002,233.269,472.285
1974-10-21,70.12,68.8,85.1956,100.857,8.83062,10.398,51.1,3.59333,34.6675,226.521,458.171
1974-10-28,73.88,68.89,84.6397,100.766,9.30414,10.9556,51.1,3.59333,36.5606,238.89,482.739
1974-11-04,74.91,71.93,84.0927,100.679,9.34442,11.0178,51.5,3.59667,37.1045,240.562,485.668
1974-11-11,71.91,71.41,83.5232,100.574,8.97019,10.5765,51.5,3.59667,35.6528,231.15,466.218
1974-11-18,68.9,66.85,82.9095,100.444,8.59472,10.1338,51.5,3.59667,34.1948,221.697,446.703
1974-11-25,69.97,67.79,82.4829,100.314,8.72819,10.2912,51.5,3.59667,34.7601,225.362,453.64
1974-12-02,65.01,64.4,81.8124,100.154,8.03447,9.48881,51.9,3.6,32.3305,207.994,418.234
1974-12-09,67.07,64.13,81.0918,99.9977,8.28906,9.78948,51.9,3.6,33.3894,214.806,431.487
1974-12-16,66.91,65.86,80.3466,99.8485,8.26929,9.76613,51.9,3.6,33.3442,214.516,430.458
1974-12-23,67.14,65.34,79.6966,99.7005,8.29771,9.7997,51.9,3.6,33.4933,215.475,431.937
1974-12-30,70.71,66.23,79.1192,99.5592,8.73892,10.3208,51.9,3.6,35.3087,227.155,454.904
1975-01-06,72.61,69.04,78.4649,99.4244,8.92714,10.5572,52.1,3.62333,36.2923,232.586,465.335
1975-01-13,70.96,70.45,77.9119,99.2742,8.72428,10.3173,52.1,3.62333,35.5024,227.524,454.76
1975-01-20,72.98,69.8,77.3828,99.1393,8.97263,10.611,52.1,3.62333,36.5479,234.224,467.706
1975-01-27,76.98,73.76,76.9572,99.0214,9.46442,11.1925,52.1,3.62333,38.586,247.285,493.341
1975-02-03,78.63,76,76.621,98.9041,9.58309,11.344,52.5,3.64667,39.4482,250.885,500.076
1975-02-10,81.5,77.38,76.3439,98.7941,9.93287,11.758,52.5,3.64667,40.9232,260.266,518.328
1975-02-18,82.62,79.83,76.1523,98.687,10.0694,11.9196,52.5,3.64667,41.5208,264.067,525.451
1975-02-24,81.59,78.91,75.8897,98.5752,9.94384,11.771,52.5,3.64667,41.0384,260.999,518.901
1975-03-03,84.3,81.32,75.7781,98.4823,10.2269,12.1164,52.7,3.67,42.437,268.869,534.101
1975-03-10,84.76,82.52,75.6923,98.3951,10.2827,12.1825,52.7,3.67,42.7041,270.561,537.016
1975-03-17,83.39,82.52,75.5608,98.3071,10.1165,11.9856,52.7,3.67,42.0494,266.414,528.336
1975-03-24,83.85,80.08,75.3654,98.2282,10.1723,12.0517,52.7,3.67,42.317,268.109,531.25
1975-03-31,80.88,80.29,75.1597,98.1261,9.81198,11.6248,52.7,3.67,40.8537,258.838,512.433
1975-04-07,84.18,79.66,75.0206,98.0416,10.1679,12.0566,52.9,3.68333,42.5564,268.606,531.325
1975-04-14,86.3,83.98,75.0464,97.9783,10.4239,12.3603,52.9,3.68333,43.6639,275.597,544.706
1975-04-21,86.62,85,75.1814,97.9214,10.4626,12.4061,52.9,3.68333,43.8617,276.845,546.725
1975-04-28,89.22,85,75.2777,97.8686,10.7766,12.7785,52.9,3.68333,45.2141,285.381,563.136
1975-05-05,90.53,87.6,75.4123,97.8178,10.8698,12.8974,53.2,3.69667,45.914,288.164,568.182
1975-05-12,90.43,89.74,75.6843,97.7744,10.8578,12.8831,53.2,3.69667,45.8993,288.072,567.554
1975-05-19,90.58,88.35,75.9194,97.7326,10.8758,12.9045,53.2,3.69667,46.0116,288.777,568.496
1975-05-27,91.15,88.83,76.1446,97.7105,10.9442,12.9857,53.2,3.69667,46.3372,290.82,572.073
1975-06-02,92.48,91.32,76.5858,97.7016,11.0209,13.0846,53.6,3.71,47.0496,293.088,576.089
1975-06-09,90.52,89.3,77.0588,97.6758,10.7873,12.8072,53.6,3.71,46.0887,287.102,563.88
1975-06-16,92.61,89.6,77.583,97.6472,11.0364,13.1029,53.6,3.71,47.1892,293.957,576.899
1975-06-23,94.81,91.81,78.215,97.6188,11.2986,13.4142,53.6,3.71,48.3466,301.167,590.603
1975-06-30,94.36,93.37,78.7751,97.5872,11.2449,13.3505,53.6,3.71,48.1535,299.964,587.8
1975-07-07,94.66,92.51,79.4049,97.5584,11.1586,13.2563,54.2,3.71,48.343,297.811,583.141
1975-07-14,93.2,92.39,80.1576,97.5246,10.9865,13.0518,54.2,3.71,47.6338,293.442,574.147
1975-07-21,89.29,88.72,80.8136,97.4803,10.5255,12.5043,54.2,3.71,45.6719,281.356,550.06
1975-07-28,87.99,87.46,81.2487,97.4256,10.3723,12.3222,54.2,3.71,45.0434,277.485,542.052
1975-08-04,86.02,85.34,81.6029,97.3589,10.1263,12.0407,54.3,3.71,44.0715,270.997,528.94
1975-08-11,86.36,85.02,81.973,97.3017,10.1663,12.0883,54.3,3.71,44.2822,272.293,531.031
1975-08-18,84.28,82.21,82.228,97.2453,9.92143,11.7972,54.3,3.71,43.2523,265.96,518.241
1975-08-25,86.88,83.35,82.5002,97.2085,10.2275,12.1611,54.3,3.71,44.6232,274.389,534.228
1975-09-02,85.62,84.62,82.8047,97.1643,10.0302,11.9376,54.6,3.71,44.0127,269.148,523.587
1975-09-08,83.3,82.84,83.1934,97.1202,9.75841,11.6142,54.6,3.71,42.8568,262.08,509.4
1975-09-15,85.88,81.57,83.5668,97.0916,10.0607,11.9739,54.6,3.71,44.2208,270.421,525.177
1975-09-22,86.19,83.8,84.0463,97.0628,10.097,12.0171,54.6,3.71,44.4172,271.622,527.073
1975-09-29,85.95,82.57,84.4719,97.0073,10.0689,11.9837,54.6,3.71,44.3303,271.091,525.605
1975-10-06,88.21,85.56,84.9886,96.9599,10.2856,12.251,54.9,3.7,45.5326,276.922,536.478
1975-10-13,88.86,87.73,85.5006,96.9029,10.3614,12.3412,54.9,3.7,45.9049,279.186,540.431
1975-10-20,89.83,88.43,85.9818,96.8483,10.4745,12.4759,54.9,3.7,46.4427,282.457,546.331
1975-10-27,89.04,88.35,86.426,96.7831,10.3824,12.3662,54.9,3.7,46.0711,280.197,541.526
1975-11-03,89.33,87.63,86.8564,96.7124,10.3501,12.336,55.3,3.69,46.2579,279.297,539.36
1975-11-10,90.97,88.35,87.2092,96.6503,10.5401,12.5624,55.3,3.69,47.1438,284.647,549.262
1975-11-17,89.53,88.79,87.5094,96.5797,10.3733,12.3636,55.3,3.69,46.4344,280.363,540.568
1975-11-24,91.24,88.65,87.733,96.5151,10.5714,12.5997,55.3,3.69,47.358,285.94,550.892
1975-12-01,86.82,86.54,87.9007,96.4249,10.0331,11.9662,55.5,3.68,45.1006,271.329,522.316
1975-12-08,87.83,86.15,88.0727,96.3386,10.1498,12.1054,55.5,3.68,45.662,274.706,528.392
1975-12-15,88.8,87.32,88.2023,96.2562,10.2619,12.2391,55.5,3.68,46.2031,277.962,534.228
1975-12-22,90.25,87.64,88.302,96.1766,10.4295,12.439,55.5,3.68,46.9944,282.722,542.951
1975-12-29,90.9,89.17,88.4057,96.0914,10.5046,12.5285,55.5,3.68,47.3697,284.98,546.862
1976-01-05,94.95,90.85,88.6833,96.0242,10.9645,13.0817,55.6,3.68333,49.5171,297.363,570.199
1976-01-12,97,94.38,89.0276,95.9696,11.2012,13.3641,55.6,3.68333,50.6231,304.005,582.51
1976-01-19,99.21,96.36,89.4468,95.9281,11.4564,13.6686,55.6,3.68333,51.8135,311.154,595.782
1976-01-26,100.86,97.66,89.7884,95.8964,11.647,13.896,55.6,3.68333,52.7122,316.551,605.691
1976-02-02,99.46,98.64,90.1435,95.8456,11.4548,13.6691,55.8,3.68667,52.0176,311.26,595.142
1976-02-09,99.67,98.77,90.478,95.7947,11.479,13.698,55.8,3.68667,52.1645,312.139,596.399
1976-02-17,102.1,98.5,90.7049,95.7608,11.7588,14.032,55.8,3.68667,53.4734,319.971,610.939
1976-02-23,99.71,98.6,90.9579,95.721,11.4836,13.7035,55.8,3.68667,52.2588,312.703,596.638
1976-03-01,99.11,98.23,91.1935,95.6834,11.4028,13.6087,55.9,3.69,51.9815,310.487,591.987
1976-03-08,100.86,98.93,91.4673,95.6558,11.6041,13.849,55.9,3.69,52.9366,316.192,602.44
1976-03-15,100.58,99.24,91.6708,95.6138,11.5719,13.8106,55.9,3.69,52.8269,315.537,600.768
1976-03-22,102.85,100.14,91.9573,95.5747,11.8331,14.1222,55.9,3.69,54.0564,322.881,614.326
1976-03-29,102.25,101.23,92.2409,95.5373,11.7641,14.0399,55.9,3.69,53.7783,321.22,610.743
1976-04-05,100.35,99.87,92.4452,95.5048,11.5114,13.7391,56.1,3.71333,52.8166,314.351,597.257
1976-04-12,100.67,99.57,92.5612,95.4663,11.5481,13.7829,56.1,3.71333,53.0226,315.577,599.161
1976-04-19,102.29,100.32,92.7712,95.4364,11.7339,14.0047,56.1,3.71333,53.9135,320.879,608.803
1976-04-26,101.64,100.91,92.9536,95.4089,11.6593,13.9157,56.1,3.71333,53.6085,319.064,604.935
1976-05-03,101.88,100.14,93.1984,95.3749,11.6095,13.8571,56.5,3.73667,53.773,317.777,602.07
1976-05-10,101.34,100.82,93.5412,95.3476,11.548,13.7837,56.5,3.73667,53.5259,316.317,598.879
1976-05-17,101.26,100.41,93.9056,95.3206,11.5389,13.7728,56.5,3.73667,53.5216,316.291,598.406
1976-05-24,100.18,98.26,94.2384,95.2846,11.4158,13.6259,56.5,3.73667,52.9888,313.142,592.024
1976-06-01,99.15,98.79,94.5315,95.2282,11.2433,13.4204,56.8,3.76,52.4822,308.511,582.842
1976-06-07,100.92,97.97,94.9108,95.173,11.4441,13.6599,56.8,3.76,53.4574,314.243,593.247
1976-06-14,103.76,100.84,95.3198,95.133,11.7661,14.0443,56.8,3.76,55,323.312,609.942
1976-06-21,103.72,102.4,95.7956,95.0983,11.7616,14.0389,56.8,3.76,55.0171,323.412,609.707
1976-06-28,104.11,102.95,96.3184,95.0613,11.8058,14.0917,56.8,3.76,55.2624,324.854,611.999
1976-07-06,104.98,102.8,96.6919,95.0354,11.8455,14.1383,57.1,3.79,55.7629,326.074,613.871
1976-07-12,104.68,103.87,97.2106,95.0148,11.8117,14.0979,57.1,3.79,55.6422,325.368,612.117
1976-07-19,104.06,103.05,97.6529,94.9925,11.7417,14.0144,57.1,3.79,55.3514,323.668,608.491
1976-07-26,103.44,102.31,98.0151,94.9569,11.6717,13.9309,57.1,3.79,55.0604,321.966,604.866
1976-08-02,103.79,102.64,98.3655,94.9278,11.653,13.9082,57.4,3.82,55.2858,321.594,603.74
1976-08-09,104.25,103.01,98.7141,94.9094,11.7046,13.9699,57.4,3.82,55.5699,323.247,606.416
1976-08-16,102.37,101.96,99.0914,94.8751,11.4936,13.7179,57.4,3.82,54.607,317.646,595.48
1976-08-23,101.48,100.43,99.3852,94.8294,11.3936,13.5987,57.4,3.82,54.1714,315.112,590.303
1976-08-30,104.3,101.22,99.6993,94.7798,11.7103,13.9766,57.4,3.82,55.716,324.097,606.707
1976-09-07,104.65,103.79,99.9965,94.7344,11.7109,13.9764,57.6,3.85,55.9425,324.284,606.629
1976-09-13,106.27,103.28,100.368,94.6883,11.8922,14.1927,57.6,3.85,56.8481,329.534,616.02
1976-09-20,106.8,105.74,100.859,94.6359,11.9515,14.2635,57.6,3.85,57.1712,331.407,619.092
1976-09-27,104.17,103.6,101.29,94.5699,11.6572,13.9122,57.6,3.85,55.803,323.476,603.847
1976-10-04,102.56,102.05,101.649,94.4884,11.4192,13.6293,57.9,3.91667,54.9809,317.059,591.434
1976-10-11,100.88,100.02,101.924,94.4015,11.2321,13.406,57.9,3.91667,54.1206,312.098,581.746
1976-10-18,99.96,99.24,102.103,94.3221,11.1297,13.2838,57.9,3.91667,53.6675,309.485,576.44
1976-10-25,102.9,99.21,102.227,94.2464,11.457,13.6745,57.9,3.91667,55.2864,318.82,593.394
1976-11-01,100.82,100.48,102.301,94.1511,11.2066,13.3776,58,3.98333,54.21,312.074,580.397
1976-11-08,99.24,98.18,102.301,94.0508,11.031,13.1679,58,3.98333,53.4016,307.421,571.302
1976-11-15,101.92,98.53,102.297,93.9665,11.3289,13.5235,58,3.98333,54.8849,315.96,586.73
1976-11-22,103.15,101.41,102.346,93.9,11.4656,13.6867,58,3.98333,55.5886,320.01,593.811
1976-11-29,102.76,101.46,102.404,93.8421,11.4223,13.635,58,3.98333,55.4197,319.038,591.565
1976-12-06,104.7,102.53,102.468,93.7922,11.5976,13.8452,58.2,4.05,56.5079,324.185,600.662
1976-12-13,104.26,103.8,102.591,93.7386,11.5489,13.787,58.2,4.05,56.3125,323.064,598.138
1976-12-20,104.84,102.99,102.674,93.697,11.6131,13.8637,58.2,4.05,56.6678,325.102,601.465
1976-12-27,107.46,104.58,102.82,93.6729,11.9033,14.2101,58.2,4.05,58.1261,333.468,616.496
1977-01-03,105.01,104.3,102.921,93.629,11.5713,13.8153,58.5,4.09667,56.8435,324.438,599.351
1977-01-10,104.01,102.75,102.961,93.5813,11.4611,13.6837,58.5,4.09667,56.3448,321.592,593.644
1977-01-17,103.32,102.35,102.979,93.5535,11.3851,13.593,58.5,4.09667,56.0137,319.702,589.706
1977-01-24,101.93,101.08,103.025,93.5056,11.2319,13.4101,58.5,4.09667,55.3028,315.644,581.772
1977-01-31,101.88,100.91,103.022,93.4686,11.2264,13.4035,58.5,4.09667,55.3184,315.734,581.487
1977-02-07,100.22,99.74,102.994,93.4093,10.9298,13.0525,59.1,4.14333,54.4604,307.68,566.205
1977-02-14,100.49,99.51,102.988,93.3509,10.9592,13.0877,59.1,4.14333,54.6504,308.754,567.73
1977-02-22,99.48,98.82,102.933,93.3121,10.8491,12.9562,59.1,4.14333,54.1444,305.895,562.024
1977-02-28,101.2,98.91,102.912,93.2631,11.0367,13.1802,59.1,4.14333,55.124,311.429,571.741
1977-03-07,100.65,99.49,102.922,93.2255,10.9012,13.0224,59.5,4.19,54.8683,307.901,564.811
1977-03-14,101.86,100.24,102.971,93.2155,11.0322,13.1789,59.5,4.19,55.5718,311.849,571.602
1977-03-21,99.06,98.71,103.003,93.1711,10.729,12.8166,59.5,4.19,54.0882,303.523,555.889
1977-03-28,99.21,97.8,102.928,93.1475,10.7452,12.836,59.5,4.19,54.2141,304.23,556.731
1977-04-04,98.35,97.43,102.816,93.1041,10.5609,12.6211,60,4.24667,53.7887,299.328,547.305
1977-04-11,101.04,98.08,102.727,93.0838,10.8497,12.9663,60,4.24667,55.3046,307.763,562.275
1977-04-18,98.44,98.08,102.628,93.0575,10.5705,12.6327,60,4.24667,53.9262,300.092,547.806
1977-04-25,98.44,96.53,102.434,93.0284,10.5705,12.6327,60,4.24667,53.9709,300.341,547.806
1977-05-02,99.49,97.97,102.321,93.0195,10.6265,12.7055,60.3,4.30333,54.592,302.286,550.895
1977-05-09,99.03,97.91,102.209,92.9942,10.5773,12.6468,60.3,4.30333,54.385,301.14,548.348
1977-05-16,99.45,98.76,102.108,92.9557,10.6222,12.7004,60.3,4.30333,54.6611,302.669,550.673
1977-05-23,96.27,95.92,101.938,92.8891,10.2825,12.2943,60.3,4.30333,52.9587,293.242,533.065
1977-05-31,97.69,95.52,101.785,92.8451,10.4342,12.4757,60.3,4.30333,53.7854,297.82,540.928
1977-06-06,98.46,96.6,101.679,92.8136,10.442,12.4912,60.7,4.36,54.2555,298.443,541.599
1977-06-13,99.97,98.06,101.61,92.8019,10.6021,12.6828,60.7,4.36,55.1338,303.274,549.905
1977-06-20,101.19,99.56,101.514,92.7997,10.7315,12.8376,60.7,4.36,55.8529,307.23,556.616
1977-06-27,100.1,99.3,101.41,92.779,10.6159,12.6993,60.7,4.36,55.2975,304.175,550.62
1977-07-05,99.79,99.12,101.268,92.7541,10.5245,12.5962,61,4.40667,55.1731,301.998,546.215
1977-07-11,100.18,98.81,101.127,92.7328,10.5656,12.6455,61,4.40667,55.4355,303.435,548.35
1977-07-18,101.67,99.94,101.056,92.7052,10.7227,12.8335,61,4.40667,56.3069,308.204,556.506
1977-07-25,98.85,97.71,100.985,92.6573,10.4253,12.4776,61,4.40667,54.7921,299.913,541.07
1977-08-01,98.76,97.53,100.919,92.6018,10.3745,12.4246,61.2,4.45333,54.7897,298.919,538.811
1977-08-08,97.88,97.31,100.856,92.534,10.282,12.3138,61.2,4.45333,54.349,296.515,534.01
1977-08-15,97.51,96.78,100.744,92.4705,10.2432,12.2673,61.2,4.45333,54.1911,295.654,531.991
1977-08-22,96.06,95.04,100.663,92.3939,10.0909,12.0849,61.2,4.45333,53.4329,291.517,524.08
1977-08-29,97.45,95.59,100.588,92.3458,10.2369,12.2597,61.2,4.45333,54.2537,295.995,531.664
1977-09-06,96.37,95.97,100.493,92.3011,10.0824,12.0834,61.4,4.5,53.7006,292.023,524.059
1977-09-12,96.48,95.37,100.339,92.2641,10.0939,12.0972,61.4,4.5,53.8101,292.619,524.657
1977-09-19,95.04,94.51,100.144,92.2421,9.94324,11.9166,61.4,4.5,53.0552,288.514,516.826
1977-09-26,96.53,94.44,99.9155,92.245,10.0991,12.1034,61.4,4.5,53.9353,293.3,524.929
1977-10-03,95.97,95.2,99.7097,92.2423,9.99901,11.9937,61.6,4.55667,53.6714,290.917,520.189
1977-10-10,93.56,92.88,99.4139,92.2436,9.74791,11.6925,61.6,4.55667,52.3726,283.877,507.126
1977-10-17,92.32,91.6,99.0857,92.2375,9.61872,11.5375,61.6,4.55667,51.7275,280.38,500.405
1977-10-24,92.61,90.2,98.7745,92.2129,9.64893,11.5738,61.6,4.55667,51.9391,281.527,501.977
1977-10-31,91.58,90.01,98.4688,92.1763,9.54162,11.4451,61.6,4.55667,51.4106,278.663,496.394
1977-11-07,95.98,91.32,98.2417,92.1879,9.9424,11.9361,61.9,4.61333,53.9304,290.904,517.722
1977-11-14,95.33,94.59,98.0741,92.1867,9.87507,11.8553,61.9,4.61333,53.6151,289.203,514.216
1977-11-21,96.69,94.59,97.9662,92.187,10.0159,12.0244,61.9,4.61333,54.4298,293.598,521.552
1977-11-28,94.67,93.78,97.8185,92.1838,9.8067,11.7732,61.9,4.61333,53.3427,287.734,510.656
1977-12-05,93.65,92.15,97.6425,92.1904,9.66073,11.6087,62.1,4.67,52.8185,283.989,503.527
1977-12-12,93.4,92.9,97.4772,92.196,9.63494,11.5778,62.1,4.67,52.7282,283.503,502.183
1977-12-19,94.69,91.76,97.2904,92.1925,9.76801,11.7377,62.1,4.67,53.5071,287.691,509.119
1977-12-27,95.1,93.99,97.1567,92.1904,9.81031,11.7885,62.1,4.67,53.7896,289.21,511.323
1978-01-03,91.62,91.05,96.984,92.1596,9.38175,11.2861,62.5,4.71333,51.8725,277.118,489.46
1978-01-09,89.69,89.23,96.746,92.1116,9.18412,11.0483,62.5,4.71333,50.8311,271.554,479.149
1978-01-16,89.89,88.88,96.5332,92.0747,9.2046,11.073,62.5,4.71333,50.9958,272.434,480.218
1978-01-23,88.58,88.02,96.2812,92.0477,9.07046,10.9116,62.5,4.71333,50.3041,268.739,473.219
1978-01-30,89.62,88.26,96.0073,92.0308,9.17695,11.0397,62.5,4.71333,50.9462,272.169,478.775
1978-02-06,90.08,88.95,95.8104,92.0206,9.15708,11.0292,62.9,4.75667,51.2597,272.102,478.172
1978-02-13,87.96,87.55,95.5545,91.9916,8.94158,10.7696,62.9,4.75667,50.1053,265.975,466.919
1978-02-21,88.49,86.83,95.3196,91.9832,8.99545,10.8345,62.9,4.75667,50.4594,267.854,469.732
1978-02-27,87.45,86.45,95.0243,91.964,8.88973,10.7072,62.9,4.75667,49.9185,264.983,464.211
1978-03-06,88.88,86.48,94.7414,91.951,8.95647,10.8011,63.4,4.8,50.7875,267.469,468.081
1978-03-13,90.2,88.21,94.5616,91.961,9.08948,10.9615,63.4,4.8,51.5945,271.719,475.033
1978-03-20,89.36,88.83,94.4118,91.9649,9.00484,10.8594,63.4,4.8,51.1668,269.467,470.609
1978-03-27,89.21,88.47,94.178,91.9745,8.98972,10.8412,63.4,4.8,51.1338,269.293,469.819
1978-04-03,90.17,88.07,93.9096,91.9626,9.00882,10.876,63.9,4.83667,51.7373,270.34,471.159
1978-04-10,92.92,89.65,93.6664,91.9707,9.28357,11.2077,63.9,4.83667,53.3686,278.863,485.529
1978-04-17,94.34,92.75,93.5177,92.0051,9.42544,11.379,63.9,4.83667,54.2376,283.404,492.949
1978-04-24,96.83,94.08,93.4358,92.0593,9.67422,11.6793,63.9,4.83667,55.7226,291.164,505.959
1978-05-01,96.53,94.57,93.3228,92.1236,9.54787,11.537,64.5,4.87333,55.6039,287.841,499.7
1978-05-08,98.07,95.33,93.2381,92.1982,9.70019,11.7211,64.5,4.87333,56.5449,292.712,507.672
1978-05-15,98.12,97.4,93.2424,92.2711,9.70514,11.7271,64.5,4.87333,56.6278,293.141,507.931
1978-05-22,96.58,96.01,93.221,92.342,9.55281,11.543,64.5,4.87333,55.7931,288.82,499.959
1978-05-30,98.14,95.95,93.2113,92.4398,9.70712,11.7295,64.5,4.87333,56.7485,293.766,508.034
1978-06-05,99.93,97.97,93.2748,92.5351,9.77165,11.8179,65.2,4.91,57.8381,296.192,511.747
1978-06-12,97.42,97.1,93.3352,92.6439,9.52621,11.5211,65.2,4.91,56.44,289.032,498.893
1978-06-19,95.85,95.42,93.3093,92.7654,9.37269,11.3354,65.2,4.91,55.5851,284.654,490.853
1978-06-26,95.53,93.99,93.2805,92.8823,9.3414,11.2976,65.2,4.91,55.4543,283.984,489.214
1978-07-03,94.89,93.59,93.2568,92.9996,9.20247,11.1399,65.7,4.94667,55.138,280.216,482.238
1978-07-10,97.58,94.28,93.2828,93.1615,9.46335,11.4557,65.7,4.94667,56.7564,288.44,495.909
1978-07-17,97.75,96.52,93.3214,93.2996,9.47983,11.4756,65.7,4.94667,56.9106,289.224,496.773
1978-07-24,100,96.72,93.4116,93.4749,9.69804,11.7398,65.7,4.94667,58.2759,296.163,508.208
1978-07-31,103.92,99.37,93.6384,93.6828,10.0782,12.2,65.7,4.94667,60.6158,308.054,528.129
1978-08-07,103.96,102.6,93.9383,93.8469,10.0298,12.1494,66,4.98333,60.695,307.055,525.931
1978-08-14,104.73,102.86,94.2529,94.0091,10.104,12.2394,66,4.98333,61.2005,309.612,529.827
1978-08-21,104.9,103.14,94.568,94.183,10.1204,12.2593,66,4.98333,61.3559,310.398,530.687
1978-08-28,103.68,102.63,94.7702,94.332,10.0027,12.1167,66,4.98333,60.6983,307.072,524.515
1978-09-05,106.79,103.31,94.9714,94.4914,10.2184,12.3862,66.5,5.02,62.5756,314.188,536.186
1978-09-11,104.12,103.56,95.2261,94.6525,9.96294,12.0765,66.5,5.02,61.0676,306.617,522.78
1978-09-18,101.84,100.66,95.4359,94.8172,9.74477,11.8121,66.5,5.02,59.787,300.187,511.332
1978-09-25,102.54,100.94,95.65,94.98,9.81175,11.8933,66.5,5.02,60.2546,302.535,514.847
1978-10-02,103.52,101.76,95.901,95.1726,9.81033,11.901,67.1,5.03667,60.8874,302.978,515.12
1978-10-09,104.66,103.31,96.1566,95.3605,9.91836,12.0321,67.1,5.03667,61.6149,306.598,520.793
1978-10-16,97.95,97.12,96.3308,95.5157,9.28247,11.2607,67.1,5.03667,57.7216,287.225,487.403
1978-10-23,94.59,94.3,96.4985,95.653,8.96406,10.8744,67.1,5.03667,55.7987,277.657,470.684
1978-10-30,96.18,91.65,96.6335,95.7803,9.11474,11.0572,67.1,5.03667,56.7937,282.608,478.596
1978-11-06,94.77,92.89,96.7717,95.8911,8.93407,10.8492,67.4,5.05333,56.0185,277.51,469.481
1978-11-13,94.42,91.77,96.8626,96.0084,8.90108,10.8091,67.4,5.05333,55.8691,276.77,467.747
1978-11-20,95.79,94.29,96.9655,96.1224,9.03023,10.966,67.4,5.05333,56.7372,281.07,474.534
1978-11-27,96.28,93.29,97.1154,96.2189,9.07642,11.0221,67.4,5.05333,57.085,282.793,476.961
1978-12-04,96.63,95.37,97.3431,96.3089,9.0607,11.0132,67.7,5.07,57.3503,282.849,476.574
1978-12-11,95.33,94.88,97.5652,96.3781,8.9388,10.865,67.7,5.07,56.6367,279.329,470.162
1978-12-18,96.31,92.64,97.7377,96.4465,9.03069,10.9767,67.7,5.07,57.2768,282.486,474.995
1978-12-26,96.11,95.48,97.8859,96.5191,9.01194,10.9539,67.7,5.07,57.2158,282.185,474.009
1979-01-02,99.13,95.22,98.0457,96.5933,9.20379,11.1955,68.3,5.11333,59.0722,288.782,484.609
1979-01-08,99.93,97.83,98.2915,96.6691,9.27806,11.2859,68.3,5.11333,59.6076,291.399,488.519
1979-01-15,99.75,98.33,98.5572,96.7509,9.26135,11.2655,68.3,5.11333,59.5589,291.16,487.639
1979-01-22,101.86,98.9,98.8157,96.841,9.45726,11.5038,68.3,5.11333,60.8774,297.606,497.954
1979-01-29,99.5,99.01,98.9797,96.9341,9.23814,11.2373,68.3,5.11333,59.5257,290.998,486.417
1979-02-05,97.87,96.51,99.0267,97.0025,8.97074,10.9208,69.1,5.15667,58.6099,283.204,472.91
1979-02-12,98.67,97.05,99.074,97.0644,9.04407,11.0101,69.1,5.15667,59.1484,285.806,476.775
1979-02-20,97.78,97.29,99.1243,97.1202,8.96249,10.9108,69.1,5.15667,58.6743,283.515,472.475
1979-02-26,96.97,95.38,99.0791,97.1589,8.88825,10.8204,69.1,5.15667,58.2477,281.454,468.561
1979-03-05,99.54,97.03,99.0918,97.204,9.02004,10.9888,69.8,5.2,59.8516,286.303,476.156
1979-03-12,100.69,98.56,99.1665,97.2553,9.12425,11.1157,69.8,5.2,60.6032,289.899,481.657
1979-03-19,101.6,99.87,99.2031,97.3104,9.20671,11.2162,69.8,5.2,61.211,292.807,486.01
1979-03-26,101.59,100.6,99.2651,97.3626,9.2058,11.2151,69.8,5.2,61.2653,293.066,485.962
1979-04-02,103.18,100.14,99.4087,97.4161,9.22967,11.2514,70.6,5.24667,62.285,294.568,487.975
1979-04-09,102,101.51,99.5572,97.4735,9.12412,11.1227,70.6,5.24667,61.6336,291.487,482.394
1979-04-16,101.23,100.46,99.7161,97.5166,9.05524,11.0387,70.6,5.24667,61.2293,289.575,478.753
1979-04-23,101.8,100.68,99.8736,97.5515,9.10623,11.1009,70.6,5.24667,61.6351,291.494,481.448
1979-04-30,100.69,100.42,99.97,97.5832,9.00694,10.9798,70.6,5.24667,61.0241,288.605,476.199
1979-05-07,98.52,97.92,99.9808,97.6025,8.68768,10.5988,71.5,5.29333,59.7707,279.119,460.071
1979-05-14,99.93,97.49,99.9144,97.6361,8.81202,10.7505,71.5,5.29333,60.6878,283.402,466.656
1979-05-21,100.22,99.14,99.8196,97.6908,8.83759,10.7817,71.5,5.29333,60.9258,284.513,468.01
1979-05-29,99.17,98.29,99.7245,97.7467,8.745,10.6687,71.5,5.29333,60.3493,281.821,463.107
1979-06-04,101.49,98.61,99.6325,97.824,8.83566,10.7869,72.3,5.34,61.8237,285.511,468.696
1979-06-11,102.09,100.91,99.5852,97.9027,8.88789,10.8506,72.3,5.34,62.2517,287.488,471.467
1979-06-18,102.64,100.91,99.5214,97.9945,8.93577,10.9091,72.3,5.34,62.6497,289.326,474.007
1979-06-25,102.91,101.22,99.419,98.0746,8.95928,10.9378,72.3,5.34,62.8772,290.377,475.254
1979-07-02,103.62,101.31,99.4117,98.1646,8.90658,10.8809,73.1,5.39667,63.3744,289.47,473.296
1979-07-09,102.32,101.49,99.4489,98.2597,8.79484,10.7444,73.1,5.39667,62.6428,286.128,467.358
1979-07-16,101.82,100.35,99.4318,98.3394,8.75186,10.6919,73.1,5.39667,62.4002,285.02,465.074
1979-07-23,103.1,100.84,99.3898,98.424,8.86188,10.8263,73.1,5.39667,63.2483,288.894,470.921
1979-07-30,104.04,102.42,99.4167,98.5144,8.94268,10.925,73.1,5.39667,63.8886,291.818,475.214
1979-08-06,106.4,103.27,99.6045,98.6054,9.04218,11.0525,73.8,5.45333,65.4022,295.899,481.384
1979-08-13,108.3,106.28,99.924,98.7026,9.20365,11.2498,73.8,5.45333,66.6346,301.474,489.98
1979-08-20,108.6,107.65,100.267,98.7964,9.22915,11.281,73.8,5.45333,66.8837,302.601,491.338
1979-08-27,109.32,108.12,100.657,98.8978,9.29033,11.3558,73.8,5.45333,67.3917,304.899,494.595
1979-09-04,107.66,105.38,100.907,98.9895,9.03388,11.048,74.6,5.51,66.4337,297.342,481.861
1979-09-10,108.76,106.72,101.227,99.0784,9.12618,11.1608,74.6,5.51,67.1779,300.673,486.785
1979-09-17,110.47,107.32,101.547,99.1831,9.26967,11.3363,74.6,5.51,68.2995,305.693,494.438
1979-09-24,109.32,108.27,101.874,99.2735,9.17318,11.2183,74.6,5.51,67.654,302.804,489.291
1979-10-01,111.27,107.7,102.251,99.3958,9.24429,11.3132,75.2,5.55667,68.9269,306.04,494.045
1979-10-08,104.49,102.31,102.5,99.4791,8.68101,10.6238,75.2,5.55667,64.7932,287.686,463.942
1979-10-15,101.6,101.24,102.634,99.5431,8.44091,10.33,75.2,5.55667,63.0674,280.023,451.11
1979-10-22,100.57,99.06,102.665,99.5947,8.35534,10.2253,75.2,5.55667,62.4944,277.479,446.537
1979-10-29,102.51,100.13,102.721,99.6527,8.51651,10.4225,75.2,5.55667,63.7663,283.126,455.151
1979-11-05,101.51,99.42,102.725,99.6855,8.33888,10.2131,75.9,5.60333,63.2113,278.073,446.554
1979-11-12,103.79,101.27,102.804,99.7195,8.52618,10.4425,75.9,5.60333,64.6982,284.614,456.584
1979-11-19,104.67,102.04,102.932,99.7468,8.59847,10.5311,75.9,5.60333,65.3139,287.323,460.455
1979-11-26,106.16,104.83,103.134,99.7733,8.72087,10.681,75.9,5.60333,66.3109,291.709,467.01
1979-12-03,107.52,105.07,103.344,99.8136,8.72249,10.6901,76.7,5.65,67.2283,292.66,468.059
1979-12-10,108.92,106.65,103.621,99.8598,8.83606,10.8293,76.7,5.65,68.1716,296.766,474.153
1979-12-17,107.59,106.99,103.862,99.8873,8.72817,10.697,76.7,5.65,67.4071,293.439,468.364
1979-12-24,107.84,106.8,104.023,99.9279,8.74845,10.7219,76.7,5.65,67.6318,294.417,469.452
1979-12-31,106.52,103.26,104.132,99.965,8.64136,10.5907,76.7,5.65,66.8721,291.11,463.706
1980-01-07,109.92,105.8,104.311,100.01,8.77272,10.7582,77.8,5.7,69.0754,296.45,471.741
1980-01-14,111.07,109.34,104.535,100.063,8.8645,10.8707,77.8,5.7,69.867,299.847,476.677
1980-01-21,113.61,110.66,104.782,100.117,9.06722,11.1193,77.8,5.7,71.5337,307,487.577
1980-01-28,115.12,112.93,105.112,100.181,9.18773,11.2671,77.8,5.7,72.5535,311.376,494.058
1980-02-04,117.95,112.15,105.459,100.269,9.26258,11.3646,78.9,5.75,74.4068,314.878,499.146
1980-02-11,115.41,114.12,105.843,100.343,9.06311,11.1199,78.9,5.75,72.8742,308.392,488.397
1980-02-19,115.04,113.35,106.159,100.406,9.03406,11.0842,78.9,5.75,72.7104,307.699,486.831
1980-02-25,113.66,111.33,106.529,100.466,8.92569,10.9512,78.9,5.75,71.9081,304.304,480.991
1980-03-03,106.9,105.99,106.787,100.492,8.25096,10.1334,80.1,5.8,67.7019,282.212,445.607
1980-03-10,105.43,104.01,106.956,100.512,8.1375,9.99403,80.1,5.8,66.8415,278.625,439.479
1980-03-17,102.31,101.14,107.025,100.517,7.89668,9.69828,80.1,5.8,64.9342,270.675,426.474
1980-03-24,100.68,94.23,106.952,100.52,7.77087,9.54377,80.1,5.8,63.9704,266.657,419.679
1980-03-31,102.15,100.02,106.963,100.535,7.88433,9.68311,80.1,5.8,64.9753,270.846,425.807
1980-04-07,103.79,99.23,106.971,100.549,7.90419,9.71842,81,5.84667,66.09,272.432,427.836
1980-04-14,100.55,99.97,106.953,100.533,7.65744,9.41504,81,5.84667,64.0985,264.222,414.48
1980-04-21,105.16,98.95,106.942,100.54,8.00852,9.8467,81,5.84667,67.1089,276.632,433.483
1980-04-28,105.58,104.5,107.036,100.548,8.04051,9.88603,81,5.84667,67.4487,278.032,435.214
1980-05-05,104.72,104.18,107.131,100.546,7.87999,9.69843,81.8,5.89333,66.9717,273.366,427.448
1980-05-12,107.35,103.5,107.201,100.56,8.07789,9.942,81.8,5.89333,68.7262,280.528,438.183
1980-05-19,110.62,106.51,107.287,100.592,8.32395,10.2448,81.8,5.89333,70.8922,289.369,451.53
1980-05-27,111.24,108.87,107.364,100.631,8.3706,10.3023,81.8,5.89333,71.3622,291.287,454.061
1980-06-02,113.2,109.77,107.447,100.678,8.40809,10.3568,82.7,5.94,72.6928,293.49,457.033
1980-06-09,115.81,112.68,107.604,100.736,8.60195,10.5956,82.7,5.94,74.4422,300.553,467.571
1980-06-16,114.06,113.12,107.794,100.795,8.47197,10.4355,82.7,5.94,73.3907,296.307,460.505
1980-06-23,116,113.35,107.992,100.867,8.61606,10.613,82.7,5.94,74.7125,301.644,468.338
1980-06-30,117.46,113.54,108.134,100.933,8.72451,10.7466,82.7,5.94,75.7264,305.737,474.232
1980-07-07,117.84,116.29,108.327,100.999,8.73557,10.7678,82.7,5.98333,76.0456,307.026,475.767
1980-07-14,122.04,117.45,108.603,101.078,9.04692,11.1516,82.7,5.98333,78.8302,318.269,492.724
1980-07-21,120.78,119.94,108.933,101.148,8.95351,11.0365,82.7,5.98333,78.0907,315.283,487.636
1980-07-28,121.21,119.4,109.38,101.233,8.98539,11.0758,82.7,5.98333,78.4431,316.706,489.373
1980-08-04,123.61,119.42,109.898,101.338,9.07909,11.1985,83.3,6.02667,80.0713,320.951,495.468
1980-08-11,125.72,122.49,110.483,101.462,9.23406,11.3897,83.3,6.02667,81.5132,326.73,503.925
1980-08-18,126.02,121.91,111.05,101.593,9.2561,11.4168,83.3,6.02667,81.7828,327.811,505.128
1980-08-25,122.38,121.06,111.581,101.69,8.98874,11.0871,83.3,6.02667,79.4958,318.644,490.537
1980-09-02,124.88,121.79,112.003,101.81,9.07827,11.2045,84,6.07,81.1956,322.745,496.387
1980-09-08,125.54,121.94,112.477,101.942,9.12625,11.2637,84,6.07,81.7006,324.753,499.01
1980-09-15,129.25,124.09,113.008,102.079,9.39595,11.5965,84,6.07,84.191,334.652,513.757
1980-09-22,126.35,125.29,113.543,102.195,9.18514,11.3364,84,6.07,82.3781,327.445,502.23
1980-09-29,129.33,122.87,113.999,102.327,9.40177,11.6037,84,6.07,84.3971,335.471,514.075
1980-10-06,130.29,129.35,114.581,102.455,9.36431,11.5642,84.8,6.1,85.1001,335.074,513.005
1980-10-13,131.52,129.37,115.222,102.592,9.45271,11.6733,84.8,6.1,85.9801,338.539,517.848
1980-10-20,129.85,128.04,115.778,102.717,9.33269,11.5251,84.8,6.1,84.965,334.542,511.273
1980-10-27,127.47,125.29,116.194,102.817,9.16163,11.3139,84.8,6.1,83.4845,328.713,501.902
1980-11-03,129.18,127.23,116.532,102.938,9.19019,11.3545,85.5,6.13,84.6816,330.697,504.471
1980-11-10,137.15,128.19,117.018,103.103,9.7572,12.055,85.5,6.13,89.9835,351.401,535.595
1980-11-17,139.11,134.9,117.617,103.282,9.89664,12.2273,85.5,6.13,91.3468,356.725,543.249
1980-11-24,140.52,136.36,118.052,103.475,9.99695,12.3512,85.5,6.13,92.3501,360.643,548.755
1980-12-01,134.03,132.91,118.566,103.636,9.42718,11.6541,86.3,6.16,88.1627,341.099,518.559
1980-12-08,129.23,125.32,118.961,103.781,9.08957,11.2367,86.3,6.16,85.0832,329.185,499.988
1980-12-15,133.7,128.33,119.465,103.947,9.40397,11.6254,86.3,6.16,88.1042,340.873,517.282
1980-12-22,136.57,132.88,120.043,104.133,9.60584,11.8749,86.3,6.16,90.0735,348.492,528.386
1980-12-29,136.34,134.04,120.668,104.308,9.58966,11.8549,86.3,6.16,90,348.208,527.496
1981-01-05,133.48,131.71,121.515,104.472,9.29282,11.4955,87,6.2,88.1907,338.462,512.276
1981-01-12,134.77,131.69,122.353,104.637,9.38263,11.6066,87,6.2,89.1218,342.036,517.226
1981-01-19,130.23,129,123.095,104.793,9.06656,11.2157,87,6.2,86.1984,330.816,499.803
1981-01-26,129.55,128.57,123.776,104.945,9.01922,11.1571,87,6.2,85.8273,329.392,497.193
1981-02-02,130.6,125.82,124.454,105.106,8.98119,11.1194,87.9,6.24,86.6024,328.963,496.091
1981-02-09,126.98,126.04,125.024,105.235,8.73225,10.8112,87.9,6.24,84.2815,320.147,482.34
1981-02-17,126.58,124.66,125.453,105.376,8.70474,10.7771,87.9,6.24,84.0957,319.442,480.82
1981-02-23,131.27,125.69,126.03,105.54,9.02727,11.1764,87.9,6.24,87.2913,331.58,498.636
1981-03-02,129.85,128.56,126.614,105.692,8.85271,10.9684,88.5,6.28,86.4273,326.073,489.898
1981-03-09,133.11,128.72,127.149,105.863,9.07496,11.2438,88.5,6.28,88.6775,334.562,502.197
1981-03-16,134.08,132.1,127.724,106.036,9.14109,11.3257,88.5,6.28,89.4042,337.304,505.857
1981-03-23,134.65,133.41,128.264,106.228,9.17995,11.3739,88.5,6.28,89.8648,339.042,508.007
1981-03-30,135.49,133.51,128.759,106.417,9.23722,11.4448,88.5,6.28,90.506,341.461,511.176
1981-04-06,134.51,132.59,129.24,106.597,9.093,11.2745,89.1,6.31667,89.9325,337.012,504.061
1981-04-13,134.7,131.58,129.607,106.77,9.10584,11.2905,89.1,6.31667,90.1408,337.793,504.773
1981-04-20,135.14,132.72,130.035,106.94,9.13559,11.3273,89.1,6.31667,90.5165,339.201,506.422
1981-04-27,132.72,131.43,130.408,107.103,8.97199,11.1245,89.1,6.31667,88.977,333.431,497.354
1981-05-04,131.66,128.93,130.633,107.263,8.81581,10.9399,89.8,6.35333,88.3482,328.495,489.535
1981-05-11,132.17,128.78,130.862,107.423,8.84995,10.9823,89.8,6.35333,88.7724,330.072,491.432
1981-05-18,131.33,130.42,131.13,107.571,8.79371,10.9125,89.8,6.35333,88.2903,328.279,488.308
1981-05-26,132.59,130.64,131.316,107.74,8.87808,11.0172,89.8,6.35333,89.2195,331.734,492.993
1981-06-01,132.22,128.77,131.499,107.907,8.76004,10.8797,90.6,6.39,89.0532,328.192,487.277
1981-06-08,133.49,130.94,131.692,108.085,8.84418,10.9842,90.6,6.39,89.9914,331.65,491.957
1981-06-15,132.27,130.49,131.917,108.259,8.76335,10.8838,90.6,6.39,89.2518,328.924,487.461
1981-06-22,132.56,131.1,132.121,108.441,8.78257,10.9077,90.6,6.39,89.5304,329.951,488.53
1981-06-29,128.64,127.84,132.211,108.597,8.52285,10.5851,90.6,6.39,86.9658,320.499,474.083
1981-07-06,129.37,126.39,132.192,108.762,8.46298,10.5207,91.6,6.43333,87.543,319.104,471.568
1981-07-13,130.76,128.14,132.273,108.934,8.55391,10.6337,91.6,6.43333,88.5673,322.838,476.635
1981-07-20,128.46,125.96,132.237,109.101,8.40345,10.4467,91.6,6.43333,87.0932,317.465,468.251
1981-07-27,130.92,128.28,132.198,109.273,8.56438,10.6467,91.6,6.43333,88.8449,323.85,477.218
1981-08-03,131.75,129.42,132.182,109.452,8.53915,10.6255,92.3,6.47667,89.4927,323.737,476.602
1981-08-10,132.49,130.83,132.274,109.646,8.58712,10.6852,92.3,6.47667,90.08,325.862,479.279
1981-08-17,129.23,128.7,132.323,109.831,8.37583,10.4223,92.3,6.47667,87.9482,318.15,467.486
1981-08-24,124.08,122.85,132.172,109.988,8.04204,10.0069,92.3,6.47667,84.5281,305.778,448.856
1981-08-31,120.07,119.24,131.774,110.131,7.78214,9.68352,92.3,6.47667,81.8812,296.203,434.35
1981-09-08,121.61,116.85,131.379,110.259,7.79328,9.7107,93.2,6.52,83.0169,297.411,435.672
1981-09-14,116.26,115.18,130.885,110.363,7.45043,9.2835,93.2,6.52,79.4503,284.634,416.506
1981-09-21,112.77,111.64,130.472,110.444,7.22678,9.00482,93.2,6.52,77.151,276.396,404.003
1981-09-28,119.36,110.19,130.145,110.567,7.64909,9.53104,93.2,6.52,81.7453,292.855,427.612
1981-10-05,121.45,118.08,129.796,110.706,7.75449,9.6752,93.4,6.55667,83.263,297.654,434.167
1981-10-12,119.19,118.01,129.4,110.835,7.61019,9.49516,93.4,6.55667,81.8,292.424,426.088
1981-10-19,118.6,117.58,128.999,110.955,7.57252,9.44816,93.4,6.55667,81.4816,291.286,423.979
1981-10-26,121.89,116.81,128.642,111.089,7.78259,9.71025,93.4,6.55667,83.8286,299.676,435.74
1981-11-02,122.67,121.85,128.452,111.244,7.79614,9.73892,93.7,6.59333,84.4522,300.939,437.125
1981-11-09,121.67,121.06,128.266,111.404,7.73258,9.65953,93.7,6.59333,83.8511,298.797,433.561
1981-11-16,121.71,119.13,128.065,111.563,7.73512,9.6627,93.7,6.59333,83.966,299.206,433.704
1981-11-23,125.09,120.76,127.965,111.745,7.94993,9.93104,93.7,6.59333,86.3853,307.827,445.748
1981-11-30,126.26,123.63,127.926,111.929,8.02429,10.0239,93.7,6.59333,87.2809,311.018,449.917
1981-12-07,124.93,123.52,127.833,112.103,7.90405,9.88531,94,6.63,86.4496,307.073,443.757
1981-12-14,124,121.73,127.644,112.283,7.84522,9.81173,94,6.63,85.8943,305.101,440.454
1981-12-21,122.54,121.57,127.475,112.453,7.75284,9.6962,94,6.63,84.9713,301.822,435.268
1981-12-28,122.55,121.04,127.24,112.629,7.75348,9.69699,94,6.63,85.0666,302.161,435.303
1982-01-04,119.55,117.7,126.867,112.782,7.53039,9.43133,94.3,6.66,83.0731,294.141,423.296
1982-01-11,116.33,114.07,126.377,112.913,7.32756,9.1773,94.3,6.66,80.9246,286.533,411.895
1982-01-18,115.38,114.29,125.905,113.043,7.26772,9.10236,94.3,6.66,80.3528,284.509,408.531
1982-01-25,120.4,113.63,125.488,113.199,7.58393,9.49839,94.3,6.66,83.938,297.203,426.306
1982-02-01,117.26,114.88,125.055,113.334,7.35494,9.22598,94.6,6.69,81.8386,288.851,413.871
1982-02-08,114.38,112.82,124.56,113.442,7.1743,8.99938,94.6,6.69,79.9184,282.074,403.706
1982-02-16,113.22,112.06,124.212,113.536,7.10154,8.90811,94.6,6.69,79.1978,279.53,399.612
1982-02-22,113.11,110.03,123.754,113.617,7.09464,8.89946,94.6,6.69,79.2108,279.576,399.224
1982-03-01,109.34,108.31,123.235,113.682,6.85909,8.61911,94.5,6.72,76.6612,270.864,386.326
1982-03-08,108.61,104.46,122.637,113.734,6.81329,8.56156,94.5,6.72,76.24,269.375,383.747
1982-03-15,110.61,107.47,122.094,113.797,6.93875,8.71922,94.5,6.72,77.7346,274.656,390.813
1982-03-22,111.94,110.71,121.604,113.873,7.02219,8.82406,94.5,6.72,78.7602,278.28,395.512
1982-03-29,115.12,110.9,121.11,113.958,7.22167,9.07474,94.5,6.72,81.0885,286.506,406.748
1982-04-05,116.22,113.7,120.768,114.04,7.25408,9.12948,94.9,6.75,81.9548,288.346,408.904
1982-04-12,116.81,114.8,120.381,114.137,7.29091,9.17582,94.9,6.75,82.4623,290.132,410.98
1982-04-19,118.64,114.83,120.091,114.251,7.40513,9.31958,94.9,6.75,83.8459,295,417.418
1982-04-26,116.44,116.07,119.78,114.355,7.26781,9.14676,94.9,6.75,82.3828,289.853,409.678
1982-05-03,119.47,115.91,119.519,114.478,7.38231,9.30541,95.8,6.78,84.6188,294.923,416.39
1982-05-10,118.01,118.01,119.251,114.58,7.2921,9.1917,95.8,6.78,83.6771,291.64,411.301
1982-05-17,114.89,114.37,118.846,114.666,7.09931,8.94868,95.8,6.78,81.5572,284.252,400.427
1982-05-24,111.88,111.66,118.355,114.725,6.91331,8.71423,95.8,6.78,79.5131,277.128,389.936
1982-06-01,110.09,110.02,117.962,114.756,6.71593,8.48154,97,6.81,78.334,269.641,378.951
1982-06-07,111.24,108.53,117.533,114.793,6.78608,8.57014,97,6.81,79.2455,272.778,382.909
1982-06-14,107.28,107.07,117.165,114.805,6.5445,8.26506,97,6.81,76.5177,263.389,369.278
1982-06-21,109.14,107.01,116.899,114.827,6.65797,8.40835,97,6.81,77.9378,268.277,375.681
1982-06-28,107.65,107.6,116.641,114.846,6.56708,8.29356,97,6.81,76.9673,264.936,370.552
1982-07-06,108.83,105.57,116.466,114.857,6.60406,8.35653,97.5,6.82333,77.9048,266.788,372.693
1982-07-12,111.07,108.89,116.344,114.891,6.73999,8.52853,97.5,6.82333,79.6022,272.601,380.363
1982-07-19,111.17,110.35,116.142,114.938,6.74606,8.53621,97.5,6.82333,79.7679,273.168,380.706
1982-07-26,107.09,106.62,115.831,114.961,6.49848,8.22292,97.5,6.82333,76.9345,263.465,366.734
1982-08-02,103.71,103.67,115.499,114.962,6.28067,7.96284,97.7,6.83667,74.6008,254.95,354.432
1982-08-09,103.85,102.2,115.097,114.958,6.28915,7.97359,97.7,6.83667,74.796,255.618,354.91
1982-08-16,113.02,103.86,114.743,115.033,6.84448,8.67766,97.7,6.83667,81.4952,278.512,386.249
1982-08-23,117.11,112.65,114.591,115.146,7.09217,8.99169,97.7,6.83667,84.5392,288.915,400.227
1982-08-30,122.68,115.79,114.551,115.278,7.42949,9.41935,97.7,6.83667,88.655,302.981,419.262
1982-09-07,120.97,120.27,114.546,115.409,7.3124,9.2841,97.9,6.85,87.5145,298.472,412.574
1982-09-13,122.55,120.25,114.494,115.55,7.40791,9.40536,97.9,6.85,88.7528,302.696,417.962
1982-09-20,123.32,121.48,114.452,115.687,7.45445,9.46445,97.9,6.85,89.4058,304.923,420.589
1982-09-27,121.97,120.14,114.412,115.816,7.37285,9.36084,97.9,6.85,88.5226,301.91,415.984
1982-10-04,131.05,120.56,114.481,115.988,7.90037,10.0413,98.2,6.85667,95.2083,323.72,445.587
1982-10-11,133.57,131.06,114.793,116.179,8.05229,10.2344,98.2,6.85667,97.1349,330.271,454.155
1982-10-18,138.83,133.59,115.243,116.392,8.36939,10.6375,98.2,6.85667,101.056,343.603,472.04
1982-10-25,133.72,131.5,115.696,116.58,8.06133,10.2459,98.2,6.85667,97.4323,331.282,454.665
1982-11-01,142.16,133.22,116.297,116.795,8.59288,10.9316,98,6.86333,103.678,353.238,484.349
1982-11-08,139.53,139.53,116.898,116.993,8.43391,10.7294,98,6.86333,101.856,347.031,475.388
1982-11-15,137.02,134.05,117.397,117.179,8.2822,10.5364,98,6.86333,100.12,341.117,466.836
1982-11-22,134.88,132.89,117.789,117.345,8.15284,10.3718,98,6.86333,98.6531,336.118,459.545
1982-11-29,138.69,133.69,118.388,117.54,8.38314,10.6648,98,6.86333,101.536,345.941,472.526
1982-12-06,139.57,138.01,119.103,117.749,8.47807,10.7952,97.6,6.87,102.277,349.894,477.473
1982-12-13,137.49,134.79,119.75,117.943,8.35172,10.6343,97.6,6.87,100.85,345.011,470.357
1982-12-20,139.72,136.07,120.342,118.153,8.48718,10.8068,97.6,6.87,102.583,350.938,477.986
1982-12-27,140.64,139.72,121.134,118.371,8.54306,10.8779,97.6,6.87,103.355,353.581,481.134
1983-01-03,145.18,138.08,121.879,118.599,8.81019,11.2266,97.8,6.88333,106.789,364.58,495.649
1983-01-10,146.65,144.58,122.726,118.829,8.89939,11.3403,97.8,6.88333,107.967,368.604,500.668
1983-01-17,143.85,143.25,123.484,119.04,8.72948,11.1237,97.8,6.88333,106.003,361.899,491.109
1983-01-24,144.51,139.1,124.139,119.255,8.76953,11.1748,97.8,6.88333,106.587,363.892,493.362
1983-01-31,146.14,141.9,124.83,119.47,8.86844,11.3008,97.8,6.88333,107.887,368.33,498.927
1983-02-07,147.65,144.09,125.559,119.698,8.96209,11.4279,97.9,6.89667,109.1,372.09,503.567
1983-02-14,148,143.84,126.309,119.932,8.98333,11.4549,97.9,6.89667,109.456,373.306,504.761
1983-02-22,149.74,145.4,126.891,120.172,9.08895,11.5896,97.9,6.89667,110.841,378.03,510.695
1983-02-28,153.67,147.81,127.783,120.436,9.32749,11.8938,97.9,6.89667,113.849,388.286,524.099
1983-03-07,151.24,150.65,128.738,120.7,9.19271,11.7281,97.9,6.91,112.147,382.482,515.811
1983-03-14,149.9,149.12,129.707,120.95,9.11126,11.6242,97.9,6.91,111.252,379.429,511.241
1983-03-21,152.67,149.32,130.763,121.212,9.27963,11.839,97.9,6.91,113.406,386.777,520.688
1983-03-28,152.96,151.42,131.631,121.481,9.29726,11.8615,97.9,6.91,113.72,387.848,521.677
1983-04-04,152.85,150.17,132.72,121.738,9.23844,11.7909,98.6,6.92,113.737,385.153,517.601
1983-04-11,158.75,152.87,133.904,122.021,9.59504,12.246,98.6,6.92,118.227,400.355,537.58
1983-04-18,160.42,158.41,135.209,122.31,9.69598,12.3749,98.6,6.92,119.57,404.902,543.236
1983-04-25,164.43,158.07,136.502,122.618,9.93835,12.6842,98.6,6.92,122.658,415.359,556.815
1983-05-02,166.1,160.8,137.811,122.93,9.9948,12.7589,99.2,6.93,124.003,417.375,559.068
1983-05-09,164.91,163.82,139.228,123.243,9.9232,12.6675,99.2,6.93,123.214,414.719,555.063
1983-05-16,162.14,161.25,140.642,123.545,9.75652,12.4547,99.2,6.93,121.244,408.089,545.739
1983-05-23,164.46,160.29,142.193,123.851,9.89612,12.6329,99.2,6.93,123.078,414.263,553.548
1983-05-31,164.42,161.33,143.306,124.153,9.89371,12.6298,99.2,6.93,123.148,414.498,553.413
1983-06-06,162.68,160.8,144.47,124.435,9.77656,12.4819,99.5,6.94,121.945,409.21,545.906
1983-06-13,169.13,162.7,145.685,124.739,10.1642,12.9768,99.5,6.94,126.88,425.771,567.55
1983-06-20,170.41,168.25,146.897,125.048,10.2411,13.075,99.5,6.94,127.94,429.329,571.845
1983-06-27,168.64,165.43,148.002,125.345,10.1347,12.9392,99.5,6.94,126.711,425.206,565.906
1983-07-05,167.08,165.8,148.875,125.642,10.0193,12.793,99.9,6.96,125.64,419.922,558.426
1983-07-11,164.29,164.03,149.961,125.919,9.85197,12.5794,99.9,6.96,123.642,413.246,549.101
1983-07-18,168.89,163.3,151.039,126.211,10.1278,12.9316,99.9,6.96,127.205,425.153,564.476
1983-07-25,162.56,161.5,151.859,126.478,9.74822,12.4469,99.9,6.96,122.538,409.556,543.319
1983-08-01,161.74,159.63,152.486,126.73,9.68852,12.3724,100.2,6.98,122.021,406.607,538.96
1983-08-08,162.16,158.5,153.132,127.018,9.71368,12.4045,100.2,6.98,122.439,408,540.359
1983-08-15,163.98,162.22,153.774,127.33,9.8227,12.5437,100.2,6.98,123.915,412.917,546.424
1983-08-22,162.14,159.96,154.288,127.638,9.71248,12.4029,100.2,6.98,122.626,408.622,540.293
1983-08-29,165,160.97,154.939,127.951,9.8838,12.6217,100.2,6.98,124.891,416.168,549.823
1983-09-06,166.92,165.03,155.602,128.278,9.96748,12.7285,100.7,7,126.446,419.258,553.459
1983-09-12,166.25,164.17,156.307,128.59,9.92747,12.6774,100.7,7,126.04,417.913,551.238
1983-09-19,169.51,166.26,157.005,128.914,10.1221,12.926,100.7,7,128.614,426.446,562.047
1983-09-26,166.07,165.63,157.767,129.214,9.91673,12.6637,100.7,7,126.106,418.131,550.641
1983-10-03,170.8,164.93,158.517,129.53,10.1883,13.0097,101,7.03,129.8,429.102,564.642
1983-10-10,169.86,169.13,159.253,129.835,10.1322,12.9381,101,7.03,129.189,427.08,561.534
1983-10-17,165.95,164.98,159.882,130.127,9.899,12.6402,101,7.03,126.318,417.589,548.609
1983-10-24,163.37,163.23,160.354,130.404,9.7451,12.4437,101,7.03,124.457,411.437,540.079
1983-10-31,162.44,162.22,160.801,130.684,9.68963,12.3729,101,7.03,123.851,409.435,537.005
1983-11-07,166.29,161.63,161.332,130.966,9.9186,12.6645,101.2,7.06,126.89,418.653,548.646
1983-11-14,165.09,164.5,161.869,131.236,9.84702,12.5731,101.2,7.06,126.078,415.973,544.687
1983-11-21,167.18,165,162.279,131.504,9.97168,12.7323,101.2,7.06,127.778,421.582,551.582
1983-11-28,165.44,165.25,162.744,131.755,9.8679,12.5998,101.2,7.06,126.552,417.536,545.842
1983-12-05,165.08,164.5,163.183,131.991,9.85561,12.5829,101.3,7.09,126.381,416.56,544.116
1983-12-12,162.39,161.58,163.48,132.226,9.69501,12.3779,101.3,7.09,124.426,410.116,535.25
1983-12-19,163.22,161.64,163.749,132.467,9.74456,12.4411,101.3,7.09,125.166,412.557,537.986
1983-12-27,164.93,163.22,164.041,132.723,9.84665,12.5715,101.3,7.09,126.582,417.224,543.622
1984-01-03,169.28,163.98,164.363,133.035,10.0662,12.8494,101.9,7.12,130.026,426.051,554.674
1984-01-09,167.02,166.64,164.745,133.343,9.9318,12.6778,101.9,7.12,128.395,420.707,547.269
1984-01-16,166.21,165.87,165.121,133.662,9.88363,12.6163,101.9,7.12,127.877,419.012,544.615
1984-01-23,163.94,163.07,165.347,133.979,9.74865,12.444,101.9,7.12,126.236,413.634,537.177
1984-01-30,160.91,160.82,165.423,134.272,9.56847,12.214,101.9,7.12,124.009,406.335,527.249
1984-02-06,156.3,154.3,165.318,134.535,9.26525,11.8267,102.4,7.15,120.562,393.112,509.643
1984-02-13,155.74,154.13,165.134,134.811,9.23206,11.7844,102.4,7.15,120.236,392.049,507.817
1984-02-21,157.51,152.13,164.924,135.073,9.33698,11.9183,102.4,7.15,121.708,396.851,513.588
1984-02-27,159.24,156.41,164.779,135.341,9.43953,12.0492,102.4,7.15,123.152,401.556,519.229
1984-03-05,154.35,153.77,164.574,135.589,9.14602,11.6739,102.6,7.18,119.477,388.814,502.303
1984-03-12,159.27,154.35,164.412,135.849,9.43755,12.046,102.6,7.18,123.392,401.555,518.314
1984-03-19,156.86,156.02,164.281,136.08,9.29475,11.8637,102.6,7.18,121.632,395.827,510.472
1984-03-26,159.18,156.31,164.097,136.32,9.43222,12.0392,102.6,7.18,123.538,402.03,518.021
1984-04-02,155.48,154.12,163.764,136.531,9.18047,11.7168,103.1,7.22333,120.774,391.13,503.527
1984-04-09,157.31,154.17,163.477,136.739,9.28852,11.8547,103.1,7.22333,122.303,396.083,509.453
1984-04-16,158.02,156.49,163.286,136.958,9.33044,11.9082,103.1,7.22333,122.963,398.221,511.753
1984-04-23,159.89,156.61,163.094,137.178,9.44086,12.0491,103.1,7.22333,124.527,403.283,517.809
1984-04-30,159.11,158.93,162.957,137.386,9.3948,11.9903,103.1,7.22333,124.027,401.666,515.283
1984-05-07,158.49,157.42,162.742,137.589,9.34325,11.9233,103.4,7.26667,123.653,399.292,511.786
1984-05-14,155.78,155.24,162.614,137.758,9.18349,11.7194,103.4,7.26667,121.648,392.817,503.035
1984-05-21,151.62,150.8,162.416,137.912,8.93825,11.4064,103.4,7.26667,118.508,382.679,489.601
1984-05-29,153.24,148.68,162.166,138.072,9.03375,11.5283,103.4,7.26667,119.884,387.121,494.833
1984-06-04,155.17,153.24,161.952,138.23,9.13201,11.6532,103.7,7.31,121.504,391.216,499.615
1984-06-11,149.03,149.02,161.675,138.347,8.77066,11.1921,103.7,7.31,116.806,376.09,479.846
1984-06-18,154.46,148.53,161.351,138.489,9.09022,11.5999,103.7,7.31,121.172,390.148,497.329
1984-06-25,153.18,151.3,161.038,138.643,9.01489,11.5037,103.7,7.31,120.278,387.27,493.208
1984-07-02,152.24,151.63,160.74,138.78,8.93521,11.4016,104.1,7.33333,119.651,383.77,488.298
1984-07-09,150.88,149.63,160.3,138.906,8.85539,11.2998,104.1,7.33333,118.693,380.697,483.936
1984-07-16,149.55,149.07,159.911,139.008,8.77733,11.2002,104.1,7.33333,117.757,377.697,479.67
1984-07-23,151.19,147.26,159.377,139.132,8.87358,11.323,104.1,7.33333,119.16,382.195,484.93
1984-07-30,162.35,149.65,159.03,139.297,9.52858,12.1588,104.1,7.33333,128.067,410.763,520.725
1984-08-06,165.42,160.81,158.966,139.473,9.68277,12.3509,104.5,7.35667,130.6,417.285,528.541
1984-08-13,164.14,162.75,158.967,139.636,9.60784,12.2553,104.5,7.35667,129.701,414.413,524.451
1984-08-20,167.51,163.76,159.072,139.824,9.80511,12.5069,104.5,7.35667,132.476,423.279,535.218
1984-08-27,166.68,165.78,159.099,140.02,9.75652,12.4449,104.5,7.35667,131.931,421.539,532.567
1984-09-04,164.37,163.84,159.075,140.196,9.58644,12.2229,105,7.38,130.215,414.075,522.685
1984-09-10,168.78,163.06,159.05,140.354,9.84365,12.5508,105,7.38,133.821,425.542,536.708
1984-09-17,165.67,165.66,159.088,140.487,9.66226,12.3196,105,7.38,131.468,418.058,526.819
1984-09-24,166.1,164.45,159.119,140.615,9.68734,12.3516,105,7.38,131.922,419.502,528.186
1984-10-01,162.68,162.2,159.14,140.758,9.47164,12.0721,105.3,7.43,129.319,410.053,515.837
1984-10-08,164.18,160.02,159.096,140.933,9.55897,12.1834,105.3,7.43,130.625,414.194,520.593
1984-10-15,167.96,163.71,159.08,141.104,9.77905,12.4639,105.3,7.43,133.746,424.091,532.579
1984-10-22,165.29,164.93,159.05,141.248,9.6236,12.2657,105.3,7.43,131.734,417.71,524.113
1984-10-29,167.42,164.67,159.034,141.403,9.74761,12.4238,105.3,7.43,133.545,423.454,530.867
1984-11-05,167.6,167.33,159.137,141.574,9.76774,12.4452,105.3,7.48,133.803,424.273,531.438
1984-11-12,164.1,164.09,159.217,141.721,9.56376,12.1853,105.3,7.48,131.124,415.777,520.34
1984-11-19,166.92,163.03,159.37,141.904,9.72811,12.3947,105.3,7.48,133.492,423.287,529.281
1984-11-26,163.58,162.99,159.59,142.074,9.53345,12.1467,105.3,7.48,130.936,415.182,518.691
1984-12-03,162.26,161.76,159.775,142.233,9.4644,12.0557,105.3,7.53,129.996,412.199,514.505
1984-12-10,162.69,161.54,159.887,142.411,9.48948,12.0877,105.3,7.53,130.456,413.659,515.869
1984-12-17,165.51,162.44,160.149,142.606,9.65397,12.2972,105.3,7.53,132.833,421.197,524.811
1984-12-24,166.26,165.5,160.339,142.781,9.69771,12.3529,105.3,7.53,133.552,423.475,527.189
1984-12-31,163.68,163.36,160.47,142.95,9.54722,12.1612,105.3,7.53,131.595,417.272,519.008
1985-01-07,167.91,163.68,160.682,143.124,9.78203,12.4559,105.5,7.57333,135.113,427.615,531.411
1985-01-14,171.32,167.58,160.995,143.31,9.98069,12.7089,105.5,7.57333,137.975,436.67,542.203
1985-01-21,177.35,171.31,161.521,143.524,10.332,13.1562,105.5,7.57333,142.948,452.411,561.288
1985-01-28,178.63,176.56,162.041,143.739,10.4066,13.2511,105.5,7.57333,144.097,456.047,565.339
1985-02-04,182.19,177.75,162.609,143.978,10.5698,13.4526,106,7.61667,147.087,463.314,573.886
1985-02-11,181.6,179.45,163.127,144.212,10.5355,13.4091,106,7.61667,146.729,462.186,572.027
1985-02-19,179.36,179.23,163.542,144.433,10.4056,13.2437,106,7.61667,145.038,456.858,564.971
1985-02-25,183.23,178.13,164.109,144.686,10.6301,13.5294,106,7.61667,148.286,467.089,577.162
1985-03-04,179.1,179.07,164.757,144.923,10.3559,13.1757,106.4,7.66,145.062,455.218,562.031
1985-03-11,176.53,176.53,165.441,145.145,10.2073,12.9867,106.4,7.66,143.1,449.061,553.967
1985-03-18,179.04,176.53,166.055,145.383,10.3524,13.1713,106.4,7.66,145.254,455.82,561.843
1985-03-25,180.66,177.85,166.721,145.624,10.4461,13.2905,106.4,7.66,146.688,460.32,566.927
1985-04-01,179.03,178.29,167.28,145.858,10.3067,13.1091,106.9,7.68667,145.485,454.408,559.184
1985-04-08,180.54,177.86,167.925,146.093,10.3937,13.2197,106.9,7.68667,146.832,458.616,563.9
1985-04-15,181.11,180.19,168.626,146.337,10.4265,13.2614,106.9,7.68667,147.416,460.439,565.681
1985-04-22,182.18,180.25,169.382,146.585,10.4881,13.3398,106.9,7.68667,148.407,463.535,569.023
1985-04-29,180.08,178.35,170.089,146.842,10.3672,13.186,106.9,7.68667,146.817,458.568,562.464
1985-05-06,184.28,179.82,170.901,147.117,10.5725,13.4432,107.3,7.71333,150.362,467.89,573.436
1985-05-13,187.42,183.65,171.711,147.4,10.7527,13.6723,107.3,7.71333,153.045,476.239,583.207
1985-05-20,188.29,187.29,172.355,147.699,10.8026,13.7358,107.3,7.71333,153.876,478.827,585.914
1985-05-28,189.55,187.09,172.829,147.993,10.8749,13.8277,107.3,7.71333,155.027,482.408,589.835
1985-06-03,189.68,188.88,173.441,148.282,10.8547,13.7982,107.6,7.74,155.255,481.771,588.594
1985-06-10,187.1,185.03,173.956,148.555,10.707,13.6105,107.6,7.74,153.265,475.596,580.588
1985-06-17,189.61,185.97,174.5,148.857,10.8507,13.7931,107.6,7.74,155.443,482.355,588.377
1985-06-24,191.85,187.84,175.132,149.196,10.9789,13.956,107.6,7.74,157.402,488.432,595.328
1985-07-01,192.52,191.17,175.613,149.558,10.9987,13.9779,107.8,7.77333,158.074,489.608,596.299
1985-07-08,193.29,190.81,176.269,149.917,11.0427,14.0338,107.8,7.77333,158.829,491.947,598.683
1985-07-15,195.13,192.55,177.013,150.311,11.1478,14.1674,107.8,7.77333,160.464,497.01,604.383
1985-07-22,192.4,190.66,177.771,150.709,10.9919,13.9692,107.8,7.77333,158.342,490.437,595.927
1985-07-29,191.48,189.3,178.432,151.07,10.9393,13.9024,107.8,7.77333,157.708,488.473,593.077
1985-08-05,188.32,187.39,178.961,151.404,10.7399,13.6476,108,7.80667,155.229,479.905,582.21
1985-08-12,186.1,186.1,179.493,151.739,10.6133,13.4868,108,7.80667,153.523,474.63,575.346
1985-08-19,187.17,186.1,179.969,152.082,10.6744,13.5643,108,7.80667,154.529,477.742,578.654
1985-08-26,188.63,186.46,180.5,152.415,10.7576,13.6701,108,7.80667,155.858,481.851,583.168
1985-09-03,188.24,186.89,180.967,152.743,10.7067,13.6058,108.3,7.84,155.661,479.907,580.35
1985-09-09,182.91,182.05,181.46,153.049,10.4036,13.2206,108.3,7.84,151.378,466.703,563.918
1985-09-16,182.05,180.78,181.938,153.351,10.3546,13.1584,108.3,7.84,150.791,464.893,561.266
1985-09-23,181.29,179.45,182.328,153.632,10.3114,13.1035,108.3,7.84,150.286,463.338,558.923
1985-09-30,183.22,181.22,182.827,153.917,10.4212,13.243,108.3,7.84,152.011,468.656,564.873
1985-10-07,184.28,181.16,183.233,154.214,10.4437,13.2722,108.7,7.86,153.016,470.018,566.051
1985-10-14,187.04,184.28,183.762,154.529,10.6001,13.4709,108.7,7.86,155.433,477.443,574.529
1985-10-21,187.52,186.79,184.336,154.854,10.6273,13.5055,108.7,7.86,155.958,479.054,576.003
1985-10-28,191.53,186.93,184.822,155.199,10.8546,13.7943,108.7,7.86,159.419,489.684,588.32
1985-11-04,193.72,190.66,185.255,155.569,10.9509,13.9151,109,7.88,161.368,494.307,593.41
1985-11-11,198.11,193.7,185.739,155.978,11.1991,14.2304,109,7.88,165.151,505.895,606.857
1985-11-18,201.52,197.51,186.226,156.409,11.3919,14.4753,109,7.88,168.12,514.99,617.303
1985-11-25,202.17,200.08,186.622,156.818,11.4286,14.522,109,7.88,168.788,517.038,619.294
1985-12-02,202.99,200.1,187.15,157.247,11.4475,14.5425,109.3,7.9,169.6,518.098,620.099
1985-12-09,209.94,202.98,187.8,157.724,11.8394,15.0404,109.3,7.9,175.533,536.224,641.33
1985-12-16,210.94,209.24,188.529,158.213,11.8958,15.112,109.3,7.9,176.497,539.167,644.385
1985-12-23,209.61,206.44,189.115,158.695,11.8208,15.0167,109.3,7.9,175.511,536.155,640.322
1985-12-30,210.88,208.93,189.773,159.203,11.8924,15.1077,109.3,7.9,176.702,539.792,644.202
1986-01-06,205.96,204.51,190.526,159.69,11.589,14.7191,109.6,7.94,172.707,526.145,627.45
1986-01-13,208.43,205.52,191.215,160.179,11.7279,14.8956,109.6,7.94,174.906,532.845,634.975
1986-01-20,206.43,202.6,191.883,160.651,11.6154,14.7527,109.6,7.94,173.356,528.123,628.882
1986-01-27,211.78,206.43,192.604,161.135,11.9164,15.135,109.6,7.94,177.977,542.201,645.18
1986-02-03,214.56,210.82,193.408,161.626,12.1149,15.381,109.3,7.98,180.442,551.22,655.443
1986-02-10,219.76,214.47,194.313,162.141,12.4085,15.7538,109.3,7.98,184.944,564.973,671.329
1986-02-18,224.62,219.22,195.159,162.671,12.683,16.1022,109.3,7.98,189.164,577.862,686.175
1986-02-24,226.92,222.63,196.211,163.223,12.8128,16.267,109.3,7.98,191.23,584.174,693.201
1986-03-03,225.57,222.18,197.151,163.754,12.8069,16.2499,108.8,8.02,190.222,583.766,692.244
1986-03-10,236.55,225.36,198.254,164.347,13.4303,17.0409,108.8,8.02,199.612,612.581,725.94
1986-03-17,233.34,233.29,199.399,164.939,13.2481,16.8097,108.8,8.02,197.033,604.668,716.089
1986-03-24,238.97,232.92,200.334,165.574,13.5677,17.2152,108.8,8.02,201.917,619.657,733.367
1986-03-31,228.69,228.32,201.519,166.167,12.9841,16.4747,108.8,8.02,193.361,593.4,701.819
1986-04-07,235.97,226.3,202.652,166.791,13.4369,17.0373,108.6,8.04667,199.648,613.82,725.494
1986-04-14,242.38,235.43,203.877,167.467,13.8019,17.5002,108.6,8.04667,205.202,630.897,745.201
1986-04-21,242.29,240.08,205.146,168.132,13.7968,17.4937,108.6,8.04667,205.257,631.065,744.925
1986-04-28,234.79,234.15,206.245,168.768,13.3697,16.9521,108.6,8.04667,199.034,611.934,721.866
1986-05-05,237.85,233.98,207.335,169.413,13.5231,17.1339,108.9,8.07333,201.76,618.605,729.259
1986-05-12,232.76,232.26,208.454,170.022,13.2337,16.7673,108.9,8.07333,197.574,605.77,713.653
1986-05-19,241.35,232.41,209.636,170.672,13.7221,17.3861,108.9,8.07333,204.997,628.531,739.99
1986-05-27,247.35,241.35,210.809,171.374,14.0632,17.8183,108.9,8.07333,210.225,644.56,758.387
1986-06-02,245.67,242.59,212.262,172.084,13.9096,17.6089,109.5,8.1,208.93,637.078,749.108
1986-06-09,245.73,238.23,213.606,172.793,13.913,17.6132,109.5,8.1,209.113,637.638,749.291
1986-06-16,247.58,242.57,215.033,173.466,14.0178,17.7458,109.5,8.1,210.82,642.842,754.932
1986-06-23,249.6,244.45,216.552,174.128,14.1322,17.8906,109.5,8.1,212.673,648.492,761.092
1986-06-30,251.79,249.6,217.935,174.774,14.2561,18.0476,109.5,8.1,214.672,654.586,767.77
1986-07-07,242.22,239.07,219.433,175.38,13.7345,17.3734,109.5,8.14333,206.646,630.114,738.589
1986-07-14,236.36,233.6,220.763,175.949,13.4023,16.9531,109.5,8.14333,201.78,615.277,720.72
1986-07-21,240.22,235.53,222.15,176.534,13.6211,17.23,109.5,8.14333,205.209,625.733,732.49
1986-07-28,234.91,233.07,223.404,177.098,13.32,16.8491,109.5,8.14333,200.807,612.309,716.299
1986-08-04,236.88,231.92,224.629,177.627,13.4274,16.9704,109.7,8.18667,202.625,616.728,720.989
1986-08-11,247.15,236.87,226.029,178.195,14.0095,17.7062,109.7,8.18667,211.545,643.876,752.247
1986-08-18,250.19,245.48,227.458,178.752,14.1819,17.924,109.7,8.18667,214.282,652.206,761.5
1986-08-25,252.93,247.76,228.862,179.348,14.3372,18.1203,109.7,8.18667,216.763,659.76,769.84
1986-09-02,250.47,247.59,229.904,179.89,14.1551,17.8763,110.2,8.23,214.791,650.789,758.893
1986-09-08,230.67,228.74,230.933,180.345,13.0361,16.4632,110.2,8.23,197.947,599.755,698.902
1986-09-15,232.21,228.32,231.681,180.821,13.1231,16.5731,110.2,8.23,199.404,604.17,703.568
1986-09-22,232.23,230.64,232.427,181.308,13.1243,16.5745,110.2,8.23,199.557,604.634,703.628
1986-09-29,233.71,228.08,232.993,181.783,13.2079,16.6802,110.2,8.23,200.965,608.9,708.113
1986-10-06,235.48,233.17,233.658,182.263,13.3173,16.8054,110.3,8.24667,202.623,613.368,712.829
1986-10-13,238.84,234.37,234.34,182.769,13.5074,17.0452,110.3,8.24667,205.651,622.533,723
1986-10-20,238.26,234.78,235.045,183.262,13.4746,17.0038,110.3,8.24667,205.288,621.434,721.244
1986-10-27,243.98,236.72,235.883,183.779,13.798,17.412,110.3,8.24667,210.353,636.767,738.559
1986-11-03,245.77,243.93,236.896,184.282,13.9109,17.5395,110.4,8.26333,212.034,641.272,743.304
1986-11-10,244.5,241.96,237.79,184.771,13.839,17.4488,110.4,8.26333,211.075,638.373,739.463
1986-11-17,245.86,235.51,238.479,185.281,13.916,17.5459,110.4,8.26333,212.386,642.339,743.576
1986-11-24,249.22,245.21,239.12,185.805,14.1062,17.7857,110.4,8.26333,215.426,651.532,753.738
1986-12-01,251.17,245.72,239.881,186.33,14.2308,17.9267,110.5,8.28,217.249,656.452,758.948
1986-12-08,247.35,247.02,240.486,186.828,14.0143,17.6541,110.5,8.28,214.083,646.884,747.406
1986-12-15,249.73,244.92,241.074,187.337,14.1492,17.824,110.5,8.28,216.281,653.525,754.597
1986-12-22,246.92,245.85,241.398,187.823,13.99,17.6234,110.5,8.28,213.985,646.588,746.106
1986-12-29,246.45,241.28,241.568,188.287,13.9633,17.5899,110.5,8.28,213.716,645.774,744.686
1987-01-05,258.73,246.45,242.063,188.824,14.5967,18.3683,111.2,8.3,224.503,674.1,776.871
1987-01-12,266.28,257.92,242.731,189.406,15.0226,18.9043,111.2,8.3,231.193,694.186,799.54
1987-01-19,270.1,264,243.677,189.993,15.2381,19.1755,111.2,8.3,234.648,704.561,811.01
1987-01-26,274.08,267.73,244.531,190.599,15.4627,19.4581,111.2,8.3,238.244,715.359,822.961
1987-02-02,280.04,273.16,245.431,191.235,15.7739,19.8255,111.6,8.32,243.564,728.712,837.843
1987-02-09,279.7,273.49,246.378,191.84,15.7547,19.8015,111.6,8.32,243.407,728.243,836.826
1987-02-17,285.48,279.7,247.359,192.465,16.0803,20.2107,111.6,8.32,248.577,743.709,854.119
1987-02-23,284.2,279.37,248.509,193.064,16.0082,20.1201,111.6,8.32,247.602,740.791,850.289
1987-03-02,290.66,282.3,249.833,193.687,16.33,20.4974,112.1,8.34,253.369,754.667,865.738
1987-03-09,289.89,287.12,250.982,194.311,16.2867,20.4431,112.1,8.34,252.838,753.084,863.444
1987-03-16,298.17,286.64,252.173,194.992,16.7519,21.0271,112.1,8.34,260.2,775.01,888.106
1987-03-23,296.13,296.06,253.635,195.65,16.6373,20.8832,112.1,8.34,258.559,770.125,882.03
1987-03-30,300.41,286.69,254.846,196.33,16.8777,21.185,112.1,8.34,262.436,781.673,894.778
1987-04-06,292.49,290.94,256.064,196.979,16.3751,20.5277,112.7,8.4,255.659,757.431,866.55
1987-04-13,286.91,275.67,256.719,197.568,16.0627,20.1361,112.7,8.4,250.922,743.399,850.019
1987-04-20,281.52,281.18,257.776,198.123,15.761,19.7578,112.7,8.4,246.35,729.852,834.05
1987-04-27,288.03,276.22,258.977,198.72,16.1254,20.2147,112.7,8.4,252.188,747.148,853.337
1987-05-04,293.37,286.39,260.382,199.352,16.399,20.5323,113.1,8.46,257.006,758.729,866.083
1987-05-11,287.43,287.11,261.767,199.967,16.067,20.1166,113.1,8.46,251.945,743.788,848.547
1987-05-18,282.16,277.01,262.892,200.534,15.7724,19.7478,113.1,8.46,247.468,730.572,832.989
1987-05-26,290.1,282.16,263.852,201.172,16.2162,20.3035,113.1,8.46,254.574,751.551,856.43
1987-06-01,293.45,286.93,264.969,201.83,16.3814,20.4838,113.5,8.52,257.658,757.974,863.267
1987-06-08,301.62,291.55,266.159,202.527,16.8375,21.0541,113.5,8.52,264.975,779.5,887.301
1987-06-15,306.97,301.62,267.495,203.242,17.1361,21.4276,113.5,8.52,269.819,793.75,903.039
1987-06-22,307.16,306.32,269.057,203.967,17.1468,21.4408,113.5,8.52,270.13,794.665,903.598
1987-06-29,305.63,302.53,270.53,204.671,17.0613,21.334,113.5,8.52,268.929,791.13,899.098
1987-07-06,308.37,304.23,272.355,205.378,17.2095,21.4909,113.8,8.56667,271.485,796.544,904.767
1987-07-13,314.59,305.49,274.341,206.12,17.5566,21.9244,113.8,8.56667,277.106,813.036,923.016
1987-07-20,309.27,306.1,276.201,206.818,17.2597,21.5536,113.8,8.56667,272.565,799.713,907.407
1987-07-27,318.66,308.61,278.17,207.581,17.7837,22.208,113.8,8.56667,280.985,824.419,934.958
1987-08-03,323,314.51,280.225,208.342,17.9708,22.4081,114.4,8.61333,284.958,831.691,942.721
1987-08-10,333.99,322.95,282.554,209.163,18.5823,23.1705,114.4,8.61333,294.8,860.416,974.797
1987-08-17,335.9,326.43,284.742,210.013,18.6885,23.303,114.4,8.61333,296.632,865.763,980.371
1987-08-24,327.04,327.03,286.9,210.831,18.1956,22.6884,114.4,8.61333,288.954,843.354,954.512
1987-08-31,316.7,316.53,288.933,211.602,17.6203,21.971,114.4,8.61333,279.965,817.117,924.334
1987-09-08,321.98,308.56,290.349,212.381,17.8575,22.2343,115,8.66,284.78,826.833,934.841
1987-09-14,314.86,313.45,292.001,213.13,17.4626,21.7426,115,8.66,278.629,808.976,914.169
1987-09-21,320.16,308.69,293.679,213.895,17.7566,22.1086,115,8.66,283.467,823.022,929.557
1987-09-28,328.07,320.16,295.583,214.708,18.1953,22.6548,115,8.66,290.618,843.784,952.523
1987-10-05,311.07,310.97,297.346,215.438,17.241,21.4412,115.3,8.71,275.707,798.408,900.815
1987-10-12,282.7,281.52,298.778,216.039,15.6686,19.4857,115.3,8.71,250.711,726.022,818.659
1987-10-19,248.22,216.46,298.479,216.464,13.7576,17.1091,115.3,8.71,220.281,637.902,718.81
1987-10-26,251.79,226.26,297.859,216.898,13.9554,17.3552,115.3,8.71,223.598,647.507,729.148
1987-11-02,250.41,242.78,297.41,217.304,13.891,17.2603,115.4,8.76,222.522,643.833,724.524
1987-11-09,245.64,237.64,296.666,217.697,13.6264,16.9315,115.4,8.76,218.433,632.002,710.722
1987-11-16,242,235.89,295.787,218.076,13.4245,16.6806,115.4,8.76,215.346,623.07,700.191
1987-11-23,240.34,240.34,295.124,218.458,13.3324,16.5662,115.4,8.76,214.018,619.23,695.388
1987-11-30,223.92,221.24,293.74,218.773,12.4215,15.4344,115.4,8.76,199.547,577.358,647.879
1987-12-07,235.32,223.92,292.515,219.168,13.0735,16.2307,115.4,8.81,209.857,607.189,680.863
1987-12-14,249.16,235.04,291.457,219.635,13.8424,17.1853,115.4,8.81,222.35,643.337,720.907
1987-12-21,252.03,247.01,290.677,220.108,14.0018,17.3833,115.4,8.81,225.063,651.185,729.211
1987-12-28,247.08,244.19,289.785,220.547,13.7268,17.0419,115.4,8.81,220.794,638.833,714.889
1988-01-04,243.4,242.95,288.698,220.992,13.5044,16.7489,115.7,8.85667,217.657,628.126,702.415
1988-01-11,252.05,240.46,287.529,221.456,13.9843,17.3441,115.7,8.85667,225.545,650.888,727.378
1988-01-18,246.5,240.17,286.247,221.905,13.6764,16.9622,115.7,8.85667,220.731,636.995,711.361
1988-01-25,257.07,246.5,285.381,222.394,14.2629,17.6896,115.7,8.85667,230.348,664.75,741.865
1988-02-01,250.96,250.34,284.511,222.871,13.9027,17.2241,116,8.90333,225.027,647.714,722.359
1988-02-08,257.63,247.82,283.772,223.373,14.2722,17.6819,116,8.90333,231.161,665.37,741.558
1988-02-16,261.61,256.57,283.124,223.891,14.4927,17.955,116,8.90333,234.886,676.092,753.014
1988-02-22,262.46,260.88,282.385,224.404,14.5398,18.0134,116,8.90333,235.803,678.731,755.461
1988-02-29,267.3,262.46,281.945,224.945,14.8079,18.3455,116,8.90333,240.305,691.69,769.392
1988-03-07,264.94,261.27,281.464,225.477,14.627,18.1001,116.5,8.95,238.338,683.084,759.326
1988-03-14,271.12,264.52,280.897,226.054,14.9682,18.5223,116.5,8.95,244.052,699.461,777.038
1988-03-21,258.51,258.12,280.12,226.588,14.272,17.6609,116.5,8.95,232.856,667.373,740.897
1988-03-28,258.89,256.07,279.224,227.116,14.293,17.6868,116.5,8.95,233.354,668.798,741.987
1988-04-04,269.43,255.68,278.114,227.688,14.8087,18.3046,117.1,9.04333,243.011,692.907,768.238
1988-04-11,259.77,255.97,277.123,228.241,14.2778,17.6483,117.1,9.04333,234.455,668.511,740.694
1988-04-18,260.14,254.71,275.903,228.77,14.2981,17.6735,117.1,9.04333,234.946,669.911,741.749
1988-04-25,261.33,259.97,274.725,229.311,14.3635,17.7543,117.1,9.04333,236.177,673.423,745.142
1988-05-02,257.48,257.03,273.477,229.837,14.1075,17.4187,117.5,9.13667,232.857,661.695,731.665
1988-05-09,256.78,252.32,272.037,230.366,14.0691,17.3713,117.5,9.13667,232.383,660.347,729.676
1988-05-16,253.02,248.85,270.428,230.884,13.8631,17.117,117.5,9.13667,229.139,651.13,718.991
1988-05-23,253.42,249.82,268.502,231.395,13.8851,17.144,117.5,9.13667,229.66,652.611,720.128
1988-05-31,266.45,253.42,267.169,231.915,14.599,18.0255,117.5,9.13667,241.628,686.619,757.155
1988-06-06,271.26,264.5,265.518,232.444,14.797,18.2459,118,9.23,246.151,696.508,767.557
1988-06-13,270.68,268.09,264.154,232.977,14.7654,18.2069,118,9.23,245.786,695.474,765.915
1988-06-20,273.78,267.52,263.071,233.509,14.9345,18.4154,118,9.23,248.762,703.895,774.687
1988-06-27,271.78,268.85,261.896,234.034,14.8254,18.2809,118,9.23,247.106,699.209,769.028
1988-07-05,270.02,269.31,261.014,234.562,14.6583,18.0503,118.5,9.30667,245.668,692.209,760.824
1988-07-11,272.05,266.12,259.731,235.079,14.7685,18.186,118.5,9.30667,247.678,697.872,766.544
1988-07-18,263.5,263.29,258.321,235.568,14.3043,17.6144,118.5,9.30667,240.057,676.398,742.453
1988-07-25,272.02,262.48,257.201,236.097,14.7668,18.184,118.5,9.30667,247.982,698.728,766.459
1988-08-01,271.15,270.08,257.498,236.64,14.6474,18.0137,119,9.38333,247.353,694.028,760.798
1988-08-08,262.55,260.34,258.164,237.132,14.1828,17.4423,119,9.38333,239.673,672.478,736.668
1988-08-15,260.24,257.5,258.41,237.593,14.058,17.2889,119,9.38333,237.729,667.023,730.186
1988-08-22,259.68,256.53,258.735,238.065,14.0278,17.2517,119,9.38333,237.382,666.051,728.615
1988-08-29,264.48,256.98,259.134,238.55,14.2871,17.5705,119,9.38333,241.935,678.825,742.083
1988-09-06,266.84,263.66,259.597,239.046,14.3072,17.5719,119.8,9.46,244.26,680.773,743.705
1988-09-12,270.65,265.22,260.406,239.579,14.5115,17.8228,119.8,9.46,247.914,690.957,754.324
1988-09-19,269.76,267.41,261.386,240.093,14.4638,17.7642,119.8,9.46,247.265,689.149,751.843
1988-09-26,271.91,267.77,262.13,240.635,14.5791,17.9058,119.8,9.46,249.403,695.107,757.836
1988-10-03,278.07,268.84,262.728,241.214,14.8472,18.2094,120.2,9.55,255.221,708.956,772.425
1988-10-10,275.5,273.05,263.446,241.778,14.71,18.0411,120.2,9.55,253.031,702.872,765.286
1988-10-17,283.66,274.41,264.053,242.369,15.1457,18.5755,120.2,9.55,260.694,724.159,787.953
1988-10-24,278.53,276,264.879,242.93,14.8718,18.2395,120.2,9.55,256.149,711.531,773.703
1988-10-31,276.31,276.31,265.675,243.493,14.7533,18.0941,120.2,9.55,254.276,706.329,767.536
1988-11-07,267.92,267.92,266.187,243.993,14.2814,17.4918,120.3,9.64,246.725,684.786,743.612
1988-11-14,266.47,262.85,266.512,244.469,14.2041,17.3971,120.3,9.64,245.561,681.554,739.587
1988-11-21,267.23,263.41,266.793,244.919,14.2446,17.4467,120.3,9.64,246.432,683.972,741.697
1988-11-28,271.81,266.97,267.1,245.384,14.4887,17.7458,120.3,9.64,250.827,696.169,754.408
1988-12-05,277.03,271.81,267.426,245.859,14.7303,18.0161,120.5,9.75,255.817,708.84,767.62
1988-12-12,276.29,274.01,267.628,246.332,14.6909,17.9679,120.5,9.75,255.306,707.427,765.57
1988-12-19,277.87,275.61,267.898,246.825,14.7749,18.0707,120.5,9.75,256.94,711.952,769.948
1988-12-27,277.72,276.17,268.091,247.297,14.767,18.0609,120.5,9.75,256.974,712.048,769.532
1989-01-03,280.67,273.81,268.28,247.805,14.838,18.1201,121.1,9.81333,259.879,716.528,773.853
1989-01-09,283.87,279.44,268.842,248.342,15.0072,18.3267,121.1,9.81333,263.016,725.179,782.676
1989-01-16,286.63,282.65,269.455,248.88,15.1531,18.5048,121.1,9.81333,265.748,732.712,790.286
1989-01-23,293.82,284.5,269.982,249.445,15.5332,18.969,121.1,9.81333,272.59,751.574,810.11
1989-01-30,296.97,293.54,270.951,250.035,15.6997,19.1724,121.1,9.81333,275.687,760.114,818.795
1989-02-06,292.02,291.96,271.798,250.593,15.3629,18.7304,121.6,9.89667,271.268,744.856,801.836
1989-02-13,296.76,290.88,272.624,251.171,15.6123,19.0345,121.6,9.89667,275.848,757.432,814.851
1989-02-21,287.13,287.13,273.33,251.696,15.1056,18.4168,121.6,9.89667,267.074,733.339,788.409
1989-02-27,291.18,286.26,274.174,252.251,15.3187,18.6766,121.6,9.89667,271.018,744.169,799.53
1989-03-06,292.88,291.18,275.203,252.794,15.3084,18.6337,122.3,10.01,272.78,744.718,799.595
1989-03-13,292.69,291.08,276.088,253.32,15.2984,18.6216,122.3,10.01,272.782,744.725,799.076
1989-03-20,288.98,288.56,276.541,253.824,15.1045,18.3856,122.3,10.01,269.504,735.775,788.947
1989-03-27,294.87,288.07,277.042,254.35,15.4124,18.7603,122.3,10.01,275.176,751.261,805.028
1989-04-03,297.16,294.35,277.661,254.888,15.42,18.7373,123.1,10.0867,277.494,752.667,806.007
1989-04-10,301.36,296.27,278.318,255.459,15.638,19.0021,123.1,10.0867,281.597,763.796,817.399
1989-04-17,309.61,300.71,279.147,256.059,16.0661,19.5223,123.1,10.0867,289.488,785.197,839.776
1989-04-24,309.64,306.07,280.115,256.648,16.0676,19.5242,123.1,10.0867,289.697,785.765,839.858
1989-05-01,307.61,306.98,281.08,257.224,15.862,19.2401,123.8,10.1933,287.981,776.694,829.634
1989-05-08,313.84,304.06,282.159,257.826,16.1833,19.6298,123.8,10.1933,293.997,792.92,846.436
1989-05-15,321.24,313.84,283.294,258.457,16.5648,20.0927,123.8,10.1933,301.113,812.111,866.394
1989-05-22,321.59,317.58,284.634,259.103,16.5829,20.1146,123.8,10.1933,301.625,813.492,867.338
1989-05-30,325.52,317.83,285.856,259.773,16.7855,20.3604,123.8,10.1933,305.495,823.929,877.938
1989-06-05,326.69,321.27,287.507,260.465,16.7956,20.3361,124.1,10.37,306.78,825.395,878.963
1989-06-12,321.35,318.69,289.058,261.141,16.5211,20.0037,124.1,10.37,301.953,812.407,864.596
1989-06-19,328,319.25,290.527,261.845,16.863,20.4177,124.1,10.37,308.389,829.723,882.488
1989-06-26,317.98,314.38,291.929,262.492,16.3478,19.7939,124.1,10.37,299.155,804.88,855.529
1989-07-03,324.91,317.26,292.964,263.175,16.6551,20.129,124.4,10.4233,305.863,820.945,872.066
1989-07-10,331.84,324.91,294.475,263.92,17.0103,20.5583,124.4,10.4233,312.576,838.961,890.666
1989-07-17,335.9,330.75,296.028,264.689,17.2184,20.8099,124.4,10.4233,316.589,849.732,901.563
1989-07-24,342.15,332.6,297.573,265.494,17.5388,21.1971,124.4,10.4233,322.669,866.05,918.339
1989-07-31,343.92,342.02,299.27,266.297,17.6296,21.3067,124.4,10.4233,324.527,871.038,923.089
1989-08-07,344.74,343.91,300.901,267.099,17.6391,21.2788,124.6,10.5467,325.492,872.226,923.805
1989-08-14,346.03,341.96,302.556,267.894,17.7051,21.3585,124.6,10.5467,326.902,876.003,927.262
1989-08-21,350.52,339,304.309,268.709,17.9348,21.6356,124.6,10.5467,331.335,887.883,939.294
1989-08-28,353.73,348.66,306.391,269.52,18.0991,21.8338,124.6,10.5467,334.561,896.528,947.896
1989-09-05,348.76,345.74,308.063,270.295,17.7887,21.4217,125,10.73,330.055,881.624,931.587
1989-09-11,345.06,341.37,309.965,271.03,17.6,21.1945,125,10.73,326.749,872.793,921.704
1989-09-18,347.05,344.6,311.753,271.758,17.7015,21.3167,125,10.73,328.829,878.348,927.019
1989-09-25,349.15,342.85,313.501,272.493,17.8086,21.4457,125,10.73,331.014,884.185,932.629
1989-10-02,358.78,348.35,315.471,273.272,18.2187,21.9029,125.6,10.7967,340.341,904.755,953.773
1989-10-09,333.65,332.81,317.356,273.89,16.9426,20.3687,125.6,10.7967,316.699,841.907,886.968
1989-10-16,347.16,327.12,318.99,274.571,17.6287,21.1935,125.6,10.7967,329.72,876.521,922.883
1989-10-23,335.06,333.26,320.458,275.199,17.0142,20.4548,125.6,10.7967,318.425,846.495,890.717
1989-10-30,337.62,334.48,321.783,275.832,17.1442,20.6111,125.6,10.7967,321.055,853.487,897.522
1989-11-06,339.1,330.91,322.951,276.498,17.1866,20.6304,125.9,10.9233,322.662,855.716,899.309
1989-11-13,341.61,337.06,324.036,277.164,17.3138,20.7831,125.9,10.9233,325.251,862.58,905.965
1989-11-20,343.97,337.53,324.908,277.852,17.4334,20.9267,125.9,10.9233,327.698,869.069,912.224
1989-11-27,350.63,343.36,326.239,278.546,17.771,21.3319,125.9,10.9233,334.243,886.427,929.887
1989-12-04,348.69,346,327.654,279.217,17.6548,21.1603,126.1,11.06,332.596,880.661,923.275
1989-12-11,350.14,346.08,329.2,279.868,17.7282,21.2483,126.1,11.06,334.182,884.86,927.114
1989-12-18,347.42,339.63,330.458,280.482,17.5905,21.0833,126.1,11.06,331.789,878.524,919.912
1989-12-26,353.4,346.53,331.523,281.115,17.8932,21.4462,126.1,11.06,337.703,894.184,935.746
1990-01-02,352.2,351.35,332.833,281.748,17.6622,21.1402,127.4,11.14,336.761,882.59,923.053
1990-01-08,339.93,339.49,334.249,282.265,17.0468,20.4038,127.4,11.14,325.234,852.379,890.895
1990-01-15,339.15,333.37,335.321,282.794,17.0077,20.3569,127.4,11.14,324.693,850.961,888.851
1990-01-22,325.8,321.44,336.101,283.228,16.3382,19.5556,127.4,11.14,312.117,818.002,853.863
1990-01-29,330.92,319.83,336.673,283.739,16.595,19.8629,127.4,11.14,317.227,831.395,867.282
1990-02-05,333.62,326.55,337.275,284.227,16.6665,19.9247,128,11.23,320.022,834.789,870.259
1990-02-12,332.72,327.92,337.864,284.679,16.6215,19.8709,128,11.23,319.366,833.078,867.912
1990-02-20,324.15,322.1,338.269,285.088,16.1934,19.3591,128,11.23,311.347,812.16,845.557
1990-02-26,335.54,323.98,338.716,285.592,16.7624,20.0393,128,11.23,322.495,841.239,875.268
1990-03-05,337.93,333.49,339.157,286.093,16.8074,20.0695,128.7,11.32,325.001,843.166,876.708
1990-03-12,341.91,334.93,339.603,286.638,17.0053,20.3059,128.7,11.32,329.038,853.64,887.033
1990-03-19,337.22,333.62,339.964,287.118,16.7721,20.0274,128.7,11.32,324.734,842.474,874.866
1990-03-26,339.94,337.03,340.369,287.581,16.9074,20.1889,128.7,11.32,327.563,849.813,881.922
1990-04-02,340.08,336.33,340.854,288.053,16.9084,20.1684,128.9,11.4367,327.91,849.393,880.917
1990-04-09,344.34,339.88,341.158,288.546,17.1202,20.421,128.9,11.4367,332.23,860.582,891.951
1990-04-16,335.12,333.41,341.68,288.983,16.6618,19.8742,128.9,11.4367,323.546,838.089,868.069
1990-04-23,329.11,328.71,341.755,289.381,16.363,19.5178,128.9,11.4367,317.956,823.609,852.501
1990-04-30,338.39,327.76,341.788,289.814,16.8244,20.0682,128.9,11.4367,327.134,847.383,876.539
1990-05-07,352,338.11,341.976,290.363,17.4793,20.8269,129.2,11.5533,340.506,879.973,909.676
1990-05-14,354.64,351.95,342.232,290.954,17.6104,20.9831,129.2,11.5533,343.275,887.128,916.499
1990-05-21,354.58,353.78,342.486,291.526,17.6074,20.9796,129.2,11.5533,343.432,887.533,916.344
1990-05-29,363.16,354.55,342.825,292.167,18.0335,21.4872,129.2,11.5533,351.957,909.566,938.517
1990-06-04,358.71,357.68,343.344,292.777,17.734,21.1079,129.9,11.66,347.862,894.138,922.021
1990-06-11,362.91,357.7,343.664,293.355,17.9417,21.355,129.9,11.66,352.152,905.166,932.817
1990-06-18,355.43,355.31,343.839,293.882,17.5719,20.9149,129.9,11.66,345.112,887.068,913.591
1990-06-25,358.02,351.23,344.046,294.407,17.6999,21.0673,129.9,11.66,347.844,894.092,920.248
1990-07-02,358.42,354.64,344.291,294.947,17.6678,21.0085,130.4,11.7267,348.452,892.22,917.744
1990-07-09,367.31,356.41,344.709,295.63,18.106,21.5296,130.4,11.7267,357.314,914.911,940.507
1990-07-16,361.61,361.29,345.045,296.277,17.8251,21.1955,130.4,11.7267,351.988,901.275,925.912
1990-07-23,353.44,350.09,344.975,296.883,17.4223,20.7166,130.4,11.7267,344.255,881.474,904.992
1990-07-30,344.86,338.2,345.218,297.439,16.9994,20.2137,130.4,11.7267,336.118,860.638,883.023
1990-08-06,335.52,332.22,345.007,297.939,16.4015,19.489,131.6,11.7833,327.236,830.254,851.274
1990-08-13,327.83,324.63,344.952,298.384,16.0256,19.0423,131.6,11.7833,319.956,811.786,831.763
1990-08-20,311.51,306.18,344.471,298.75,15.2278,18.0944,131.6,11.7833,304.25,771.935,790.356
1990-08-27,322.56,311.55,344.043,299.143,15.768,18.7362,131.6,11.7833,315.263,799.879,818.392
1990-09-04,323.4,319.11,343.694,299.531,15.6889,18.6327,132.7,11.83,316.307,795.874,813.721
1990-09-10,316.83,314.76,343.093,299.893,15.3702,18.2542,132.7,11.83,310.103,780.265,797.19
1990-09-17,311.32,307.98,342.241,300.22,15.1029,17.9367,132.7,11.83,304.933,767.256,783.326
1990-09-24,306.05,295.98,341.119,300.504,14.8472,17.6331,132.7,11.83,299.994,754.828,770.066
1990-10-01,311.5,305.76,340.298,300.806,15.0295,17.8431,133.5,11.9267,305.561,764.228,779.082
1990-10-08,300.03,294.51,339.178,301.069,14.4761,17.186,133.5,11.9267,294.535,736.651,750.395
1990-10-15,312.48,296.41,337.875,301.383,15.0768,17.8992,133.5,11.9267,306.982,767.782,781.534
1990-10-22,304.71,304.71,336.952,301.672,14.7019,17.4541,133.5,11.9267,299.574,749.254,762.1
1990-10-29,311.85,299.44,336.133,301.999,15.0464,17.8631,133.5,11.9267,306.819,767.375,779.958
1990-11-05,313.74,305.03,335.681,302.274,15.1129,17.9351,133.8,12.0133,308.906,770.862,782.925
1990-11-12,317.12,313.73,335.454,302.528,15.2758,18.1284,133.8,12.0133,312.461,779.734,791.36
1990-11-19,315.1,312.42,335.142,302.753,15.1785,18.0129,133.8,12.0133,310.698,775.335,786.319
1990-11-26,322.22,311.48,334.79,302.994,15.5214,18.4199,133.8,12.0133,317.947,793.423,804.087
1990-12-03,327.75,321.97,334.785,303.232,15.7981,18.7393,133.8,12.09,323.633,807.612,817.887
1990-12-10,326.82,325.16,334.698,303.468,15.7533,18.6861,133.8,12.09,322.944,805.894,815.566
1990-12-17,331.75,324.46,334.504,303.699,15.9909,18.968,133.8,12.09,328.045,818.624,827.869
1990-12-24,328.72,327.24,334.345,303.922,15.8449,18.7948,133.8,12.09,325.279,811.721,820.307
1990-12-31,321,318.87,334.009,304.074,15.4728,18.3534,133.8,12.09,317.87,793.232,801.043
1991-01-07,315.23,310.93,333.397,304.2,15.1143,17.9207,134.6,12.1067,312.387,774.915,781.968
1991-01-14,332.23,309.35,332.889,304.371,15.9294,18.8871,134.6,12.1067,329.464,817.278,824.139
1991-01-21,336.07,327.83,332.66,304.57,16.1135,19.1054,134.6,12.1067,333.503,827.297,833.665
1991-01-28,343.05,334.26,332.596,304.784,16.4481,19.5022,134.6,12.1067,340.661,845.053,850.979
1991-02-04,359.35,342.96,333.157,305.118,17.2153,20.398,134.8,12.1133,357.079,884.465,890.091
1991-02-11,369.06,359.32,334.027,305.529,17.6804,20.9491,134.8,12.1133,366.959,908.937,914.142
1991-02-19,365.65,364.23,334.534,305.949,17.5171,20.7556,134.8,12.1133,363.8,901.113,905.696
1991-02-25,370.47,362.19,334.917,306.362,17.748,21.0292,134.8,12.1133,368.827,913.565,917.635
1991-03-04,374.95,369.07,335.358,306.769,17.9464,21.2494,135,12.11,373.519,923.816,927.356
1991-03-11,373.59,369.55,335.703,307.2,17.8813,21.1723,135,12.11,372.396,921.039,923.992
1991-03-18,367.48,365.58,335.779,307.627,17.5889,20.826,135,12.11,366.538,906.55,908.88
1991-03-25,375.22,367.46,336.006,308.052,17.9593,21.2647,135,12.11,374.49,926.219,928.023
1991-04-01,375.36,370.27,336.429,308.462,17.9488,21.2371,135.2,12.13,374.863,925.769,926.996
1991-04-08,380.4,371.21,336.969,308.856,18.1898,21.5223,135.2,12.13,380.129,938.774,939.443
1991-04-15,384.2,378.78,337.673,309.242,18.3715,21.7373,135.2,12.13,384.16,948.728,948.828
1991-04-22,379.02,376.77,338.186,309.601,18.1238,21.4442,135.2,12.13,379.213,936.513,936.035
1991-04-29,380.8,373.01,338.473,309.977,18.2089,21.5449,135.2,12.13,381.228,941.487,940.431
1991-05-06,375.74,375.61,339.019,310.314,17.9281,21.1989,135.6,12.14,376.396,926.812,925.197
1991-05-13,372.39,365.83,339.466,310.603,17.7682,21.0099,135.6,12.14,373.274,919.125,916.949
1991-05-20,377.49,371.26,340.385,310.944,18.0116,21.2976,135.6,12.14,378.62,932.289,929.506
1991-05-28,389.83,377.12,341.323,311.3,18.6004,21.9938,135.6,12.14,391.231,963.341,959.892
1991-06-03,379.43,378.76,342.807,311.582,18.0695,21.3532,136,12.15,381.028,935.459,931.536
1991-06-10,382.29,374.46,344.361,311.824,18.2057,21.5142,136,12.15,384.135,943.086,938.557
1991-06-17,377.75,373.87,345.75,312.033,17.9895,21.2587,136,12.15,379.808,932.463,927.411
1991-06-24,371.16,367.98,347.007,312.253,17.6757,20.8878,136,12.15,373.417,916.772,911.232
1991-07-01,374.08,371.18,348.172,312.54,17.8106,21.0354,136.2,12.1933,376.59,923.206,917.052
1991-07-08,380.25,370.92,349.903,312.832,18.1044,21.3824,136.2,12.1933,383.038,939.012,932.178
1991-07-15,384.22,380.24,351.734,313.179,18.2934,21.6056,136.2,12.1933,387.273,949.395,941.91
1991-07-22,380.93,378.15,353.532,313.482,18.1368,21.4206,136.2,12.1933,384.193,941.845,933.845
1991-07-29,387.18,380.45,355.71,313.778,18.4344,21.7721,136.2,12.1933,390.733,957.878,949.167
1991-08-05,387.12,384.29,357.634,314.158,18.4039,21.7239,136.6,12.2367,390.91,955.505,946.241
1991-08-12,385.58,383.16,359.722,314.673,18.3307,21.6375,136.6,12.2367,389.593,952.285,942.476
1991-08-19,394.17,374.09,361.626,315.402,18.739,22.1195,136.6,12.2367,398.51,974.081,963.473
1991-08-26,395.43,391.77,363.609,316.121,18.7989,22.1902,136.6,12.2367,400.022,977.776,966.553
1991-09-03,389.1,387.36,365.067,316.814,18.4474,21.7647,137.2,12.28,393.857,958.498,946.921
1991-09-09,383.59,382.85,366.794,317.504,18.1861,21.4565,137.2,12.28,388.519,945.507,933.512
1991-09-16,387.92,382.77,368.368,318.233,18.3914,21.6987,137.2,12.28,393.144,956.762,944.049
1991-09-23,385.9,384.46,369.821,318.961,18.2956,21.5857,137.2,12.28,391.336,952.362,939.133
1991-09-30,381.25,381.24,371.264,319.748,18.0752,21.3256,137.2,12.28,386.86,941.469,927.817
1991-10-07,381.45,376.11,372.504,320.478,18.0917,21.3358,137.4,12.2533,387.302,941.173,926.953
1991-10-14,392.5,381.45,374.136,321.195,18.6157,21.9539,137.4,12.2533,398.761,969.019,953.805
1991-10-21,384.2,382.97,375.953,321.856,18.2221,21.4896,137.4,12.2533,390.568,949.109,933.635
1991-10-28,391.32,384.2,377.729,322.577,18.5598,21.8879,137.4,12.2533,398.045,967.28,950.938
1991-11-04,392.89,387.58,379.205,323.325,18.6192,21.9497,137.8,12.2267,399.881,968.921,951.981
1991-11-11,382.62,382.62,380.541,323.977,18.1325,21.3759,137.8,12.2267,389.668,944.174,927.097
1991-11-18,376.14,374.52,381.17,324.626,17.8254,21.0139,137.8,12.2267,383.308,928.764,911.396
1991-11-25,375.22,371.63,381.359,325.216,17.7818,20.9625,137.8,12.2267,382.61,927.073,909.167
1991-12-02,379.1,371.36,381.683,325.857,17.995,21.2065,137.9,12.2,386.806,936.559,917.902
1991-12-09,384.47,374.78,382.005,326.491,18.2499,21.5069,137.9,12.2,392.524,950.405,930.904
1991-12-16,387.04,380.64,382.241,327.118,18.3719,21.6507,137.9,12.2,395.388,957.338,937.127
1991-12-23,406.46,386.96,382.823,327.838,19.2937,22.737,137.9,12.2,415.466,1005.95,984.148
1991-12-30,419.34,406.49,383.766,328.599,19.9051,23.4575,137.9,12.2,428.871,1038.41,1015.33
1992-01-06,415.1,413.31,384.919,329.349,19.7265,23.2365,138.1,12.24,424.776,1027.01,1003.61
1992-01-13,418.86,413.54,385.959,330.088,19.9052,23.4469,138.1,12.24,428.864,1036.89,1012.7
1992-01-20,415.48,411.32,386.955,330.873,19.7446,23.2577,138.1,12.24,425.644,1029.11,1004.53
1992-01-27,408.78,408.64,387.618,331.622,19.4262,22.8827,138.1,12.24,419.022,1013.09,988.331
1992-02-03,411.09,407.45,388.384,332.331,19.5132,22.9761,138.6,12.28,421.632,1015.73,990.331
1992-02-10,412.48,411.07,389.294,333.094,19.5792,23.0538,138.6,12.28,423.3,1019.74,993.68
1992-02-18,411.43,406.34,389.915,333.851,19.5293,22.9951,138.6,12.28,422.464,1017.73,991.15
1992-02-24,412.7,408.02,390.858,334.608,19.5896,23.0661,138.6,12.28,424.011,1021.46,994.21
1992-03-02,404.44,403.65,391.744,335.342,19.1453,22.5358,139.3,12.32,415.768,996.567,969.415
1992-03-09,405.84,401.94,392.353,336.088,19.2116,22.6138,139.3,12.32,417.451,1000.6,972.771
1992-03-16,411.3,403.55,392.912,336.879,19.4701,22.918,139.3,12.32,423.311,1014.65,985.858
1992-03-23,403.5,402.87,393.634,337.63,19.1008,22.4834,139.3,12.32,415.527,995.989,967.162
1992-03-30,401.55,398.21,394.241,338.305,19.0085,22.3747,139.3,12.32,413.762,991.76,962.488
1992-04-06,404.29,392.41,394.93,338.97,19.1534,22.5388,139.5,12.32,416.83,997.68,967.666
1992-04-13,416.04,403.9,395.685,339.697,19.7101,23.1938,139.5,12.32,429.189,1027.26,995.79
1992-04-20,409.02,406.86,396.535,340.373,19.3775,22.8024,139.5,12.32,422.191,1010.51,978.987
1992-04-27,412.53,406.33,397.266,341.077,19.5438,22.9981,139.5,12.32,426.059,1019.77,987.388
1992-05-04,416.05,412.54,398.148,341.807,19.7211,23.1995,139.7,12.32,429.939,1027.58,994.388
1992-05-11,410.09,409.85,398.892,342.497,19.4385,22.8672,139.7,12.32,424.025,1013.45,980.143
1992-05-18,414.02,410.13,399.534,343.25,19.6248,23.0863,139.7,12.32,428.333,1023.75,989.536
1992-05-26,415.35,410.23,400.039,343.967,19.6879,23.1605,139.7,12.32,429.954,1027.62,992.715
1992-06-01,413.48,410.97,400.793,344.678,19.5619,23.0067,140.2,12.32,428.264,1019.93,984.721
1992-06-08,409.76,406.11,401.195,345.414,19.3859,22.7997,140.2,12.32,424.656,1011.34,975.862
1992-06-15,403.67,400.51,401.507,346.131,19.0977,22.4609,140.2,12.32,418.59,996.892,961.358
1992-06-22,403.45,399.92,401.923,346.85,19.0873,22.4486,140.2,12.32,418.608,996.934,960.834
1992-06-29,411.77,403.47,402.422,347.587,19.481,22.9116,140.2,12.32,427.486,1018.08,980.648
1992-07-06,414.62,407.2,403.053,348.326,19.6004,23.0466,140.5,12.3433,430.692,1023.52,985.327
1992-07-13,415.62,412.96,403.778,349.05,19.6477,23.1022,140.5,12.3433,431.977,1026.58,987.704
1992-07-20,411.6,409.81,404.576,349.76,19.4576,22.8788,140.5,12.3433,428.045,1017.23,978.151
1992-07-27,424.21,411.27,405.411,350.521,20.0538,23.5797,140.5,12.3433,441.406,1048.98,1008.12
1992-08-03,418.88,418.51,406.216,351.225,19.767,23.2373,140.9,12.3667,436.108,1033.45,992.625
1992-08-10,419.91,416.4,406.968,351.947,19.8156,23.2944,140.9,12.3667,437.428,1036.58,995.066
1992-08-17,414.85,413.58,407.672,352.603,19.5768,23.0137,140.9,12.3667,432.404,1024.67,983.075
1992-08-24,414.84,408.3,408.123,353.285,19.5763,23.0132,140.9,12.3667,432.642,1025.24,983.052
1992-08-31,417.08,413.35,408.924,353.989,19.682,23.1374,140.9,12.3667,435.226,1031.36,988.36
1992-09-08,419.58,414.3,409.728,354.747,19.7606,23.2252,141.3,12.4,438.083,1035.19,991.469
1992-09-14,422.93,417.77,410.796,355.529,19.9183,23.4106,141.3,12.4,441.83,1044.05,999.385
1992-09-21,414.35,412.71,411.792,356.265,19.5143,22.9357,141.3,12.4,433.116,1023.45,979.111
1992-09-28,410.47,410.45,412.599,356.958,19.3315,22.7209,141.3,12.4,429.309,1014.46,969.942
1992-10-05,402.66,396.8,412.893,357.586,18.9082,22.22,141.8,12.3867,421.39,992.235,948.132
1992-10-12,411.73,402.66,412.754,358.263,19.3341,22.7206,141.8,12.3867,431.131,1015.17,969.489
1992-10-19,414.1,410.66,412.699,358.945,19.4454,22.8513,141.8,12.3867,433.862,1021.6,975.07
1992-10-26,418.68,413.71,412.717,359.649,19.6605,23.1041,141.8,12.3867,438.91,1033.49,985.854
1992-11-02,417.58,415.58,412.808,360.334,19.5869,23.0134,142,12.3833,438.007,1029.91,981.879
1992-11-09,422.43,416.79,413.028,361.027,19.8144,23.2807,142,12.3833,443.344,1042.46,993.283
1992-11-16,426.65,418.31,413.282,361.727,20.0124,23.5133,142,12.3833,448.023,1053.46,1003.21
1992-11-23,430.16,424.83,413.551,362.409,20.177,23.7067,142,12.3833,451.959,1062.72,1011.46
1992-11-30,432.06,428.61,414.054,363.084,20.2661,23.8115,142,12.3833,454.205,1068,1015.93
1992-12-07,433.73,432.06,414.612,363.793,20.359,23.9149,141.9,12.39,456.211,1073.47,1020.57
1992-12-14,441.28,430.88,415.252,364.515,20.7133,24.3312,141.9,12.39,464.403,1092.75,1038.34
1992-12-21,439.77,438.25,415.951,365.278,20.6425,24.2479,141.9,12.39,463.065,1089.6,1034.78
1992-12-28,435.71,435.71,416.555,366.001,20.4519,24.024,141.9,12.39,459.041,1080.13,1025.23
1993-01-04,429.05,426.88,417.138,366.682,20.0348,23.529,142.6,12.4133,452.276,1058.99,1004.6
1993-01-11,437.15,428.19,417.867,367.404,20.4131,23.9732,142.6,12.4133,461.066,1079.57,1023.57
1993-01-18,436.11,432.48,418.751,368.14,20.3645,23.9162,142.6,12.4133,460.221,1077.59,1021.14
1993-01-25,438.78,436.11,419.53,368.859,20.4892,24.0626,142.6,12.4133,463.29,1084.78,1027.39
1993-02-01,448.93,438.78,420.394,369.618,20.8816,24.5178,143.1,12.4467,474.26,1106.58,1047.48
1993-02-08,444.58,444.24,421.285,370.334,20.6793,24.2802,143.1,12.4467,469.917,1096.45,1037.33
1993-02-16,434.22,428.25,421.636,370.957,20.1974,23.7144,143.1,12.4467,459.22,1071.49,1013.16
1993-02-22,443.38,432.41,422.204,371.626,20.6235,24.2147,143.1,12.4467,469.16,1094.68,1034.53
1993-03-01,446.11,441.07,423.028,372.319,20.6676,24.26,143.6,12.48,472.303,1098.18,1037.28
1993-03-08,449.83,446.12,424.038,372.998,20.8399,24.4623,143.6,12.48,476.496,1107.93,1045.93
1993-03-15,450.18,447.99,424.934,373.643,20.8561,24.4813,143.6,12.48,477.121,1109.38,1046.74
1993-03-22,447.78,446.08,425.89,374.274,20.7449,24.3508,143.6,12.48,474.831,1104.06,1041.16
1993-03-29,441.39,440.71,426.962,374.853,20.4489,24.0033,143.6,12.48,468.31,1088.89,1026.3
1993-04-05,441.84,439.48,427.728,375.429,20.4001,23.9408,144,12.4933,469.042,1087.57,1024.49
1993-04-12,448.94,441.84,428.763,376.067,20.7279,24.3255,144,12.4933,476.834,1105.63,1040.96
1993-04-19,437.03,436.82,429.53,376.612,20.178,23.6802,144,12.4933,464.439,1076.89,1013.34
1993-04-26,440.19,432.3,430.064,377.223,20.3239,23.8514,144,12.4933,468.053,1085.27,1020.67
1993-05-03,442.31,438.25,430.816,377.81,20.3821,23.9149,144.2,12.5067,470.563,1089.58,1024.16
1993-05-10,439.56,438.1,431.436,378.349,20.2554,23.7662,144.2,12.5067,467.893,1083.4,1017.79
1993-05-17,445.84,436.86,431.977,378.899,20.5448,24.1058,144.2,12.5067,474.834,1099.47,1032.33
1993-05-24,450.19,445.26,432.778,379.439,20.7452,24.341,144.2,12.5067,479.723,1110.79,1042.41
1993-06-01,450.06,448.92,433.428,379.97,20.7003,24.2837,144.4,12.52,479.841,1109.52,1040.66
1993-06-07,447.26,444.09,434.238,380.482,20.5716,24.1326,144.4,12.52,477.112,1103.22,1034.19
1993-06-14,443.68,443.61,435.024,380.97,20.4069,23.9394,144.4,12.52,473.55,1094.98,1025.91
1993-06-21,447.6,442.5,435.742,381.456,20.5872,24.1509,144.4,12.52,477.991,1105.25,1034.97
1993-06-28,445.84,445.2,436.46,381.916,20.5062,24.056,144.4,12.52,476.369,1101.5,1030.9
1993-07-06,448.11,441.4,436.967,382.413,20.6023,24.1646,144.4,12.52,479.051,1107.7,1036.15
1993-07-12,445.75,445.66,437.757,382.917,20.4938,24.0374,144.4,12.52,476.786,1102.46,1030.7
1993-07-19,447.1,443.71,438.689,383.417,20.5559,24.1102,144.4,12.52,478.487,1106.39,1033.82
1993-07-26,448.13,446.59,439.721,383.912,20.6032,24.1657,144.4,12.52,479.847,1109.54,1036.2
1993-08-02,448.68,446.94,440.607,384.361,20.5625,24.1123,144.8,12.52,480.694,1108.43,1034.61
1993-08-09,450.14,447.53,441.427,384.944,20.6294,24.1907,144.8,12.52,482.516,1112.63,1037.97
1993-08-16,456.16,450.25,442.301,385.489,20.9053,24.5142,144.8,12.52,489.227,1128.1,1051.85
1993-08-23,460.54,454.29,443.308,386.116,21.106,24.7496,144.8,12.52,494.183,1139.53,1061.95
1993-08-30,461.34,459.91,444.324,386.735,21.1427,24.7926,144.8,12.52,495.3,1142.11,1063.8
1993-09-07,461.72,453.75,444.981,387.348,21.1069,24.7435,145.1,12.52,495.966,1141.28,1062.47
1993-09-13,458.83,456.31,445.733,387.934,20.9748,24.5886,145.1,12.52,493.121,1134.73,1055.82
1993-09-20,457.63,449.64,446.281,388.502,20.9199,24.5243,145.1,12.52,492.09,1132.36,1053.06
1993-09-27,461.28,457.63,446.973,389.055,21.0868,24.7199,145.1,12.52,496.273,1141.98,1061.46
1993-10-04,460.31,456.4,447.503,389.614,20.9458,24.5464,145.7,12.54,495.489,1135.49,1054.87
1993-10-11,469.5,460.31,448.145,390.21,21.364,25.0365,145.7,12.54,505.641,1158.75,1075.93
1993-10-18,463.27,463.27,448.972,390.79,21.0805,24.7043,145.7,12.54,499.191,1143.97,1061.65
1993-10-25,467.83,462.05,449.775,391.362,21.288,24.9475,145.7,12.54,504.365,1155.82,1072.1
1993-11-01,459.57,454.36,450.478,391.899,20.887,24.4686,145.8,12.56,495.72,1135.23,1052.45
1993-11-08,465.39,458.78,451.062,392.526,21.1515,24.7785,145.8,12.56,502.259,1150.21,1065.78
1993-11-15,462.6,460.03,451.516,393.143,21.0247,24.63,145.8,12.56,499.508,1143.91,1059.39
1993-11-22,463.06,457.08,451.808,393.829,21.0456,24.6545,145.8,12.56,500.266,1145.64,1060.44
1993-11-29,464.89,460.45,452.487,394.499,21.1288,24.7519,145.8,12.56,502.504,1150.77,1064.63
1993-12-06,463.93,462.66,453.141,395.151,21.073,24.6763,145.8,12.58,501.727,1148.99,1062.43
1993-12-13,466.38,461.84,453.58,395.819,21.1843,24.8066,145.8,12.58,504.639,1155.66,1068.04
1993-12-20,467.38,464.03,453.813,396.535,21.2297,24.8598,145.8,12.58,505.983,1158.74,1070.33
1993-12-27,466.45,466.45,454.285,397.19,21.1874,24.8103,145.8,12.58,505.238,1157.03,1068.2
1994-01-03,469.9,464.36,454.736,397.85,21.2721,24.8974,146.2,12.6233,509.237,1163,1073.16
1994-01-10,474.91,469.55,455.328,398.515,21.4989,25.1629,146.2,12.6233,514.93,1176,1084.6
1994-01-17,474.72,472.21,456.139,399.202,21.4903,25.1528,146.2,12.6233,514.987,1176.13,1084.17
1994-01-24,478.7,470.27,456.78,399.896,21.6705,25.3637,146.2,12.6233,519.568,1186.59,1093.26
1994-01-31,469.81,469.28,457.685,400.545,21.268,24.8926,146.2,12.6233,510.183,1165.16,1072.96
1994-02-07,470.18,466.89,458.515,401.174,21.2007,24.8015,146.7,12.6667,510.849,1162.7,1070.14
1994-02-14,467.69,466.07,459.2,401.837,21.0884,24.6701,146.7,12.6667,508.408,1157.15,1064.47
1994-02-22,466.07,464.26,459.707,402.521,21.0154,24.5847,146.7,12.6667,506.912,1153.74,1060.79
1994-02-28,464.74,457.49,460.235,403.153,20.9554,24.5145,146.7,12.6667,505.73,1151.05,1057.76
1994-03-07,466.44,462.46,460.644,403.725,20.9515,24.4981,147.2,12.71,507.846,1151.94,1058.02
1994-03-14,471.06,465.48,461.07,404.308,21.159,24.7407,147.2,12.71,513.142,1163.96,1068.5
1994-03-21,460.58,460.58,461.57,404.838,20.6883,24.1903,147.2,12.71,501.993,1138.67,1044.73
1994-03-28,445.77,436.16,461.64,405.251,20.0231,23.4125,147.2,12.71,486.117,1102.66,1011.14
1994-04-04,447.1,435.86,461.678,405.693,20.0494,23.4333,147.4,12.7533,487.835,1105.05,1012.78
1994-04-11,446.18,442.62,461.61,406.109,20.0082,23.3851,147.4,12.7533,487.099,1103.38,1010.69
1994-04-18,447.63,438.83,461.593,406.57,20.0732,23.4611,147.4,12.7533,488.95,1107.58,1013.98
1994-04-25,450.91,447.58,461.634,407.034,20.2203,23.633,147.4,12.7533,492.8,1116.3,1021.41
1994-05-02,447.82,445.64,461.765,407.481,20.0585,23.4323,147.5,12.7967,489.692,1108.51,1013.72
1994-05-09,444.14,440.78,461.644,407.865,19.8937,23.2397,147.5,12.7967,485.937,1100.01,1005.39
1994-05-16,454.92,443.62,461.718,408.332,20.3766,23.8038,147.5,12.7967,498.001,1127.31,1029.79
1994-05-23,457.33,451.79,461.87,408.851,20.4845,23.9299,147.5,12.7967,500.909,1133.9,1035.25
1994-05-31,460.13,453.99,461.971,409.428,20.6099,24.0764,147.5,12.7967,504.245,1141.45,1041.59
1994-06-06,458.67,455.43,461.986,410.044,20.4621,23.8901,148,12.84,502.916,1134.59,1034.77
1994-06-13,458.45,457.18,461.947,410.697,20.4523,23.8786,148,12.84,502.945,1134.66,1034.28
1994-06-20,442.8,442.51,461.732,411.353,19.7541,23.0635,148,12.84,486.047,1096.54,998.97
1994-06-27,446.2,439.83,461.366,411.971,19.9058,23.2406,148,12.84,490.05,1105.57,1006.64
1994-07-05,449.55,444.18,461.203,412.602,19.9857,23.3199,148.4,12.87,494.001,1111.48,1011.46
1994-07-11,454.16,444.65,460.971,413.289,20.1907,23.5591,148.4,12.87,499.339,1123.49,1021.84
1994-07-18,453.11,450.69,460.785,413.998,20.144,23.5046,148.4,12.87,498.457,1121.5,1019.47
1994-07-25,458.26,451.36,460.634,414.759,20.3729,23.7717,148.4,12.87,504.394,1134.86,1031.06
1994-08-01,457.09,456.08,460.441,415.487,20.2193,23.5762,149,12.9,503.38,1128.02,1024.29
1994-08-08,461.94,456.66,460.317,416.296,20.4338,23.8264,149,12.9,508.994,1140.6,1035.16
1994-08-15,463.68,459.89,460.228,417.052,20.5108,23.9161,149,12.9,511.185,1145.51,1039.06
1994-08-22,473.8,461.46,460.41,417.898,20.9584,24.4381,149,12.9,522.615,1171.12,1061.73
1994-08-29,470.99,470.67,460.645,418.693,20.8341,24.2932,149,12.9,519.789,1164.79,1055.44
1994-09-06,468.18,466.55,460.834,419.466,20.6302,24.038,149.4,12.92,516.962,1155.35,1046.33
1994-09-12,471.19,466.15,461.021,420.236,20.7628,24.1926,149.4,12.92,520.56,1163.39,1053.06
1994-09-19,459.67,458.47,460.967,420.959,20.2552,23.6011,149.4,12.92,508.107,1135.56,1027.31
1994-09-26,462.71,459.31,460.937,421.661,20.3892,23.7572,149.4,12.92,511.742,1143.69,1034.11
1994-10-03,455.1,449.27,460.682,422.298,20.0127,23.3019,149.5,13.0133,503.603,1124.74,1016.42
1994-10-10,469.1,455.12,460.578,423.009,20.6284,24.0187,149.5,13.0133,519.372,1159.96,1047.69
1994-10-17,464.89,463.83,460.604,423.675,20.4433,23.8031,149.5,13.0133,514.988,1150.17,1038.28
1994-10-24,473.77,458.26,460.397,424.4,20.8337,24.2578,149.5,13.0133,525.102,1172.76,1058.12
1994-10-31,462.28,462.28,460.226,425.107,20.3285,23.6695,149.5,13.0133,512.644,1144.94,1032.45
1994-11-07,462.35,461.25,459.991,425.842,20.2682,23.5821,149.7,13.0967,513.001,1144.2,1031.23
1994-11-14,461.47,460.25,459.586,426.489,20.2296,23.5372,149.7,13.0967,512.304,1142.65,1029.27
1994-11-21,452.29,444.18,459.212,427.07,19.8272,23.069,149.7,13.0967,502.393,1120.54,1008.79
1994-11-28,453.3,447.97,458.765,427.621,19.8715,23.1205,149.7,13.0967,503.794,1123.67,1011.05
1994-12-05,446.96,442.88,458.293,428.059,19.5515,22.7315,149.7,13.17,497.03,1108.58,996.904
1994-12-12,458.8,445.62,458.01,428.508,20.0694,23.3337,149.7,13.17,510.477,1138.57,1023.31
1994-12-19,459.83,456.37,457.838,428.979,20.1145,23.3861,149.7,13.17,511.905,1141.76,1025.61
1994-12-27,459.27,459,457.705,429.423,20.09,23.3576,149.7,13.17,511.564,1141,1024.36
1995-01-03,460.68,457.2,457.513,429.851,20.0205,23.2577,150.3,13.18,513.417,1140.56,1023.4
1995-01-09,465.97,458.65,457.542,430.313,20.2504,23.5247,150.3,13.18,519.595,1154.28,1035.16
1995-01-16,464.78,463.99,458.114,430.8,20.1987,23.4646,150.3,13.18,518.55,1151.96,1032.51
1995-01-23,470.39,461.14,458.594,431.275,20.4425,23.7479,150.3,13.18,525.092,1166.5,1044.97
1995-01-30,478.65,467.49,459.301,431.792,20.8015,24.1649,150.3,13.18,534.596,1187.61,1063.32
1995-02-06,481.46,478.36,460.074,432.297,20.7827,24.1212,150.9,13.18,538.017,1190.46,1065.31
1995-02-13,481.97,480.89,460.854,432.786,20.8047,24.1468,150.9,13.18,538.87,1192.34,1066.44
1995-02-21,488.11,481.94,461.68,433.331,21.0698,24.4544,150.9,13.18,546.019,1208.16,1080.03
1995-02-27,485.42,483.07,462.639,433.855,20.9537,24.3196,150.9,13.18,543.293,1202.13,1074.08
1995-03-06,489.57,479.7,463.379,434.424,20.9992,24.3493,151.4,13.17,548.221,1209.03,1079.68
1995-03-13,495.52,489.35,464.277,435.039,21.2544,24.6452,151.4,13.17,555.168,1224.35,1092.8
1995-03-20,500.97,493.67,465.235,435.657,21.4882,24.9163,151.4,13.17,561.558,1238.44,1104.82
1995-03-27,500.71,495.7,466.287,436.211,21.477,24.9033,151.4,13.17,561.55,1238.42,1104.25
1995-04-03,506.42,500.2,467.573,436.846,21.5792,24.9969,151.9,13.2433,568.239,1249.05,1113.17
1995-04-10,509.23,504.61,468.799,437.481,21.699,25.1356,151.9,13.2433,571.678,1256.61,1119.34
1995-04-17,508.49,501.19,470.293,438.135,21.6675,25.0991,151.9,13.2433,571.133,1255.41,1117.72
1995-04-24,514.71,507.44,471.884,438.852,21.9325,25.4061,151.9,13.2433,578.406,1271.4,1131.39
1995-05-01,520.12,513.03,473.498,439.582,22.0391,25.5033,152.2,13.3067,584.773,1282.86,1141.03
1995-05-08,525.55,519.14,475.27,440.309,22.2692,25.7695,152.2,13.3067,591.165,1296.88,1152.94
1995-05-15,519.19,517.07,476.88,440.984,21.9997,25.4577,152.2,13.3067,584.299,1281.82,1138.99
1995-05-22,523.65,519.19,478.585,441.697,22.1886,25.6764,152.2,13.3067,589.607,1293.46,1148.77
1995-05-30,532.51,521.38,479.933,442.424,22.5641,26.1108,152.2,13.3067,599.871,1315.98,1168.21
1995-06-05,527.94,526,481.643,443.128,22.2377,25.706,152.5,13.36,595.012,1302.75,1155.9
1995-06-12,539.83,527.94,483.204,443.899,22.7386,26.2849,152.5,13.36,608.702,1332.73,1181.94
1995-06-19,549.71,539.83,485.078,444.677,23.1547,26.766,152.5,13.36,620.132,1357.75,1203.57
1995-06-26,544.75,540.72,486.95,445.424,22.9458,26.5245,152.5,13.36,614.827,1346.14,1192.71
1995-07-03,556.37,544.43,488.639,446.26,23.3345,26.9443,152.5,13.44,628.233,1375.49,1218.15
1995-07-10,559.89,553.8,491.065,447.142,23.4821,27.1148,152.5,13.44,632.5,1384.83,1225.86
1995-07-17,553.62,542.51,493.488,447.97,23.2191,26.8112,152.5,13.44,625.709,1369.96,1212.13
1995-07-24,562.93,553.62,496.036,448.855,23.6096,27.262,152.5,13.44,636.523,1393.64,1232.51
1995-07-31,558.94,554.1,498.308,449.744,23.4423,27.0688,152.5,13.44,632.304,1384.4,1223.78
1995-08-07,555.11,553.04,500.688,450.612,23.1175,26.6656,152.9,13.51,628.265,1371.96,1212.21
1995-08-14,559.21,554.76,502.936,451.446,23.2882,26.8625,152.9,13.51,633.199,1382.74,1221.16
1995-08-21,560.1,555.2,505.276,452.325,23.3253,26.9053,152.9,13.51,634.501,1385.58,1223.11
1995-08-28,563.84,555.71,507.688,453.188,23.4811,27.0849,152.9,13.51,639.032,1395.47,1231.28
1995-09-05,572.68,563.84,509.932,454.087,23.694,27.3011,153.2,13.58,649.347,1415.22,1248.13
1995-09-11,583.35,572.68,513.087,455.09,24.1355,27.8098,153.2,13.58,661.742,1442.24,1271.38
1995-09-18,581.73,578.25,516.38,456.118,24.0685,27.7325,153.2,13.58,660.2,1438.88,1267.85
1995-09-25,584.41,574.68,519.717,457.164,24.1794,27.8603,153.2,13.58,663.538,1446.15,1273.7
1995-10-02,582.49,578.48,522.827,458.181,23.9091,27.52,153.7,13.65,661.656,1437.36,1265.38
1995-10-09,584.5,571.55,525.821,459.181,23.9916,27.615,153.7,13.65,664.238,1442.97,1269.75
1995-10-16,587.46,581.9,528.998,460.183,24.1131,27.7548,153.7,13.65,667.9,1450.92,1276.18
1995-10-23,579.7,572.53,531.991,461.05,23.7946,27.3882,153.7,13.65,659.376,1432.4,1259.32
1995-10-30,590.57,579.7,534.933,461.906,24.2408,27.9018,153.7,13.65,672.038,1459.91,1282.93
1995-11-06,592.72,584.24,538.006,462.794,24.2327,27.8645,153.6,13.72,674.785,1466.83,1288.44
1995-11-13,600.07,588.36,541.067,463.7,24.5332,28.2101,153.6,13.72,683.453,1485.68,1304.42
1995-11-20,599.97,595.42,543.428,464.622,24.5291,28.2054,153.6,13.72,683.64,1486.08,1304.2
1995-11-27,606.98,599.02,546.49,465.613,24.8157,28.5349,153.6,13.72,691.928,1504.1,1319.44
1995-12-04,617.48,606.84,549.792,466.645,25.1459,28.8861,153.5,13.79,704.2,1531.77,1343.14
1995-12-11,616.34,614.46,553.121,467.665,25.0995,28.8328,153.5,13.79,703.202,1529.6,1340.66
1995-12-18,611.95,605.05,556.238,468.667,24.9207,28.6274,153.5,13.79,698.496,1519.36,1331.11
1995-12-26,615.93,611.96,558.682,469.683,25.0828,28.8136,153.5,13.79,703.341,1529.9,1339.77
1996-01-02,616.71,612.02,561.152,470.745,24.8548,28.5259,154.4,13.8933,704.537,1523.57,1333.65
1996-01-08,601.81,597.29,563.771,471.724,24.2543,27.8367,154.4,13.8933,687.82,1487.42,1301.42
1996-01-15,611.83,598.47,566.366,472.727,24.6581,28.3001,154.4,13.8933,699.578,1512.85,1323.09
1996-01-22,621.62,610.65,569.129,473.818,25.0526,28.753,154.4,13.8933,711.077,1537.72,1344.26
1996-01-29,635.84,621.42,572.298,474.989,25.6257,29.4107,154.4,13.8933,727.65,1573.55,1375.01
1996-02-05,656.37,633.71,575.75,476.25,26.2492,30.0976,154.9,13.9967,751.452,1619.78,1414.83
1996-02-12,647.98,646.99,579.21,477.409,25.9137,29.7129,154.9,13.9967,742.155,1599.74,1396.74
1996-02-20,659.08,638.79,581.784,478.66,26.3576,30.2218,154.9,13.9967,755.176,1627.81,1420.67
1996-02-26,644.37,635,584.755,479.819,25.7693,29.5473,154.9,13.9967,738.63,1592.14,1388.96
1996-03-04,633.5,627.63,587.886,480.906,25.0924,28.7452,155.7,14.1,726.481,1557.91,1358.52
1996-03-11,641.43,628.82,590.662,482.063,25.4065,29.1051,155.7,14.1,735.885,1578.08,1375.52
1996-03-18,650.62,641.43,593.587,483.246,25.7705,29.5221,155.7,14.1,746.74,1601.35,1395.23
1996-03-25,645.5,644.89,596.477,484.396,25.5677,29.2897,155.7,14.1,741.175,1589.42,1384.25
1996-04-01,655.86,645.5,598.71,485.608,25.7656,29.4908,156.3,14.1567,753.383,1609.4,1401.07
1996-04-08,636.71,624.14,600.989,486.743,25.0133,28.6297,156.3,14.1567,731.698,1563.07,1360.16
1996-04-15,645.07,636.71,603.393,487.95,25.3417,29.0056,156.3,14.1567,741.618,1584.27,1378.02
1996-04-22,653.46,645.07,605.722,489.2,25.6713,29.3829,156.3,14.1567,751.577,1605.54,1395.94
1996-04-29,641.63,640.23,608.033,490.349,25.2066,28.8509,156.3,14.1567,738.284,1577.14,1370.67
1996-05-06,652.09,630.07,610.149,491.537,25.4572,29.1119,156.6,14.2133,750.634,1600.45,1390.34
1996-05-13,668.91,652.09,612.77,492.803,26.1139,29.8628,156.6,14.2133,770.31,1642.41,1426.21
1996-05-20,678.51,667.64,615.681,494.138,26.4886,30.2914,156.6,14.2133,781.68,1666.65,1446.68
1996-05-28,669.12,664.56,617.919,495.362,26.1221,29.8722,156.6,14.2133,771.177,1644.26,1426.65
1996-06-03,673.31,662.48,620.779,496.635,26.1535,29.8815,156.7,14.27,776.323,1654.17,1434.67
1996-06-10,665.85,664.35,623.521,497.864,25.8637,29.5504,156.7,14.27,768.038,1636.52,1418.78
1996-06-17,666.84,658.75,625.935,499.124,25.9022,29.5944,156.7,14.27,769.496,1639.62,1420.89
1996-06-24,670.63,661.56,628.212,500.403,26.0494,29.7626,156.7,14.27,774.186,1649.62,1428.96
1996-07-01,657.44,657.41,629.924,501.605,25.3744,28.9684,157,14.4,759.279,1614.76,1398.18
1996-07-08,646.19,639.52,631.655,502.738,24.9402,28.4727,157,14.4,746.606,1587.81,1374.25
1996-07-15,638.73,605.88,632.948,503.817,24.6523,28.144,157,14.4,738.307,1570.16,1358.39
1996-07-22,635.9,616.43,634.218,504.925,24.5431,28.0193,157,14.4,735.356,1563.88,1352.37
1996-07-29,662.49,629.22,635.687,506.185,25.5693,29.1909,157,14.4,766.425,1629.96,1408.92
1996-08-05,662.1,656.83,637.583,507.482,25.3903,28.9626,157.3,14.53,766.297,1626.58,1405.41
1996-08-12,665.21,658.47,639.634,508.749,25.5096,29.0987,157.3,14.53,770.22,1634.91,1412.01
1996-08-19,667.03,662.16,641.575,510.014,25.5793,29.1783,157.3,14.53,772.651,1640.07,1415.87
1996-08-26,651.99,650.52,643.29,511.181,25.0026,28.5204,157.3,14.53,755.553,1603.77,1383.95
1996-09-03,655.68,643.97,644.395,512.371,24.9495,28.4362,157.8,14.66,760.156,1608.43,1387.37
1996-09-09,680.54,655.68,646.058,513.662,25.8955,29.5144,157.8,14.66,789.304,1670.11,1439.97
1996-09-16,687.03,679.06,647.831,514.964,26.1424,29.7958,157.8,14.66,797.158,1686.72,1453.7
1996-09-23,686.19,681.01,649.513,516.244,26.1105,29.7594,157.8,14.66,796.51,1685.35,1451.92
1996-09-30,701.46,684.44,651.546,517.591,26.6915,30.4216,157.8,14.66,814.563,1723.55,1484.23
1996-10-07,700.66,693.34,653.699,518.925,26.4533,30.1237,158.3,14.74,813.963,1716.84,1477.86
1996-10-14,710.82,699.07,655.879,520.273,26.8369,30.5605,158.3,14.74,826.095,1742.43,1499.29
1996-10-21,700.92,700.53,658.359,521.579,26.4631,30.1349,158.3,14.74,814.919,1718.86,1478.41
1996-10-28,703.77,696.22,660.729,522.919,26.5707,30.2574,158.3,14.74,818.562,1726.54,1484.42
1996-11-04,730.82,702.84,663.325,524.428,27.4038,31.1765,158.6,14.82,850.356,1790.21,1538.56
1996-11-11,737.62,728.03,665.831,525.93,27.6587,31.4666,158.6,14.82,858.6,1807.57,1552.87
1996-11-18,748.73,734.39,668.154,527.493,28.0753,31.9405,158.6,14.82,871.864,1835.49,1576.26
1996-11-25,757.02,747.99,670.135,529.085,28.3862,32.2942,158.6,14.82,881.849,1856.51,1593.72
1996-12-02,739.6,726.89,672.531,530.538,27.5878,31.3559,158.6,14.9,861.89,1814.49,1557.04
1996-12-09,728.64,721.97,674.874,531.958,27.179,30.8913,158.6,14.9,849.452,1788.31,1533.97
1996-12-16,748.87,716.69,677.012,533.532,27.9336,31.7489,158.6,14.9,873.37,1838.66,1576.56
1996-12-23,756.79,743.28,679.282,535.099,28.229,32.0847,158.6,14.9,882.941,1858.81,1593.23
1996-12-30,748.03,729.55,681.201,536.608,27.9022,31.7133,158.6,14.9,873.055,1838,1574.79
1997-01-06,759.5,742.18,683.761,538.157,28.0844,31.8884,159.1,14.9533,886.778,1861.02,1593.91
1997-01-13,776.17,756.69,686.672,539.787,28.7008,32.5883,159.1,14.9533,906.577,1902.57,1628.9
1997-01-20,770.52,768.17,690.105,541.4,28.4919,32.3511,159.1,14.9533,900.314,1889.43,1617.04
1997-01-27,786.16,761.75,693.423,543.124,29.0702,33.0078,159.1,14.9533,918.924,1928.48,1649.86
1997-02-03,789.56,773.43,696.805,544.863,28.942,32.8275,159.6,15.0067,923.236,1931.46,1651.81
1997-02-10,808.48,780.95,700.496,546.66,29.6355,33.6142,159.6,15.0067,945.696,1978.45,1691.39
1997-02-18,801.77,799.99,703.836,548.484,29.3895,33.3352,159.6,15.0067,938.185,1962.74,1677.35
1997-02-24,790.82,788.5,707.455,550.237,28.9882,32.8799,159.6,15.0067,925.71,1936.64,1654.44
1997-03-03,804.97,785.66,710.623,552.051,29.2682,33.1632,160,15.06,942.612,1967.07,1679.83
1997-03-10,793.17,789.44,713.851,553.819,28.8392,32.6771,160,15.06,929.134,1938.94,1655.21
1997-03-17,784.1,778.04,716.737,555.51,28.5094,32.3034,160,15.06,918.848,1917.48,1636.28
1997-03-24,773.88,767.32,719.031,557.128,28.1378,31.8824,160,15.06,907.211,1893.19,1614.95
1997-03-31,757.9,744.04,721.292,558.668,27.5568,31.224,160,15.06,888.818,1854.81,1581.61
1997-04-07,737.65,737.64,723.563,560.119,26.6362,30.1517,160.2,15.0933,865.41,1803.71,1537.43
1997-04-14,766.34,733.54,725.708,561.733,27.6722,31.3244,160.2,15.0933,899.41,1874.57,1597.22
1997-04-21,765.37,756.38,728.601,563.322,27.6372,31.2847,160.2,15.0933,898.612,1872.91,1595.2
1997-04-28,812.97,763.3,732.591,565.157,29.356,33.2304,160.2,15.0933,954.839,1990.1,1694.41
1997-05-05,824.78,811.8,737.398,567.041,29.6298,33.5049,160.1,15.1267,969.052,2020.98,1720.1
1997-05-12,829.75,824.78,742.33,568.961,29.8084,33.7068,160.1,15.1267,975.233,2033.87,1730.46
1997-05-19,847.03,826.41,746.756,570.96,30.4292,34.4087,160.1,15.1267,995.885,2076.94,1766.5
1997-05-27,848.28,831.87,750.452,572.961,30.4741,34.4595,160.1,15.1267,997.697,2080.72,1769.11
1997-06-02,858.01,838.82,754.995,575.008,30.6045,34.5694,160.3,15.16,1009.48,2102.68,1787.17
1997-06-09,893.27,858.01,760.203,577.223,31.8622,35.99,160.3,15.16,1051.31,2189.8,1860.61
1997-06-16,898.7,886.19,766.227,579.436,32.0559,36.2088,160.3,15.16,1058.04,2203.83,1871.92
1997-06-23,887.3,878.43,771.794,581.57,31.6493,35.7495,160.3,15.16,1044.97,2176.59,1848.18
1997-06-30,916.92,879.82,776.135,583.848,32.7058,36.9429,160.3,15.16,1080.19,2249.96,1909.87
1997-07-07,916.68,902.48,781.84,586.123,32.4617,36.6264,160.5,15.2167,1080.26,2247.28,1906.99
1997-07-14,915.3,912.02,787.766,588.405,32.4129,36.5712,160.5,15.2167,1078.97,2244.62,1904.12
1997-07-21,938.79,907.12,793.604,590.811,33.2447,37.5098,160.5,15.2167,1107.01,2302.94,1952.99
1997-07-28,947.14,932.56,799.737,593.24,33.5404,37.8434,160.5,15.2167,1117.2,2324.14,1970.36
1997-08-04,933.54,925.74,805.768,595.606,32.8077,36.9756,160.8,15.2733,1101.51,2287.22,1938.45
1997-08-11,900.81,900.81,811.309,597.763,31.6574,35.6792,160.8,15.2733,1063.23,2207.75,1870.48
1997-08-18,923.54,893.34,816.669,600.064,32.4563,36.5795,160.8,15.2733,1090.41,2264.17,1917.68
1997-08-25,899.47,896.82,821.164,602.222,31.6104,35.6261,160.8,15.2733,1062.34,2205.88,1867.7
1997-09-02,929.05,899.47,824.977,604.57,32.3887,36.4626,161.2,15.33,1097.62,2273.49,1924.34
1997-09-08,923.91,902.56,829.337,606.862,32.2095,36.2609,161.2,15.33,1091.9,2261.64,1913.69
1997-09-15,950.51,919.41,834.058,609.302,33.1369,37.3049,161.2,15.33,1123.68,2327.47,1968.79
1997-09-22,945.22,937.38,839.123,611.713,32.9525,37.0972,161.2,15.33,1117.78,2315.24,1957.83
1997-09-29,965.03,941.94,844.848,614.213,33.6431,37.8747,161.2,15.33,1141.55,2364.49,1998.86
1997-10-06,966.98,963.34,850.443,616.728,33.4487,37.6134,161.6,15.3867,1144.21,2364.12,1997.94
1997-10-13,944.16,931.58,855.778,619.117,32.6594,36.7258,161.6,15.3867,1117.55,2309.05,1950.79
1997-10-20,941.64,937.55,860.903,621.489,32.5722,36.6278,161.6,15.3867,1114.92,2303.61,1945.59
1997-10-27,914.62,855.27,864.377,623.73,31.6375,35.5767,161.6,15.3867,1083.28,2238.24,1889.76
1997-11-03,927.51,914.62,868.349,626.018,31.9436,35.8816,161.5,15.4433,1098.9,2271.91,1917.58
1997-11-10,928.35,900.61,871.964,628.285,31.9726,35.9141,161.5,15.4433,1100.25,2274.7,1919.31
1997-11-17,963.09,928.35,876.1,630.727,33.169,37.2581,161.5,15.4433,1141.77,2360.55,1991.14
1997-11-24,955.4,944.71,879.174,633.11,32.9042,36.9606,161.5,15.4433,1133.01,2342.43,1975.24
1997-12-01,983.79,955.4,883.366,635.68,33.766,37.8862,161.3,15.5,1167.03,2415.76,2036.45
1997-12-08,953.39,947,887.478,638.096,32.7226,36.7155,161.3,15.5,1131.32,2341.84,1973.53
1997-12-15,946.78,924.92,891.514,640.492,32.4957,36.4609,161.3,15.5,1123.83,2326.34,1959.84
1997-12-22,936.46,932.7,894.23,642.844,32.1415,36.0635,161.3,15.5,1111.93,2301.71,1938.48
1997-12-29,975.04,936.46,897.757,645.395,33.4657,37.5492,161.3,15.5,1158.1,2397.27,2018.34
1998-01-05,927.69,921.72,902.027,647.701,31.6433,35.465,161.6,15.55,1102.21,2277.35,1916.76
1998-01-12,961.51,912.83,906.88,650.154,32.7969,36.7579,161.6,15.55,1142.75,2361.11,1986.64
1998-01-20,957.59,950.86,910.996,652.639,32.6632,36.6081,161.6,15.55,1138.45,2352.22,1978.54
1998-01-26,980.28,954.24,916.552,655.311,33.4371,37.4755,161.6,15.55,1165.78,2408.69,2025.42
1998-02-02,1012.46,980.28,922.519,658.138,34.3272,38.4279,161.9,15.6,1204.4,2483.88,2088.03
1998-02-09,1020.09,1006.28,928.465,661.007,34.5859,38.7175,161.9,15.6,1213.84,2503.34,2103.77
1998-02-17,1034.21,1020.09,932.704,663.94,35.0647,39.2534,161.9,15.6,1230.99,2538.73,2132.89
1998-02-23,1049.34,1028.89,938.095,666.933,35.5776,39.8277,161.9,15.6,1249.36,2576.6,2164.09
1998-03-02,1055.69,1030.87,943.371,669.972,35.5844,39.7865,162.2,15.64,1257.28,2588.14,2173.16
1998-03-09,1068.61,1050.02,948.894,673.094,36.0199,40.2735,162.2,15.64,1273.02,2620.55,2199.76
1998-03-16,1099.16,1068.61,954.943,676.315,37.0496,41.4248,162.2,15.64,1309.78,2696.21,2262.65
1998-03-23,1095.44,1091.14,960.944,679.506,36.9242,41.2846,162.2,15.64,1305.7,2687.82,2254.99
1998-03-30,1122.7,1090.02,966.404,682.819,37.8431,42.312,162.2,15.64,1338.55,2755.44,2311.1
1998-04-06,1110.67,1098.21,970.762,686.079,37.2257,41.5701,162.5,15.75,1324.57,2721.63,2282.12
1998-04-13,1122.72,1100.6,976.46,689.4,37.6295,42.0211,162.5,15.75,1339.3,2751.9,2306.88
1998-04-20,1107.9,1104.77,981.704,692.726,37.1328,41.4665,162.5,15.75,1321.99,2716.31,2276.43
1998-04-27,1121,1076.7,986.143,696.1,37.5719,41.9568,162.5,15.75,1337.98,2749.17,2303.34
1998-05-04,1108.14,1094.53,990.72,699.393,36.9473,41.2078,162.8,15.85,1322.99,2713.37,2272.73
1998-05-11,1108.73,1102.78,995.007,702.665,36.9669,41.2297,162.8,15.85,1324.06,2715.57,2273.94
1998-05-18,1110.47,1097.99,998.982,705.952,37.0249,41.2945,162.8,15.85,1326.5,2720.57,2277.5
1998-05-26,1090.82,1074.39,1002.11,709.115,36.3698,40.5637,162.8,15.85,1303.39,2673.18,2237.2
1998-06-01,1113.86,1078.1,1006.56,712.399,36.9839,41.1967,163,15.95,1331.29,2727.04,2281.65
1998-06-08,1098.84,1080.83,1011.16,715.583,36.4852,40.6411,163,15.95,1313.71,2691.02,2250.89
1998-06-15,1100.65,1074.67,1015.69,718.768,36.5453,40.7081,163,15.95,1316.24,2696.2,2254.59
1998-06-22,1133.2,1099.42,1020.56,722.065,37.6261,41.9119,163,15.95,1355.53,2776.69,2321.27
1998-06-29,1146.42,1131.98,1024.89,725.442,38.065,42.4009,163,15.95,1371.71,2809.84,2348.35
1998-07-06,1164.33,1145.03,1030.15,728.923,38.516,42.8462,163.2,16.0167,1393.51,2850.99,2382.11
1998-07-13,1186.75,1160.21,1035.95,732.501,39.2577,43.6713,163.2,16.0167,1420.71,2906.64,2427.98
1998-07-20,1140.8,1129.11,1040.74,735.907,37.7376,41.9803,163.2,16.0167,1366.07,2794.85,2333.97
1998-07-27,1120.67,1114.3,1044.82,739.196,37.0717,41.2396,163.2,16.0167,1342.33,2746.29,2292.79
1998-08-03,1089.45,1057.35,1048.08,742.368,35.9123,39.9011,163.4,16.0833,1305.31,2667.27,2226.19
1998-08-10,1062.75,1054,1051.65,745.336,35.0321,38.9232,163.4,16.0833,1273.69,2602.66,2171.63
1998-08-17,1081.24,1054.92,1055.84,748.418,35.6416,39.6004,163.4,16.0833,1296.22,2648.7,2209.41
1998-08-24,1027.14,1021.04,1059.25,751.185,33.8583,37.619,163.4,16.0833,1231.73,2516.93,2098.86
1998-08-31,973.89,939.98,1060.57,753.743,32.103,35.6687,163.4,16.0833,1168.25,2387.2,1990.05
1998-09-08,1009.06,968.64,1061.59,756.477,33.1519,36.7926,163.6,16.14,1210.81,2471.15,2059.4
1998-09-14,1020.09,1009.06,1063.33,759.27,33.5143,37.1948,163.6,16.14,1224.42,2498.92,2081.91
1998-09-21,1044.75,993.82,1064.91,762.232,34.3245,38.0939,163.6,16.14,1254.39,2560.09,2132.24
1998-09-28,1002.6,971.69,1066.38,764.978,32.9397,36.5571,163.6,16.14,1204.15,2457.57,2046.21
1998-10-05,984.39,923.32,1067.02,767.666,32.2004,35.6965,164,16.1667,1182.66,2407.8,2004.15
1998-10-12,1056.42,984.39,1068.71,770.654,34.5565,38.3085,164,16.1667,1269.57,2584.75,2150.8
1998-10-19,1070.67,1054.23,1071.24,773.708,35.0227,38.8252,164,16.1667,1287.07,2620.38,2179.81
1998-10-26,1098.67,1059.65,1074.55,776.905,35.9386,39.8406,164,16.1667,1321.1,2689.66,2236.82
1998-11-02,1141.01,1098.67,1078.48,780.307,37.2577,41.2519,164,16.1833,1372.38,2794.08,2323.02
1998-11-09,1125.72,1115.55,1082.24,783.605,36.7584,40.6991,164,16.1833,1354.37,2757.4,2291.89
1998-11-16,1163.55,1125.72,1085.77,787.099,37.9937,42.0668,164,16.1833,1400.26,2850.82,2368.91
1998-11-23,1192.33,1163.55,1089.15,790.709,38.9335,43.1073,164,16.1833,1435.27,2922.1,2427.5
1998-11-30,1176.74,1149.61,1092.65,794.199,38.4244,42.5437,164,16.1833,1416.87,2884.66,2395.76
1998-12-07,1166.46,1153.19,1096.02,797.624,38.0508,42.0764,163.9,16.2,1404.87,2861.97,2376.28
1998-12-14,1188.03,1136.89,1099.01,801.155,38.7544,42.8545,163.9,16.2,1431.23,2915.65,2420.22
1998-12-21,1226.27,1188.03,1102.04,804.845,40.0018,44.2339,163.9,16.2,1477.67,3010.27,2498.12
1998-12-28,1229.23,1220.78,1105.11,808.564,40.0984,44.3406,163.9,16.2,1481.61,3018.3,2504.15
1999-01-04,1275.09,1219.1,1109.1,812.492,41.4322,45.7555,164.3,16.2833,1537.26,3124.05,2591.25
1999-01-11,1243.26,1205.46,1112.57,816.231,40.3979,44.6133,164.3,16.2833,1499.27,3046.83,2526.57
1999-01-19,1225.19,1217.97,1115.04,819.852,39.8108,43.9649,164.3,16.2833,1477.85,3003.31,2489.85
1999-01-25,1279.64,1219.46,1118.63,823.747,41.58,45.9188,164.3,16.2833,1543.91,3137.55,2600.5
1999-02-01,1239.4,1232.28,1122.05,827.411,40.1675,44.3011,164.5,16.3667,1495.74,3035.97,2515.66
1999-02-08,1230.13,1211.89,1125.42,831.016,39.867,43.9697,164.5,16.3667,1484.93,3014.03,2496.85
1999-02-16,1239.22,1220.7,1127.78,834.67,40.1616,44.2947,164.5,16.3667,1496.29,3037.07,2515.3
1999-02-22,1238.33,1225.01,1131.52,838.288,40.1328,44.2628,164.5,16.3667,1495.59,3035.66,2513.49
1999-03-01,1275.47,1216.03,1134.78,842.064,41.1564,45.3316,165,16.45,1540.83,3118.01,2581.03
1999-03-08,1294.59,1271.58,1139.34,845.91,41.7733,46.0111,165,16.45,1564.31,3165.52,2619.72
1999-03-15,1299.29,1291.03,1144.7,849.81,41.925,46.1781,165,16.45,1570.37,3177.79,2629.23
1999-03-22,1282.8,1256.43,1148.92,853.606,41.3929,45.5921,165,16.45,1550.82,3138.23,2595.86
1999-03-29,1293.72,1282.56,1153.09,857.412,41.7453,45.9802,165,16.45,1564.41,3165.72,2617.96
1999-04-05,1348.35,1293.72,1158.69,861.514,43.1393,47.4508,166.2,16.45,1630.85,3276.34,2708.81
1999-04-12,1319,1308.38,1163.75,865.41,42.2003,46.418,166.2,16.45,1595.73,3205.79,2649.84
1999-04-19,1356.85,1284.21,1168.12,869.446,43.4113,47.75,166.2,16.45,1641.91,3298.56,2725.88
1999-04-26,1335.18,1314.58,1172.68,873.398,42.7179,46.9874,166.2,16.45,1616.07,3246.65,2682.35
1999-05-03,1345,1317.44,1176.81,877.341,42.9698,47.2004,166.2,16.45,1628.34,3271.29,2702.08
1999-05-10,1337.8,1332.63,1182.22,881.23,42.7397,46.9478,166.2,16.45,1620,3254.55,2687.61
1999-05-17,1330.29,1321.19,1188,885.114,42.4998,46.6842,166.2,16.45,1611.29,3237.05,2672.53
1999-05-24,1301.84,1277.31,1193.32,888.808,41.5909,45.6858,166.2,16.45,1577.21,3168.59,2615.37
1999-06-01,1327.75,1277.47,1197.79,892.652,42.3465,46.4534,166.2,16.45,1608.99,3232.42,2667.42
1999-06-07,1293.64,1287.88,1203.37,896.345,41.2586,45.26,166.2,16.45,1568.04,3150.15,2598.9
1999-06-14,1342.84,1292.2,1210.88,900.263,42.8278,46.9813,166.2,16.45,1628.06,3270.73,2697.74
1999-06-21,1315.31,1308.47,1219.25,904.039,41.9498,46.0181,166.2,16.45,1595.06,3204.45,2642.43
1999-06-28,1391.22,1315.31,1227.87,908.176,44.3708,48.674,166.2,16.45,1687.5,3390.15,2794.93
1999-07-06,1403.28,1384.95,1235.32,912.329,44.5354,48.7869,166.7,16.5133,1702.51,3410.06,2810.71
1999-07-12,1418.78,1386.51,1244.16,916.506,45.0274,49.3258,166.7,16.5133,1721.7,3448.5,2841.75
1999-07-19,1356.94,1349.91,1253.67,920.382,43.0648,47.1759,166.7,16.5133,1647.05,3298.96,2717.89
1999-07-26,1328.72,1328.49,1262.87,924.104,42.1692,46.1948,166.7,16.5133,1613.18,3231.12,2661.37
1999-08-02,1300.29,1287.23,1269.54,927.693,41.0716,44.9335,167.1,16.5767,1579.05,3155.19,2598.19
1999-08-09,1327.68,1267.73,1275.29,931.409,41.9367,45.88,167.1,16.5767,1612.7,3222.43,2652.92
1999-08-16,1336.61,1315.35,1281.25,935.154,42.2188,46.1886,167.1,16.5767,1623.93,3244.88,2670.76
1999-08-23,1348.27,1336.61,1287.07,938.997,42.5871,46.5915,167.1,16.5767,1638.49,3273.96,2694.06
1999-08-30,1357.24,1304.88,1292.13,942.831,42.8704,46.9015,167.1,16.5767,1649.77,3296.51,2711.98
1999-09-07,1351.66,1333.91,1295.86,946.625,42.3733,46.299,167.9,16.64,1643.38,3268.09,2687.96
1999-09-13,1335.42,1299.97,1299.61,950.302,41.8642,45.7427,167.9,16.64,1624.02,3229.6,2655.67
1999-09-20,1277.36,1263.84,1302.83,953.689,40.0441,43.754,167.9,16.64,1553.81,3089.96,2540.21
1999-09-27,1282.81,1256.26,1305.74,957.068,40.2149,43.9406,167.9,16.64,1560.83,3103.92,2551.05
1999-10-04,1336.02,1282.81,1308.98,960.661,41.6762,45.4819,168.2,16.6567,1625.96,3227.67,2652.12
1999-10-11,1247.41,1245.39,1310.53,963.816,38.912,42.4654,168.2,16.6567,1518.51,3014.38,2476.22
1999-10-18,1301.65,1233.7,1311.26,967.265,40.604,44.3119,168.2,16.6567,1584.92,3146.22,2583.9
1999-10-25,1362.93,1280.48,1313.02,971,42.5156,46.398,168.2,16.6567,1659.93,3295.12,2705.54
1999-11-01,1370.23,1346.41,1315.91,974.767,42.5631,46.3909,168.3,16.6733,1669.21,3311.57,2718.42
1999-11-08,1396.06,1359.98,1319.01,978.739,43.3655,47.2654,168.3,16.6733,1701.07,3374.77,2769.66
1999-11-15,1422,1392.28,1322.89,982.79,44.1712,48.1436,168.3,16.6733,1733.07,3438.25,2821.12
1999-11-22,1416.62,1399.17,1326.5,986.765,44.0041,47.9615,168.3,16.6733,1726.9,3426.02,2810.45
1999-11-29,1433.3,1386.95,1330.82,990.752,44.5222,48.5262,168.3,16.6733,1747.62,3467.14,2843.54
1999-12-06,1417.04,1391.47,1334.73,994.555,43.8378,47.719,168.3,16.69,1728.19,3428.58,2811.28
1999-12-13,1421.03,1396.2,1339.03,998.42,43.9613,47.8534,168.3,16.69,1733.45,3439.01,2819.2
1999-12-20,1458.34,1411.1,1342.02,1002.42,45.1155,49.1098,168.3,16.69,1779.35,3530.08,2893.22
1999-12-27,1469.25,1450.83,1345.97,1006.54,45.453,49.4772,168.3,16.69,1793.06,3557.27,2914.86
2000-01-03,1441.47,1377.68,1349.39,1010.58,44.2602,48.1178,168.8,16.7133,1759.55,3480.44,2851.28
2000-01-10,1465.15,1427.08,1353.24,1014.7,44.9873,48.9082,168.8,16.7133,1788.84,3538.4,2898.12
2000-01-18,1441.36,1438.54,1355.68,1018.65,44.2568,48.1141,168.8,16.7133,1760.19,3481.72,2851.06
2000-01-24,1360.16,1356.2,1357.01,1022.23,41.7636,45.4036,168.8,16.7133,1661.42,3286.35,2690.45
2000-01-31,1424.37,1350.14,1359.28,1026.07,43.7351,47.547,168.8,16.7133,1740.24,3442.27,2817.46
2000-02-07,1387.12,1378.89,1360.82,1029.82,42.1325,45.75,169.8,16.7367,1695.13,3333.28,2727.61
2000-02-14,1346.09,1345.32,1361.88,1033.33,40.8862,44.3967,169.8,16.7367,1645.38,3235.45,2646.93
2000-02-22,1333.36,1329.15,1361.85,1036.73,40.4996,43.9769,169.8,16.7367,1630.21,3205.63,2621.9
2000-02-28,1409.17,1325.07,1362.67,1040.56,42.8022,46.4772,169.8,16.7367,1723.29,3388.66,2770.97
2000-03-06,1395.07,1346.62,1364.39,1044.28,41.808,45.3438,171.2,16.76,1706.45,3328.09,2720.81
2000-03-13,1464.47,1356.99,1367.32,1048.26,43.8878,47.5995,171.2,16.76,1791.73,3494.42,2856.17
2000-03-20,1527.46,1446.06,1371.85,1052.5,45.7756,49.6469,171.2,16.76,1869.19,3645.49,2979.02
2000-03-27,1498.58,1474.63,1376.68,1056.65,44.9101,48.7082,171.2,16.76,1834.24,3577.34,2922.69
2000-04-03,1516.35,1416.41,1380.83,1060.86,45.1665,48.9298,171.3,16.74,1856.39,3618.41,2955.62
2000-04-10,1356.56,1339.4,1383.42,1064.32,40.407,43.7737,171.3,16.74,1661.16,3237.88,2644.16
2000-04-17,1434.54,1346.5,1384.1,1068.16,42.7297,46.29,171.3,16.74,1757.04,3424.77,2796.16
2000-04-24,1452.43,1407.13,1385.51,1072.06,43.2626,46.8673,171.3,16.74,1779.35,3468.25,2831.03
2000-05-01,1432.63,1398.36,1386.65,1075.94,42.3847,45.8661,171.5,16.72,1755.49,3417.75,2789.18
2000-05-08,1420.96,1375.14,1388.02,1079.81,42.0394,45.4924,171.5,16.72,1741.58,3390.67,2766.46
2000-05-15,1406.95,1401.74,1391.08,1083.66,41.6249,45.0439,171.5,16.72,1724.8,3358.01,2739.18
2000-05-22,1378.02,1361.09,1393.35,1087.37,40.769,44.1177,171.5,16.72,1689.73,3289.73,2682.86
2000-05-30,1477.26,1378.02,1395.51,1091.44,43.7051,47.2949,171.5,16.72,1811.81,3527.41,2876.07
2000-06-05,1456.95,1454.74,1398.26,1095.41,42.6354,46.0871,172.4,16.7,1787.3,3461.52,2821.72
2000-06-12,1464.46,1442.38,1401.48,1099.41,42.8551,46.3247,172.4,16.7,1796.91,3480.12,2836.27
2000-06-19,1441.48,1438.31,1404.56,1103.28,42.1827,45.5978,172.4,16.7,1769.1,3426.28,2791.76
2000-06-26,1454.6,1434.63,1407.51,1107.3,42.5666,46.0128,172.4,16.7,1785.6,3458.23,2817.17
2000-07-03,1478.9,1439.56,1410.32,1111.41,42.9294,46.3557,172.8,16.5833,1815.82,3508.62,2857.6
2000-07-10,1509.98,1470.48,1415.64,1115.56,43.8315,47.3299,172.8,16.5833,1854.37,3583.11,2917.66
2000-07-17,1480.19,1477.91,1420.46,1119.52,42.9668,46.3961,172.8,16.5833,1818.18,3513.17,2860.09
2000-07-24,1419.89,1413.89,1423.83,1123.19,41.2164,44.506,172.8,16.5833,1744.5,3370.81,2743.58
2000-07-31,1462.93,1418.71,1428.26,1127,42.4658,45.8551,172.8,16.5833,1797.77,3473.75,2826.74
2000-08-07,1471.84,1453.06,1432.81,1130.86,42.4765,45.8181,172.8,16.4667,1809.11,3495.65,2843.96
2000-08-14,1491.72,1468.56,1436.22,1134.76,43.0502,46.437,172.8,16.4667,1833.94,3543.62,2882.37
2000-08-21,1506.45,1489.52,1439.57,1138.79,43.4753,46.8955,172.8,16.4667,1852.44,3579.36,2910.84
2000-08-28,1520.77,1500.09,1442.38,1142.87,43.8886,47.3413,172.8,16.4667,1870.43,3614.14,2938.51
2000-09-05,1494.5,1489.88,1444,1146.69,42.6529,45.9609,173.7,16.35,1838.51,3534.05,2872.78
2000-09-11,1465.81,1460.22,1445.87,1150.33,41.8341,45.0786,173.7,16.35,1803.6,3466.95,2817.63
2000-09-18,1448.72,1421.88,1446.75,1153.83,41.3463,44.553,173.7,16.35,1782.96,3427.27,2784.78
2000-09-25,1436.51,1419.44,1447.4,1157.23,40.9979,44.1775,173.7,16.35,1768.32,3399.13,2761.31
2000-10-02,1408.99,1397.06,1447.47,1160.58,39.9035,42.9573,174,16.3233,1734.83,3329.01,2703.74
2000-10-09,1374.17,1327.08,1445.26,1163.8,38.9174,41.8957,174,16.3233,1692.35,3247.48,2636.93
2000-10-16,1396.93,1305.79,1443.87,1167.05,39.562,42.5897,174,16.3233,1720.76,3302.01,2680.6
2000-10-23,1379.58,1337.81,1442.29,1170.16,39.0706,42.0607,174,16.3233,1699.78,3261.74,2647.31
2000-10-30,1426.69,1376.86,1441.49,1173.55,40.4048,43.497,174,16.3233,1758.21,3373.86,2737.71
2000-11-06,1365.98,1365.97,1441.82,1176.58,38.4427,41.3483,174.1,16.2967,1683.78,3229.18,2619.7
2000-11-13,1367.72,1328.62,1440.83,1179.54,38.4917,41.401,174.1,16.2967,1686.31,3234.03,2623.04
2000-11-20,1341.77,1321.89,1439.13,1182.4,37.7614,40.6155,174.1,16.2967,1654.7,3173.42,2573.27
2000-11-27,1315.23,1294.9,1437.64,1185.04,37.0145,39.8121,174.1,16.2967,1622.36,3111.39,2522.37
2000-12-04,1369.89,1310.23,1437.74,1187.95,38.3654,41.2325,174,16.27,1690.17,3243.3,2628.71
2000-12-11,1312.15,1305.38,1437.14,1190.46,36.7483,39.4946,174,16.27,1619.31,3107.34,2517.91
2000-12-18,1305.95,1254.07,1434.96,1192.99,36.5746,39.308,174,16.27,1612.05,3093.39,2506.02
2000-12-26,1320.28,1301.64,1433.48,1195.63,36.976,39.7393,174,16.27,1630.12,3128.08,2533.51
2001-01-02,1298.35,1274.62,1430.22,1198.1,35.9467,38.6043,175.1,16.17,1603.43,3057.53,2475.78
2001-01-08,1318.55,1276.29,1425.02,1200.73,36.506,39.205,175.1,16.17,1628.76,3105.83,2514.3
2001-01-16,1342.54,1313.33,1421.82,1203.52,37.1702,39.9183,175.1,16.17,1658.78,3163.07,2560.05
2001-01-22,1354.95,1333.84,1418.17,1206.42,37.5138,40.2873,175.1,16.17,1674.5,3193.04,2583.71
2001-01-29,1349.47,1348.72,1416.76,1209.38,37.362,40.1243,175.1,16.17,1668.11,3180.86,2573.26
2001-02-05,1314.76,1309.98,1414.09,1212.27,36.0819,38.7239,175.8,16.07,1625.58,3087.43,2497.09
2001-02-12,1301.53,1293.18,1410.82,1214.94,35.7189,38.3343,175.8,16.07,1609.61,3057.09,2471.96
2001-02-20,1245.86,1215.44,1407.59,1217.35,34.1911,36.6946,175.8,16.07,1541.14,2927.05,2366.23
2001-02-26,1234.18,1214.5,1403.14,1219.45,33.8705,36.3506,175.8,16.07,1527.08,2900.34,2344.05
2001-03-05,1233.42,1228.42,1399.09,1221.49,33.6226,36.0662,176.2,15.97,1526.52,2892.69,2337.29
2001-03-12,1150.53,1148.64,1393.42,1223.1,31.363,33.6424,176.2,15.97,1424.31,2699.01,2180.21
2001-03-19,1139.83,1081.19,1385.27,1224.56,31.0713,33.3296,176.2,15.97,1411.44,2674.63,2159.94
2001-03-26,1160.33,1136.26,1377.73,1226.12,31.6302,33.929,176.2,15.97,1437.21,2723.46,2198.78
2001-04-02,1128.43,1091.99,1368.99,1227.48,30.5133,32.7157,176.9,15.8767,1398.08,2638.82,2129.87
2001-04-09,1183.5,1126.38,1363.27,1228.93,32.0025,34.3123,176.9,15.8767,1466.68,2768.31,2233.81
2001-04-16,1242.98,1167.38,1357.46,1230.65,33.6108,36.0367,176.9,15.8767,1540.77,2908.16,2346.08
2001-04-23,1253.05,1207.38,1351.29,1232.48,33.8831,36.3287,176.9,15.8767,1553.63,2932.43,2365.09
2001-04-30,1266.61,1232,1345.32,1234.22,34.2498,36.7218,176.9,15.8767,1570.83,2964.88,2390.68
2001-05-07,1245.67,1240.79,1339.89,1235.87,33.4121,35.8074,177.7,15.7833,1545.23,2903.44,2340.57
2001-05-14,1291.96,1241.02,1335.82,1237.75,34.6537,37.138,177.7,15.7833,1603.03,3012.04,2427.55
2001-05-21,1277.89,1276.42,1331.48,1239.45,34.2763,36.7336,177.7,15.7833,1585.95,2979.95,2401.11
2001-05-29,1260.67,1245.96,1327.1,1241.02,33.8145,36.2386,177.7,15.7833,1564.96,2940.5,2368.76
2001-06-04,1264.96,1256.36,1321.59,1242.67,33.7693,36.1776,178,15.69,1570.66,2946.24,2372.81
2001-06-11,1214.36,1203.03,1314.8,1244.24,32.4185,34.7305,178,15.69,1508.2,2829.09,2277.9
2001-06-18,1225.35,1207.71,1307.63,1245.75,32.7119,35.0448,178,15.69,1522.23,2855.39,2298.51
2001-06-25,1224.38,1204.64,1300.85,1247.37,32.686,35.017,178,15.69,1521.4,2853.84,2296.69
2001-07-02,1190.59,1188.74,1296,1248.68,31.7929,34.0522,177.5,15.7067,1479.78,2783.6,2239.6
2001-07-09,1215.68,1168.46,1289.84,1250.14,32.4629,34.7698,177.5,15.7067,1511.34,2842.97,2286.8
2001-07-16,1210.85,1196.14,1284.17,1251.44,32.3339,34.6316,177.5,15.7067,1505.72,2832.38,2277.71
2001-07-23,1205.82,1165.54,1278.64,1252.75,32.1996,34.4878,177.5,15.7067,1499.84,2821.32,2268.25
2001-07-30,1214.35,1200.41,1275.01,1253.99,32.4274,34.7317,177.5,15.7067,1510.82,2841.98,2284.29
2001-08-06,1190.16,1169.55,1270.21,1255.11,31.715,33.9641,177.5,15.7233,1481.1,2786.08,2238.79
2001-08-13,1161.97,1156.07,1265.02,1256.2,30.9638,33.1597,177.5,15.7233,1446.4,2720.79,2185.76
2001-08-20,1184.93,1153.34,1258.53,1257.41,31.5757,33.8149,177.5,15.7233,1475.35,2775.26,2228.95
2001-08-27,1133.58,1124.87,1252.74,1258.51,30.2073,32.3495,177.5,15.7233,1411.79,2655.7,2132.36
2001-09-04,1085.78,1082.12,1247.66,1259.3,28.757,30.7989,178.3,15.74,1352.64,2533.01,2033.28
2001-09-10,1092.54,1073.15,1246.39,1260.12,28.936,30.9906,178.3,15.74,1361.44,2549.49,2045.94
2001-09-17,965.8,944.75,1238.12,1260.13,25.5793,27.3956,178.3,15.74,1203.88,2254.44,1808.6
2001-09-24,1040.94,965.8,1230.12,1260.56,27.5694,29.527,178.3,15.74,1297.92,2430.55,1949.31
2001-10-01,1071.38,1026.76,1222.51,1261,28.4391,30.4621,177.7,15.74,1336.25,2510.78,2013.09
2001-10-08,1091.65,1052.76,1216.72,1261.69,28.9771,31.0384,177.7,15.74,1361.91,2558.99,2051.17
2001-10-15,1073.48,1057.24,1210.96,1262.33,28.4948,30.5218,177.7,15.74,1339.62,2517.11,2017.03
2001-10-22,1104.61,1065.64,1205.37,1263.17,29.3211,31.4069,177.7,15.74,1378.85,2590.81,2075.53
2001-10-29,1087.2,1053.61,1199.44,1263.73,28.859,30.9119,177.7,15.74,1357.49,2550.69,2042.81
2001-11-05,1120.31,1087.2,1193.87,1264.69,29.7562,31.8765,177.4,15.74,1399.21,2633.52,2108.59
2001-11-12,1138.65,1098.32,1188.26,1265.58,30.2434,32.3983,177.4,15.74,1422.5,2677.35,2143.1
2001-11-19,1150.34,1129.78,1183.86,1266.54,30.5538,32.7309,177.4,15.74,1437.48,2705.54,2165.11
2001-11-26,1139.45,1125.51,1178.96,1267.33,30.2646,32.4211,177.4,15.74,1424.25,2680.64,2144.61
2001-12-03,1158.31,1125.78,1174.84,1268.06,30.8564,33.0598,176.7,15.74,1448.2,2736.52,2188.74
2001-12-10,1123.09,1114.53,1171.62,1268.58,29.9182,32.0546,176.7,15.74,1404.55,2654.03,2122.19
2001-12-17,1144.89,1122.66,1169.11,1269.13,30.4989,32.6768,176.7,15.74,1432.19,2706.26,2163.39
2001-12-24,1161.02,1144.62,1167.1,1269.69,30.9286,33.1372,176.7,15.74,1452.74,2745.11,2193.86
2001-12-31,1172.51,1136.23,1166.71,1270.28,31.2347,33.4651,176.7,15.74,1467.5,2772.99,2215.58
2002-01-07,1145.6,1145.45,1167.11,1270.66,30.4203,32.5991,177.1,15.7367,1434.2,2703.94,2159.84
2002-01-14,1127.58,1124.45,1166.62,1270.8,29.9418,32.0863,177.1,15.7367,1412.02,2662.12,2125.86
2002-01-22,1133.28,1117.43,1166.61,1270.99,30.0932,32.2485,177.1,15.7367,1419.53,2676.29,2136.61
2002-01-28,1122.2,1081.66,1165.85,1270.99,29.799,31.9332,177.1,15.7367,1406.03,2650.84,2115.72
2002-02-04,1096.22,1077.78,1162.83,1270.92,28.9681,31.0503,177.8,15.7333,1373.86,2579.99,2058.6
2002-02-11,1104.18,1094.68,1159.93,1270.82,29.1785,31.2758,177.8,15.7333,1384.22,2599.44,2073.55
2002-02-19,1089.84,1074.36,1156.51,1270.73,28.7995,30.8696,177.8,15.7333,1366.62,2566.39,2046.62
2002-02-25,1131.78,1089.84,1152.86,1270.79,29.9078,32.0576,177.8,15.7333,1419.59,2665.86,2125.38
2002-03-04,1164.31,1130.93,1150.37,1271.07,30.5683,32.7719,178.8,15.73,1460.77,2727.86,2174.24
2002-03-11,1166.16,1151.01,1146.94,1271.36,30.6169,32.824,178.8,15.73,1463.47,2732.9,2177.7
2002-03-18,1148.7,1139.48,1144.18,1271.55,30.1585,32.3325,178.8,15.73,1441.94,2692.69,2145.09
2002-03-25,1147.39,1131.61,1141.58,1271.83,30.1241,32.2957,178.8,15.73,1440.68,2690.33,2142.64
2002-04-01,1122.73,1119.49,1138.4,1271.87,29.2876,31.4068,179.8,15.8333,1410.1,2618.58,2084.93
2002-04-08,1111.01,1102.42,1135.95,1271.93,28.9819,31.079,179.8,15.8333,1395.76,2591.95,2063.17
2002-04-15,1125.17,1099.41,1133.44,1272.06,29.3513,31.4751,179.8,15.8333,1413.93,2625.7,2089.47
2002-04-22,1076.32,1076.31,1130.09,1271.77,28.077,30.1085,179.8,15.8333,1352.93,2512.41,1998.75
2002-04-29,1073.43,1063.46,1127.22,1271.41,28.0016,30.0277,179.8,15.8333,1349.68,2506.38,1993.38
2002-05-06,1054.99,1048.96,1123.54,1270.86,27.4958,29.4938,179.8,15.9367,1326.88,2464.04,1959.14
2002-05-13,1106.59,1053.9,1121.05,1270.46,28.8407,30.9363,179.8,15.9367,1392.16,2585.27,2054.96
2002-05-20,1083.82,1075.64,1117.95,1270.18,28.2472,30.2997,179.8,15.9367,1363.9,2532.79,2012.68
2002-05-28,1067.14,1054.26,1115.3,1269.91,27.8125,29.8334,179.8,15.9367,1343.29,2494.53,1981.7
2002-06-03,1027.53,1012.49,1111.6,1269.6,26.7392,28.6925,179.9,16.04,1293.82,2401.32,1907.08
2002-06-10,1007.27,981.63,1107.82,1269.32,26.212,28.1267,179.9,16.04,1268.7,2354.69,1869.48
2002-06-17,989.14,985.65,1104.08,1268.86,25.7402,27.6205,179.9,16.04,1246.25,2313.03,1835.83
2002-06-24,989.82,952.92,1100.52,1268.67,25.7579,27.6395,179.9,16.04,1247.5,2315.34,1837.1
2002-07-01,989.03,934.87,1098.57,1268.75,25.6817,27.5715,180.1,15.96,1246.89,2311.64,1833.59
2002-07-08,921.39,900.94,1097.16,1268.31,23.9253,25.6858,180.1,15.96,1162,2154.27,1708.19
2002-07-15,847.75,842.07,1093.65,1267.45,22.0131,23.633,180.1,15.96,1069.52,1982.81,1571.67
2002-07-22,852.84,775.68,1087.75,1266.49,22.1453,23.7748,180.1,15.96,1076.33,1995.43,1581.1
2002-07-29,864.24,852.84,1082.77,1265.8,22.4413,24.0926,180.1,15.96,1091.1,2022.82,1602.24
2002-08-05,908.64,833.44,1077.73,1265.42,23.4876,25.2274,180.7,15.88,1147.54,2120.4,1678.96
2002-08-12,928.77,876.2,1073.42,1264.78,24.008,25.7863,180.7,15.88,1173.35,2168.08,1716.16
2002-08-19,940.86,927.21,1069.86,1264.13,24.3205,26.122,180.7,15.88,1189.01,2197.02,1738.5
2002-08-26,916.07,903.33,1064.97,1263.22,23.6797,25.4337,180.7,15.88,1158.07,2139.85,1692.69
2002-09-03,893.92,870.5,1059.83,1261.98,23.0379,24.7569,181,15.8,1130.45,2085.35,1649.02
2002-09-09,889.81,877.05,1053.64,1260.8,22.932,24.643,181,15.8,1125.64,2076.47,1641.44
2002-09-16,845.39,839.09,1046.84,1259.21,21.7872,23.4128,181,15.8,1069.83,1973.52,1559.5
2002-09-23,827.37,817.38,1038.85,1257.39,21.3228,22.9138,181,15.8,1047.41,1932.17,1526.26
2002-09-30,800.58,794.1,1031.12,1255.51,20.6324,22.1718,181,15.8,1013.88,1870.31,1476.84
2002-10-07,835.32,768.63,1022.48,1253.85,21.4601,23.0732,181.3,15.89,1058.26,1948.96,1538.37
2002-10-14,884.39,828.37,1015.28,1252.33,22.7208,24.4286,181.3,15.89,1120.82,2064.16,1628.74
2002-10-21,897.65,873.06,1008.56,1250.69,23.0615,24.7949,181.3,15.89,1138.01,2095.82,1653.16
2002-10-28,900.96,867.91,1002.32,1249.05,23.1465,24.8863,181.3,15.89,1142.59,2104.26,1659.26
2002-11-04,894.74,891.62,996.846,1247.15,22.9586,24.6951,181.3,15.98,1135.09,2090.45,1647.8
2002-11-11,909.83,872.05,991.127,1245.48,23.3458,25.1116,181.3,15.98,1154.63,2126.43,1675.6
2002-11-18,930.55,893.09,986.783,1244.01,23.8775,25.6835,181.3,15.98,1181.31,2175.57,1713.75
2002-11-25,936.31,912.1,983.117,1242.29,24.0253,25.8425,181.3,15.98,1189.01,2189.76,1724.36
2002-12-02,912.23,895.96,978.794,1240.65,23.4367,25.2212,180.9,16.07,1158.83,2138.88,1683.73
2002-12-09,889.48,888.48,973.42,1238.95,22.8522,24.5922,180.9,16.07,1130.32,2086.26,1641.74
2002-12-16,895.76,880.32,966.92,1237.23,23.0136,24.7659,180.9,16.07,1138.69,2101.72,1653.33
2002-12-23,875.4,873.62,961.49,1235.42,22.4905,24.203,180.9,16.07,1113.2,2054.67,1615.75
2002-12-30,908.59,869.45,956.105,1233.59,23.3432,25.1206,180.9,16.07,1155.8,2133.3,1677.01
2003-01-06,927.57,908.32,950.604,1231.75,23.7094,25.5271,181.7,16.12,1180.34,2169,1704.51
2003-01-13,901.78,899.02,945.154,1229.76,23.0502,24.8173,181.7,16.12,1147.92,2109.42,1657.11
2003-01-21,861.4,859.71,940.246,1227.66,22.018,23.7061,181.7,16.12,1096.91,2015.69,1582.91
2003-01-27,855.7,840.34,933.741,1225.47,21.8723,23.5492,181.7,16.12,1090.05,2003.07,1572.44
2003-02-03,829.69,826.7,927.083,1222.87,21.0281,22.6534,183.1,16.17,1057.31,1928.06,1512.98
2003-02-10,834.89,806.29,920.78,1220.45,21.1599,22.7954,183.1,16.17,1064.33,1940.87,1522.47
2003-02-18,848.17,831.48,916.388,1217.91,21.4964,23.158,183.1,16.17,1081.66,1972.46,1546.68
2003-02-24,841.15,818.54,910.33,1215.44,21.3185,22.9663,183.1,16.17,1073.1,1956.86,1533.88
2003-03-03,828.89,811.23,903.68,1212.86,20.8632,22.4883,184.2,16.22,1057.86,1917.54,1502.5
2003-03-10,833.27,788.9,897.022,1210.33,20.9734,22.6072,184.2,16.22,1063.85,1928.4,1510.44
2003-03-17,895.79,827.17,892.58,1208.16,22.5471,24.3034,184.2,16.22,1144.07,2073.81,1623.77
2003-03-24,863.5,858.09,888.678,1205.97,21.7343,23.4273,184.2,16.22,1103.23,1999.78,1565.23
2003-03-31,878.85,843.68,884.842,1203.73,22.1207,23.8438,184.2,16.22,1123.24,2036.05,1593.06
2003-04-07,868.3,862.76,881.973,1201.6,21.8804,23.5957,183.8,16.2033,1110.15,2016.71,1577.36
2003-04-14,893.58,868.3,880.235,1199.35,22.5174,24.2826,183.8,16.2033,1142.87,2076.15,1623.28
2003-04-21,898.81,886.7,878.932,1197.27,22.6492,24.4248,183.8,16.2033,1149.96,2089.02,1632.79
2003-04-28,930.08,898.81,879.043,1194.96,23.4372,25.2745,183.8,16.2033,1190.36,2162.42,1689.59
2003-05-05,933.41,919.72,881.313,1192.62,23.5268,25.3807,183.5,16.1867,1195.02,2174.44,1698.41
2003-05-12,944.3,929.3,882.877,1190.24,23.8013,25.6768,183.5,16.1867,1209.36,2200.53,1718.23
2003-05-19,933.22,912.05,884.423,1188.12,23.522,25.3755,183.5,16.1867,1195.57,2175.44,1698.07
2003-05-27,963.59,927.33,885.502,1186.3,24.2875,26.2013,183.5,16.1867,1234.88,2246.96,1753.33
2003-06-02,987.76,963.59,886.682,1184.74,24.8262,26.7901,183.7,16.17,1266.25,2301.54,1795.35
2003-06-09,988.61,972.59,887.73,1183.04,24.8476,26.8131,183.7,16.17,1267.74,2304.24,1796.89
2003-06-16,995.69,988.61,890.229,1181.34,25.0255,27.0051,183.7,16.17,1277.22,2321.47,1809.76
2003-06-23,976.22,973.8,892.266,1179.48,24.5361,26.4771,183.7,16.17,1252.64,2276.8,1774.37
2003-06-30,985.7,962.1,894.24,1177.62,24.7744,26.7342,183.7,16.17,1265.21,2299.63,1791.61
2003-07-07,998.14,983.63,898.191,1175.85,25.0076,26.9934,183.9,16.31,1281.58,2326.86,1812.24
2003-07-14,993.32,978.6,902.132,1174.14,24.8869,26.863,183.9,16.31,1275.79,2316.35,1803.49
2003-07-21,998.68,975.63,906.655,1172.75,25.0212,27.008,183.9,16.31,1283.08,2329.58,1813.22
2003-07-28,980.15,978.86,910.68,1171.23,24.5569,26.5068,183.9,16.31,1259.67,2287.09,1779.58
2003-08-04,977.59,960.84,912.948,1169.44,24.3449,26.2851,184.6,16.45,1256.79,2273.2,1768.2
2003-08-11,990.67,974.21,915.385,1168.16,24.6706,26.6368,184.6,16.45,1274.01,2304.35,1791.86
2003-08-18,993.06,990.67,917.873,1166.61,24.7302,26.701,184.6,16.45,1277.49,2310.65,1796.18
2003-08-25,1008.01,983.57,920.462,1164.84,25.1025,27.103,184.6,16.45,1297.13,2346.17,1823.22
2003-09-02,1021.39,1005.73,922.965,1163.1,25.292,27.3136,185.2,16.59,1314.76,2370.35,1841.44
2003-09-08,1018.63,1007.71,925.429,1161.21,25.2236,27.2398,185.2,16.59,1311.62,2364.68,1836.46
2003-09-15,1036.3,1013.59,927.94,1159.28,25.6612,27.7123,185.2,16.59,1334.78,2406.44,1868.32
2003-09-22,996.85,996.08,930.582,1157.18,24.6843,26.6573,185.2,16.59,1284.38,2315.58,1797.2
2003-09-29,1029.85,990.36,933.39,1155.16,25.5015,27.5398,185.2,16.59,1327.31,2392.97,1856.69
2003-10-06,1038.06,1026.27,937.006,1153.27,25.6662,27.723,185,16.8567,1338.31,2415.41,1873.52
2003-10-13,1039.32,1036.57,940.994,1151.36,25.6973,27.7567,185,16.8567,1340.35,2419.1,1875.79
2003-10-20,1028.91,1018.32,943.923,1149.21,25.44,27.4786,185,16.8567,1327.34,2395.62,1857
2003-10-27,1050.71,1028.91,946.949,1147.12,25.979,28.0608,185,16.8567,1355.88,2447.13,1896.35
2003-11-03,1053.21,1044.88,951.244,1145.18,26.0286,28.1184,184.5,17.1233,1359.54,2460.37,1906.01
2003-11-10,1050.35,1043.46,956.195,1143.11,25.9579,28.042,184.5,17.1233,1356.27,2454.46,1900.83
2003-11-17,1035.28,1031.2,961.041,1141.08,25.5855,27.6397,184.5,17.1233,1337.23,2420.01,1873.56
2003-11-24,1058.2,1035.28,965.648,1139.57,26.1519,28.2516,184.5,17.1233,1367.27,2474.36,1915.04
2003-12-01,1061.5,1058.2,971.229,1137.75,26.1634,28.2657,184.3,17.39,1371.96,2485.55,1923.1
2003-12-08,1074.14,1053.41,977.013,1136.19,26.475,28.6023,184.3,17.39,1388.73,2515.93,1946
2003-12-15,1088.66,1068,983.312,1134.9,26.8328,28.989,184.3,17.39,1407.94,2550.73,1972.3
2003-12-22,1095.89,1086.14,988.985,1133.71,27.011,29.1815,184.3,17.39,1417.72,2568.45,1985.4
2003-12-29,1108.48,1095.89,994,1132.21,27.3214,29.5167,184.3,17.39,1434.44,2598.74,2008.21
2004-01-05,1121.86,1108.48,1000.23,1130.84,27.3982,29.5984,185.2,17.6,1452.19,2618.12,2022.57
2004-01-12,1139.83,1115.19,1006.88,1129.22,27.8371,30.0725,185.2,17.6,1475.89,2660.85,2054.97
2004-01-20,1141.55,1134.62,1012.18,1127.29,27.8791,30.1179,185.2,17.6,1478.56,2665.65,2058.07
2004-01-26,1131.13,1122.38,1018.73,1125.45,27.6246,29.843,185.2,17.6,1465.5,2642.11,2039.29
2004-02-02,1142.76,1124.44,1024.6,1123.58,27.6364,29.8542,186.2,17.81,1481.01,2655.73,2049.19
2004-02-09,1145.81,1138.7,1030.5,1122.53,27.7101,29.9339,186.2,17.81,1485.41,2663.62,2054.66
2004-02-17,1144.11,1139,1034.97,1121.08,27.669,29.8895,186.2,17.81,1483.65,2660.46,2051.61
2004-02-23,1144.94,1134.43,1040.18,1119.54,27.6891,29.9112,186.2,17.81,1485.17,2663.19,2053.1
2004-03-01,1156.86,1143.78,1045.67,1118.16,27.673,29.8933,187.4,18.02,1501.08,2674.49,2061.19
2004-03-08,1120.57,1105.87,1050.4,1116.66,26.805,28.9556,187.4,18.02,1454.44,2591.39,1996.53
2004-03-15,1109.78,1102.61,1054.06,1115.17,26.5469,28.6768,187.4,18.02,1440.88,2567.24,1977.31
2004-03-22,1108.06,1087.16,1056.87,1113.82,26.5057,28.6323,187.4,18.02,1439.1,2564.06,1974.24
2004-03-29,1141.81,1108.06,1060.02,1112.15,27.313,29.5044,187.4,18.02,1483.38,2642.96,2034.37
2004-04-05,1139.32,1134.52,1063.14,1110.56,27.042,29.2111,188,18.2133,1480.6,2629.59,2023.46
2004-04-12,1134.61,1120.75,1067,1108.91,26.9302,29.0903,188,18.2133,1474.94,2619.53,2015.09
2004-04-19,1140.6,1116.03,1070.32,1107.41,27.0724,29.2439,188,18.2133,1483.18,2634.16,2025.73
2004-04-26,1107.3,1107.23,1073.48,1105.67,26.282,28.3901,188,18.2133,1440.33,2558.07,1966.59
2004-05-03,1098.7,1098.63,1076.68,1103.77,25.807,27.8771,189.1,18.4067,1429.61,2524.25,1939.97
2004-05-10,1095.7,1076.32,1079.28,1101.7,25.7365,27.801,189.1,18.4067,1426.17,2518.17,1934.67
2004-05-17,1093.56,1079.36,1082.08,1099.76,25.6863,27.7467,189.1,18.4067,1423.84,2514.07,1930.89
2004-05-24,1120.68,1090.74,1085.38,1098.27,26.3233,28.4348,189.1,18.4067,1459.61,2577.23,1978.78
2004-06-01,1122.5,1113.32,1087.89,1096.57,26.1622,28.2596,189.7,18.6,1462.45,2574.07,1975.72
2004-06-07,1136.47,1122.5,1090.69,1094.89,26.4878,28.6113,189.7,18.6,1481.12,2606.92,2000.31
2004-06-14,1135.02,1122.16,1093.84,1093.1,26.454,28.5748,189.7,18.6,1479.69,2604.42,1997.76
2004-06-21,1134.43,1124.37,1096.61,1091.24,26.4402,28.56,189.7,18.6,1479.39,2603.89,1996.72
2004-06-28,1125.38,1123.06,1099.48,1089.27,26.2293,28.3321,189.7,18.6,1468.05,2583.93,1980.79
2004-07-06,1112.81,1108.72,1101.14,1087.36,25.8576,27.9302,189.4,18.7867,1452.13,2559.95,1961.77
2004-07-12,1101.39,1101.07,1103.66,1085.54,25.5923,27.6436,189.4,18.7867,1437.7,2534.51,1941.64
2004-07-19,1086.2,1083.56,1105.6,1083.72,25.2393,27.2623,189.4,18.7867,1418.34,2500.39,1914.86
2004-07-26,1101.72,1078.78,1107.01,1082.05,25.5999,27.6519,189.4,18.7867,1439.08,2536.94,1942.22
2004-08-02,1063.97,1062.23,1108.11,1080.33,24.5972,26.569,189.5,18.9733,1390.24,2449.56,1874.68
2004-08-09,1064.8,1060.72,1108.99,1078.78,24.6164,26.5897,189.5,18.9733,1391.81,2452.32,1876.14
2004-08-16,1098.35,1064.8,1109.97,1077.29,25.392,27.4275,189.5,18.9733,1436.14,2530.42,1935.25
2004-08-23,1107.77,1092.82,1111.2,1075.93,25.6098,27.6627,189.5,18.9733,1448.93,2552.97,1951.85
2004-08-30,1113.63,1094.72,1112.62,1074.36,25.7453,27.809,189.5,18.9733,1457.07,2567.31,1962.18
2004-09-07,1123.92,1113.62,1114.29,1073.15,25.8122,27.8806,189.9,19.16,1471.02,2586.42,1976.14
2004-09-13,1128.55,1119.82,1115.96,1071.96,25.9185,27.9955,189.9,19.16,1477.56,2597.93,1984.28
2004-09-20,1110.11,1108.05,1117.21,1070.8,25.495,27.5381,189.9,19.16,1453.9,2556.33,1951.86
2004-09-27,1131.5,1101.29,1118.42,1069.88,25.9863,28.0687,189.9,19.16,1482.4,2606.43,1989.46
2004-10-04,1122.14,1120.19,1119.63,1068.64,25.5238,27.5684,190.9,19.2533,1470.62,2572.18,1962.67
2004-10-11,1108.2,1102.06,1119.97,1067.62,25.2067,27.2259,190.9,19.2533,1452.84,2541.07,1938.29
2004-10-18,1095.74,1094.25,1119.62,1066.57,24.9233,26.9198,190.9,19.2533,1436.99,2513.35,1916.5
2004-10-25,1130.2,1090.29,1119.4,1065.62,25.7071,27.7664,190.9,19.2533,1482.66,2593.24,1976.77
2004-11-01,1166.17,1127.6,1119.55,1064.96,26.4026,28.515,191,19.3467,1530.34,2675.23,2038.61
2004-11-08,1184.17,1162.32,1120.28,1064.29,26.8101,28.9551,191,19.3467,1554.45,2717.38,2070.08
2004-11-15,1170.34,1169.19,1121.47,1063.42,26.497,28.6169,191,19.3467,1536.78,2686.49,2045.9
2004-11-22,1182.65,1167.89,1122.13,1062.56,26.7757,28.9179,191,19.3467,1553.44,2715.6,2067.42
2004-11-29,1191.17,1172.37,1122.99,1061.77,26.9686,29.1263,191,19.3467,1565.12,2736.02,2082.32
2004-12-06,1188,1173.79,1124.06,1061.14,26.8911,29.0386,190.3,19.44,1561.44,2739.64,2084.42
2004-12-13,1194.2,1188,1125.31,1060.6,27.0314,29.1902,190.3,19.44,1570.08,2754.8,2095.29
2004-12-20,1210.13,1193.36,1126.56,1060.42,27.392,29.5796,190.3,19.44,1591.52,2792.41,2123.24
2004-12-27,1211.92,1204.92,1129.02,1060.31,27.4325,29.6233,190.3,19.44,1594.36,2797.4,2126.38
2005-01-03,1186.19,1182.16,1131.19,1060.08,26.6948,28.8235,190.7,19.7033,1561.01,2733.14,2076.87
2005-01-10,1184.52,1175.64,1132.84,1060.24,26.6572,28.7829,190.7,19.7033,1559.31,2730.17,2073.95
2005-01-18,1167.87,1167.82,1133.6,1060.39,26.2825,28.3783,190.7,19.7033,1537.89,2692.66,2044.8
2005-01-24,1171.36,1163.75,1134.45,1060.44,26.3611,28.4631,190.7,19.7033,1542.99,2701.58,2050.91
2005-01-31,1203.03,1171.36,1136.02,1060.81,27.0738,29.2327,190.7,19.7033,1585.2,2775.5,2106.36
2005-02-07,1205.3,1191.54,1137.63,1060.92,26.8713,29.0106,191.8,19.9667,1588.7,2765.67,2098.23
2005-02-14,1201.59,1197.35,1139.88,1060.72,26.7886,28.9213,191.8,19.9667,1584.32,2758.04,2091.77
2005-02-22,1211.37,1184.16,1141.84,1060.51,27.0066,29.1567,191.8,19.9667,1597.72,2781.37,2108.8
2005-02-28,1222.12,1198.13,1144.79,1060.28,27.2463,29.4154,191.8,19.9667,1612.4,2806.93,2127.51
2005-03-07,1200.08,1198.15,1147.7,1060.06,26.4533,28.5566,193.3,20.23,1583.84,2735.81,2072.93
2005-03-14,1189.65,1182.78,1149.55,1059.55,26.2234,28.3084,193.3,20.23,1570.59,2712.92,2054.92
2005-03-21,1171.42,1168.7,1150.44,1059.01,25.8216,27.8746,193.3,20.23,1547.03,2672.23,2023.43
2005-03-28,1172.92,1163.69,1151.51,1058.57,25.8546,27.9103,193.3,20.23,1549.53,2676.54,2026.02
2005-04-04,1181.2,1167.72,1152.7,1058.16,25.7749,27.823,194.6,20.4633,1560.99,2678.32,2026.69
2005-04-11,1142.62,1141.92,1153.51,1057.8,24.933,26.9142,194.6,20.4633,1510.52,2591.74,1960.49
2005-04-18,1152.12,1136.15,1154.27,1057.43,25.1403,27.138,194.6,20.4633,1523.6,2614.18,1976.79
2005-04-25,1156.85,1139.19,1155.32,1057.09,25.2435,27.2494,194.6,20.4633,1530.38,2625.8,1984.91
2005-05-02,1171.35,1154.71,1157.02,1057,25.4994,27.5242,194.4,20.6967,1550.08,2662.35,2011.86
2005-05-09,1154.05,1146.18,1158.87,1056.69,25.1228,27.1176,194.4,20.6967,1527.72,2623.94,1982.14
2005-05-16,1189.28,1153.64,1160.96,1056.58,25.8897,27.9455,194.4,20.6967,1574.88,2704.94,2042.65
2005-05-23,1198.78,1185.96,1164.09,1056.55,26.0965,28.1687,194.4,20.6967,1587.99,2727.46,2058.97
2005-05-31,1196.02,1191.03,1166.46,1056.45,26.0364,28.1038,194.4,20.6967,1584.86,2722.08,2054.23
2005-06-06,1198.11,1191.09,1168.97,1056.49,25.9786,28.0392,194.5,20.93,1588.16,2726.35,2056.76
2005-06-13,1216.96,1194.51,1171.55,1056.77,26.3874,28.4803,194.5,20.93,1613.68,2770.16,2089.12
2005-06-20,1191.57,1191.45,1173.79,1056.8,25.8368,27.8861,194.5,20.93,1580.55,2713.28,2045.53
2005-06-27,1194.44,1188.3,1175.57,1057.11,25.899,27.9533,194.5,20.93,1584.89,2720.74,2050.46
2005-07-05,1211.86,1183.55,1177.15,1057.74,26.0646,28.129,195.4,21.11,1608.54,2748.62,2070.78
2005-07-11,1227.92,1211.86,1180.01,1058.41,26.41,28.5017,195.4,21.11,1630.4,2785.97,2098.23
2005-07-18,1233.68,1221.13,1182.46,1059.75,26.5339,28.6354,195.4,21.11,1638.59,2799.96,2108.07
2005-07-25,1234.18,1228.15,1185.27,1060.72,26.5447,28.6471,195.4,21.11,1639.79,2802.01,2108.92
2005-08-01,1226.42,1225.62,1188.54,1061.49,26.1502,28.2185,196.4,21.29,1630.02,2771.14,2084.99
2005-08-08,1230.39,1222.67,1191.63,1062.19,26.2349,28.3098,196.4,21.29,1635.84,2781.04,2091.74
2005-08-15,1219.71,1215.93,1193.88,1062.92,26.0072,28.0641,196.4,21.29,1622.19,2757.83,2073.58
2005-08-22,1205.1,1204.23,1195.12,1063.42,25.6956,27.7279,196.4,21.29,1603.3,2725.72,2048.75
2005-08-29,1218.02,1201.07,1196.03,1064.08,25.9711,28.0252,196.4,21.29,1621.04,2755.87,2070.71
2005-09-06,1241.48,1218.02,1197.2,1064.68,26.0567,28.1148,198.8,21.47,1652.81,2775.96,2085.11
2005-09-12,1237.91,1224.85,1198.48,1065.18,25.9818,28.034,198.8,21.47,1648.61,2768.9,2079.12
2005-09-19,1215.29,1205.35,1199.29,1065.5,25.507,27.5217,198.8,21.47,1619.03,2719.23,2041.13
2005-09-26,1228.81,1211.11,1199.88,1065.95,25.7908,27.8279,198.8,21.47,1637.59,2750.4,2063.84
2005-10-03,1195.9,1181.92,1199.97,1066.14,24.9588,26.9293,199.2,21.72,1594.29,2672.3,2004.53
2005-10-10,1186.57,1168.2,1199.26,1066.45,24.764,26.7192,199.2,21.72,1582.41,2652.38,1988.89
2005-10-17,1179.59,1170.55,1199,1066.63,24.6184,26.562,199.2,21.72,1573.66,2637.71,1977.19
2005-10-24,1198.41,1178.89,1199.2,1066.81,25.0112,26.9858,199.2,21.72,1599.32,2680.73,2008.74
2005-10-31,1220.14,1198.41,1199.98,1067.05,25.4647,27.4751,199.2,21.72,1628.88,2730.28,2045.16
2005-11-07,1234.72,1215.05,1201.36,1067.5,25.8762,27.9173,197.6,21.97,1648.91,2786.23,2086.35
2005-11-14,1248.27,1226.41,1202.5,1068.1,26.1602,28.2237,197.6,21.97,1667.57,2817.75,2109.25
2005-11-21,1268.25,1246.9,1203.79,1068.78,26.5789,28.6754,197.6,21.97,1694.82,2863.81,2143.01
2005-11-28,1265.08,1249.39,1205.09,1069.49,26.5125,28.6037,197.6,21.97,1691.15,2857.61,2137.66
2005-12-05,1259.37,1250.91,1206.64,1070.31,26.3872,28.4661,196.8,22.22,1684.09,2857.24,2136.66
2005-12-12,1267.32,1255.52,1208.06,1071.12,26.5538,28.6458,196.8,22.22,1695.29,2876.25,2150.15
2005-12-19,1268.66,1257.21,1209.35,1072.02,26.5819,28.6761,196.8,22.22,1697.66,2880.26,2152.42
2005-12-27,1248.29,1246.59,1210.52,1072.6,26.1551,28.2157,196.8,22.22,1670.97,2834.98,2117.86
2006-01-03,1285.45,1245.74,1212.44,1073.21,26.6078,28.7014,198.3,22.4067,1721.29,2898.26,2164.41
2006-01-09,1287.61,1282.78,1215.31,1073.81,26.6525,28.7496,198.3,22.4067,1724.76,2904.11,2168.04
2006-01-17,1261.49,1260.92,1217.27,1074.38,26.1118,28.1664,198.3,22.4067,1690.35,2846.17,2124.06
2006-01-23,1283.72,1259.42,1219.46,1075.06,26.572,28.6627,198.3,22.4067,1720.71,2897.29,2161.5
2006-01-30,1264.03,1261.02,1222.67,1075.76,26.1644,28.2231,198.3,22.4067,1694.9,2853.83,2128.34
2006-02-06,1266.99,1253.61,1225.34,1076.54,26.051,28.0987,198.7,22.5933,1699.45,2855.73,2129.03
2006-02-13,1287.24,1258.34,1228.32,1077.35,26.4674,28.5478,198.7,22.5933,1727.19,2902.35,2163.06
2006-02-21,1289.43,1281.33,1230.64,1078.42,26.5124,28.5964,198.7,22.5933,1730.72,2908.27,2166.74
2006-02-27,1287.23,1278.66,1233.73,1079.49,26.4672,28.5476,198.7,22.5933,1728.35,2904.29,2163.04
2006-03-06,1281.42,1268.42,1235.89,1080.62,26.0771,28.1247,199.8,22.78,1721.13,2876.24,2141.42
2006-03-13,1307.25,1281.58,1238.48,1081.62,26.6028,28.6916,199.8,22.78,1756.42,2935.2,2184.59
2006-03-20,1302.95,1295.81,1241.09,1082.72,26.5153,28.5972,199.8,22.78,1751.23,2926.53,2177.4
2006-03-27,1294.87,1291.84,1243.5,1083.86,26.3508,28.4199,199.8,22.78,1740.96,2909.37,2163.9
2006-04-03,1295.5,1294.18,1245.74,1085.2,26.0133,28.054,201.5,23,1742.4,2887.21,2146.69
2006-04-10,1289.12,1282.96,1247.62,1086.61,25.8852,27.9158,201.5,23,1734.41,2873.98,2136.12
2006-04-17,1311.28,1280.74,1250.32,1088.22,26.3302,28.3957,201.5,23,1764.82,2924.37,2172.84
2006-04-24,1310.61,1295.57,1252.63,1089.82,26.3168,28.3812,201.5,23,1764.51,2923.86,2171.73
2006-05-01,1325.76,1303.46,1254.75,1091.51,26.3615,28.4285,202.5,23.22,1785.51,2944.05,2185.98
2006-05-08,1291.24,1290.38,1256.81,1093.36,25.6751,27.6883,202.5,23.22,1739.62,2868.38,2129.06
2006-05-15,1267.03,1256.28,1257.73,1095.45,25.1937,27.1691,202.5,23.22,1707.61,2815.59,2089.14
2006-05-22,1280.16,1245.34,1258.65,1097.59,25.4548,27.4507,202.5,23.22,1725.9,2845.76,2110.79
2006-05-30,1288.22,1259.38,1259.56,1099.71,25.615,27.6235,202.5,23.22,1737.37,2864.67,2124.08
2006-06-05,1252.3,1235.18,1260.55,1101.43,24.7324,26.6724,202.9,23.44,1689.54,2780.3,2060.79
2006-06-12,1251.54,1219.29,1261.3,1103.04,24.7174,26.6562,202.9,23.44,1689.12,2779.62,2059.54
2006-06-19,1244.5,1237.17,1261.77,1104.56,24.5784,26.5063,202.9,23.44,1680.23,2764.98,2047.95
2006-06-26,1270.2,1237.59,1262.3,1106.33,25.0859,27.0537,202.9,23.44,1715.53,2823.08,2090.24
2006-07-03,1265.48,1263.13,1263.16,1108.19,24.7995,26.7456,203.5,23.66,1709.77,2805.31,2076.34
2006-07-10,1236.2,1228.45,1264.19,1109.92,24.2257,26.1268,203.5,23.66,1670.83,2741.41,2028.29
2006-07-17,1240.29,1224.54,1264.72,1111.89,24.3058,26.2132,203.5,23.66,1676.97,2751.49,2035.01
2006-07-24,1278.55,1240.25,1266.64,1114.15,25.0556,27.0219,203.5,23.66,1729.32,2837.38,2097.78
2006-07-31,1279.36,1265.71,1269.02,1116.54,25.0715,27.039,203.5,23.66,1731.03,2840.18,2099.11
2006-08-07,1266.74,1261.3,1271.03,1118.7,24.6542,26.589,203.9,23.88,1714.57,2807.67,2074.33
2006-08-14,1302.3,1266.67,1273.38,1120.79,25.3463,27.3354,203.9,23.88,1763.33,2887.5,2132.56
2006-08-21,1295.09,1289.82,1275.3,1122.78,25.2059,27.1841,203.9,23.88,1754.19,2872.53,2120.75
2006-08-28,1311.01,1293.97,1277.19,1124.83,25.5158,27.5182,203.9,23.88,1776.37,2908.86,2146.82
2006-09-05,1298.92,1292.13,1278.34,1126.85,25.2779,27.2609,202.9,24.1,1760.62,2897.28,2137.5
2006-09-11,1319.66,1290.93,1279.62,1128.9,25.6815,27.6962,202.9,24.1,1789.36,2944.57,2171.63
2006-09-18,1314.78,1310.94,1281.08,1130.82,25.5866,27.5938,202.9,24.1,1783.37,2934.72,2163.6
2006-09-25,1335.85,1311.58,1282.95,1132.82,25.9966,28.036,202.9,24.1,1812.58,2982.78,2198.28
2006-10-02,1349.59,1327.1,1284.89,1135,26.2696,28.3282,201.8,24.36,1831.86,3030.94,2232.99
2006-10-09,1365.62,1343.57,1287.23,1137.38,26.5816,28.6647,201.8,24.36,1854.25,3067.99,2259.52
2006-10-16,1368.6,1356.87,1289.81,1139.75,26.6396,28.7272,201.8,24.36,1858.93,3075.74,2264.45
2006-10-23,1377.34,1363.94,1292.09,1142.26,26.8098,28.9107,201.8,24.36,1871.44,3096.43,2278.91
2006-10-30,1364.3,1360.98,1294.4,1144.54,26.5559,28.637,201.8,24.36,1854.36,3068.17,2257.33
2006-11-06,1380.9,1364.27,1297.17,1146.8,26.7779,28.8732,201.5,24.62,1877.57,3111.19,2288.2
2006-11-13,1401.2,1378.8,1300.13,1149.3,27.1716,29.2976,201.5,24.62,1905.81,3158,2321.84
2006-11-20,1400.95,1397.85,1302.94,1152,27.1667,29.2924,201.5,24.62,1906.12,3158.5,2321.42
2006-11-27,1396.71,1377.83,1305.89,1154.7,27.0845,29.2037,201.5,24.62,1900.99,3150.01,2314.4
2006-12-04,1409.84,1396.67,1308.96,1157.6,27.1559,29.2766,201.8,24.88,1919.51,3175.97,2332.68
2006-12-11,1427.09,1404.75,1312.2,1160.56,27.4882,29.6349,201.8,24.88,1943.65,3215.91,2361.22
2006-12-18,1410.76,1410.28,1315.77,1163.38,27.1737,29.2957,201.8,24.88,1922.06,3180.19,2334.2
2006-12-26,1418.3,1410.45,1318.26,1166.26,27.3189,29.4523,201.8,24.88,1932.99,3198.26,2346.68
2007-01-03,1409.71,1405.75,1319.93,1169.17,26.9315,29.0303,202.416,25.0833,1921.94,3170.3,2325.37
2007-01-08,1430.73,1403.97,1322.88,1172.15,27.3331,29.4631,202.416,25.0833,1951.25,3218.66,2360.04
2007-01-16,1430.5,1424.21,1325.5,1174.83,27.3287,29.4584,202.416,25.0833,1951.59,3219.23,2359.66
2007-01-22,1422.18,1416.96,1328.59,1177.62,27.1697,29.2871,202.416,25.0833,1940.9,3201.59,2345.94
2007-01-29,1448.39,1418.46,1332.22,1180.47,27.6704,29.8268,202.416,25.0833,1977.33,3261.68,2389.17
2007-02-05,1438.06,1433.44,1335.66,1183.32,27.1878,29.3019,203.499,25.2867,1963.89,3222.27,2359.51
2007-02-12,1455.54,1431.44,1339.17,1186.13,27.5182,29.658,203.499,25.2867,1988.43,3262.53,2388.19
2007-02-20,1451.19,1448.36,1341.94,1188.89,27.436,29.5694,203.499,25.2867,1983.15,3253.87,2381.05
2007-02-26,1387.17,1380.87,1344.47,1191.18,26.2256,28.2649,203.499,25.2867,1896.33,3111.41,2276.01
2007-03-05,1402.84,1373.97,1347.53,1193.52,26.151,28.1815,205.352,25.49,1918.42,3119.26,2280.95
2007-03-12,1386.95,1363.98,1350.65,1195.74,25.8548,27.8623,205.352,25.49,1897.36,3085.01,2255.11
2007-03-19,1436.11,1386.95,1354.38,1198.25,26.7712,28.8499,205.352,25.49,1965.28,3195.45,2335.05
2007-03-26,1420.86,1408.9,1358.87,1200.54,26.4869,28.5435,205.352,25.49,1945.08,3162.61,2310.25
2007-04-02,1443.76,1416.37,1362.71,1202.82,26.6099,28.6718,206.686,25.7167,1977.11,3193.93,2332.33
2007-04-09,1452.85,1433.91,1367.71,1205.14,26.7774,28.8524,206.686,25.7167,1990.23,3215.14,2347.02
2007-04-16,1484.35,1452.84,1373,1207.58,27.358,29.4779,206.686,25.7167,2034.06,3285.94,2397.9
2007-04-23,1494.07,1473.74,1378.48,1210.17,27.5371,29.671,206.686,25.7167,2048.06,3308.55,2413.61
2007-04-30,1505.62,1476.7,1384.8,1212.77,27.75,29.9003,206.686,25.7167,2064.57,3335.22,2432.27
2007-05-07,1505.85,1491.42,1391.04,1215.31,27.4521,29.5743,207.949,25.9433,2065.57,3316.57,2417.86
2007-05-14,1522.75,1498.34,1397.02,1217.96,27.7601,29.9062,207.949,25.9433,2089.44,3354.89,2445
2007-05-21,1515.73,1505.18,1403.07,1220.54,27.6322,29.7683,207.949,25.9433,2080.49,3340.53,2433.73
2007-05-29,1536.34,1510.06,1408.28,1223.32,28.0079,30.1731,207.949,25.9433,2109.46,3387.05,2466.82
2007-06-04,1507.67,1487.41,1413.82,1225.97,27.3002,29.4062,208.352,26.17,2070.79,3318.52,2416.1
2007-06-11,1532.91,1492.65,1419.27,1228.68,27.7572,29.8984,208.352,26.17,2106.15,3375.18,2456.55
2007-06-18,1502.56,1500.74,1424.59,1231.23,27.2077,29.3065,208.352,26.17,2065.14,3309.47,2407.91
2007-06-25,1503.35,1484.18,1429.59,1233.71,27.222,29.3219,208.352,26.17,2066.91,3312.31,2409.18
2007-07-02,1530.44,1504.66,1433.72,1236.25,27.5855,29.7092,208.299,26.44,2104.86,3373.98,2453.22
2007-07-09,1552.5,1506.1,1439.01,1238.92,27.9831,30.1374,208.299,26.44,2135.9,3423.73,2488.58
2007-07-16,1534.1,1529.2,1444.28,1241.41,27.6514,29.7802,208.299,26.44,2111.28,3384.28,2459.08
2007-07-23,1458.95,1458.95,1448.15,1243.72,26.2969,28.3214,208.299,26.44,2008.56,3219.62,2338.62
2007-07-30,1433.06,1432.8,1450.65,1245.74,25.8302,27.8188,208.299,26.44,1973.62,3163.6,2297.12
2007-08-06,1453.64,1427.39,1453.18,1247.82,26.131,28.1419,207.917,26.71,2002.67,3216.07,2334.39
2007-08-13,1445.94,1370.6,1454.37,1249.85,25.9926,27.9928,207.917,26.71,1992.77,3200.17,2322.03
2007-08-20,1479.37,1430.54,1456.58,1252.1,26.5935,28.64,207.917,26.71,2039.55,3275.29,2375.71
2007-08-27,1473.99,1432.01,1458.49,1254.22,26.4968,28.5359,207.917,26.71,2032.84,3264.52,2367.07
2007-09-04,1453.55,1449.07,1460.01,1256.22,25.948,27.944,208.49,26.98,2005.36,3211.55,2327.83
2007-09-10,1484.25,1439.29,1461.86,1258.39,26.496,28.5342,208.49,26.98,2048.43,3280.52,2377
2007-09-17,1525.75,1471.82,1464.75,1260.84,27.2368,29.332,208.49,26.98,2106.42,3373.4,2443.46
2007-09-24,1526.75,1507.13,1467.55,1263.18,27.2547,29.3512,208.49,26.98,2108.52,3376.75,2445.06
2007-10-01,1557.59,1527.25,1470.72,1265.66,27.6388,29.7642,208.936,27.23,2151.84,3438.77,2489.12
2007-10-08,1561.8,1546.72,1474.23,1268.1,27.7135,29.8446,208.936,27.23,2158.38,3449.22,2495.85
2007-10-15,1500.63,1500.26,1477.05,1270.16,26.6281,28.6757,208.936,27.23,2074.56,3315.28,2398.1
2007-10-22,1535.28,1489.56,1479.64,1272.36,27.2429,29.3379,208.936,27.23,2123.19,3392.99,2453.47
2007-10-29,1509.65,1492.53,1482.09,1274.37,26.7881,28.8481,208.936,27.23,2088.47,3337.5,2412.51
2007-11-05,1453.7,1448.51,1483.53,1276.02,25.5587,27.5275,210.177,27.48,2011.8,3195.99,2309.38
2007-11-12,1458.74,1438.53,1484.13,1277.62,25.6473,27.623,210.177,27.48,2019.51,3208.24,2317.39
2007-11-19,1440.7,1415.64,1483.81,1279.11,25.3301,27.2814,210.177,27.48,1995.26,3169.72,2288.73
2007-11-26,1481.14,1406.1,1483.95,1280.86,26.0411,28.0472,210.177,27.48,2052,3259.86,2352.98
2007-12-03,1504.66,1460.66,1484.71,1282.67,26.4019,28.4408,210.036,27.73,2085.32,3315.02,2391.95
2007-12-10,1467.95,1467.78,1486.66,1284.29,25.7578,27.747,210.036,27.73,2035.19,3235.32,2333.59
2007-12-17,1484.46,1435.65,1488.33,1285.99,26.0475,28.059,210.036,27.73,2058.82,3272.88,2359.83
2007-12-24,1478.49,1471.7,1490.25,1287.65,25.9427,27.9462,210.036,27.73,2051.27,3260.89,2350.34
2007-12-31,1411.63,1411.19,1490.95,1288.93,24.7695,26.6824,210.036,27.73,1959.25,3114.61,2244.06
2008-01-07,1401.02,1378.7,1490.36,1290.33,24.4102,26.3046,211.08,27.92,1945.27,3077.09,2216.17
2008-01-14,1325.19,1312.51,1488.78,1291.41,23.089,24.8809,211.08,27.92,1840.73,2911.72,2096.22
2008-01-22,1330.61,1270.05,1486.56,1292.52,23.1834,24.9827,211.08,27.92,1849,2924.81,2104.8
2008-01-28,1395.42,1322.26,1484.23,1293.79,24.3126,26.1995,211.08,27.92,1939.81,3068.45,2207.32
2008-02-04,1331.29,1316.75,1480.73,1294.75,23.0864,24.8886,211.693,28.11,1851.41,2920.14,2099.78
2008-02-11,1349.99,1320.32,1477.23,1295.83,23.4106,25.2382,211.693,28.11,1878.17,2962.34,2129.27
2008-02-19,1353.11,1327.04,1474.13,1296.89,23.4647,25.2966,211.693,28.11,1883.26,2970.37,2134.19
2008-02-25,1330.63,1325.42,1470.72,1298,23.0749,24.8763,211.693,28.11,1852.73,2922.21,2098.73
2008-03-03,1293.37,1282.43,1465.67,1298.98,22.2022,23.9476,213.528,28.3,1801.61,2817.16,2022.44
2008-03-10,1288.14,1272.66,1460.23,1299.94,22.1124,23.8508,213.528,28.3,1795.08,2806.95,2014.26
2008-03-17,1329.51,1256.98,1455.72,1301.12,22.8226,24.6168,213.528,28.3,1853.49,2898.29,2078.95
2008-03-24,1315.22,1312.95,1451.56,1302.09,22.5773,24.3522,213.528,28.3,1834.32,2868.32,2056.6
2008-03-31,1370.4,1312.81,1447.38,1303.33,23.5245,25.3739,213.528,28.3,1912.04,2989.85,2142.89
2008-04-07,1332.83,1331.21,1443.67,1304.31,22.7146,24.5119,214.823,28.4367,1860.39,2891.54,2071.57
2008-04-14,1390.33,1324.35,1439.78,1305.59,23.6945,25.5693,214.823,28.4367,1941.41,3017.47,2160.95
2008-04-21,1397.84,1369.84,1436.35,1306.91,23.8225,25.7074,214.823,28.4367,1952.66,3034.96,2172.62
2008-04-28,1413.9,1383.07,1432.61,1308.35,24.0962,26.0028,214.823,28.4367,1975.86,3071.01,2197.58
2008-05-05,1388.28,1384.11,1429.34,1309.73,23.4441,25.3113,216.632,28.5733,1940.82,2991.37,2139.74
2008-05-12,1425.35,1386.2,1427.98,1311.35,24.0701,25.9871,216.632,28.5733,1993.41,3072.43,2196.88
2008-05-19,1375.93,1373.72,1426.25,1312.8,23.2356,25.0861,216.632,28.5733,1925.07,2967.09,2120.71
2008-05-27,1400.38,1373.07,1425.19,1314.29,23.6485,25.5319,216.632,28.5733,1960.04,3020.99,2158.39
2008-06-02,1360.68,1359.9,1423.93,1315.77,22.7416,24.5676,218.815,28.71,1905.25,2907.25,2076.28
2008-06-09,1360.03,1331.29,1421.19,1317.25,22.7307,24.5558,218.815,28.71,1905.11,2907.04,2075.29
2008-06-16,1317.93,1314.46,1417.95,1318.35,22.0271,23.7957,218.815,28.71,1846.91,2818.23,2011.05
2008-06-23,1278.38,1272,1413.89,1319.2,21.366,23.0816,218.815,28.71,1792.26,2734.84,1950.7
2008-06-30,1262.9,1252.01,1409.52,1319.95,21.1073,22.8021,218.815,28.71,1771.33,2702.9,1927.07
2008-07-07,1239.49,1225.35,1402.79,1320.52,20.6106,22.2825,219.964,28.7567,1739.28,2640.12,1881.47
2008-07-14,1260.68,1200.44,1395.46,1321.18,20.9629,22.6634,219.964,28.7567,1769.79,2686.43,1913.64
2008-07-21,1257.76,1248.83,1388.31,1321.92,20.9144,22.6109,219.964,28.7567,1766.46,2681.39,1909.21
2008-07-28,1260.31,1234.37,1381.03,1322.57,20.9568,22.6568,219.964,28.7567,1770.82,2688,1913.08
2008-08-04,1296.32,1247.45,1374.92,1323.44,21.6496,23.4235,219.086,28.8033,1822.2,2777.07,1975.62
2008-08-11,1298.2,1274.86,1369.09,1324.39,21.681,23.4574,219.086,28.8033,1825.62,2782.29,1978.49
2008-08-18,1292.2,1261.16,1363.09,1325.37,21.5808,23.349,219.086,28.8033,1817.96,2770.61,1969.34
2008-08-25,1282.83,1263.21,1358.49,1326.13,21.4243,23.1797,219.086,28.8033,1805.56,2751.71,1955.06
2008-09-02,1242.31,1217.23,1354.58,1326.51,20.7871,22.5099,218.783,28.85,1749.31,2669.68,1895.93
2008-09-08,1251.7,1211.54,1350.04,1326.85,20.9442,22.68,218.783,28.85,1763.31,2691.05,1910.26
2008-09-15,1255.08,1133.5,1343.38,1327.28,21.0007,22.7413,218.783,28.85,1768.85,2699.51,1915.42
2008-09-22,1213.27,1179.79,1335.95,1327.43,20.3012,21.9837,218.783,28.85,1710.71,2610.77,1851.61
2008-09-29,1099.23,1098.14,1327.47,1326.97,18.393,19.9174,218.783,28.85,1550.69,2366.57,1677.57
2008-10-06,899.22,839.8,1314.74,1325.52,15.2104,16.4938,216.573,28.6967,1269.32,1956.92,1386.34
2008-10-13,940.55,865.83,1302.14,1324.26,15.9095,17.2519,216.573,28.6967,1328.44,2048.06,1450.05
2008-10-20,876.77,852.85,1290.01,1322.59,14.8307,16.0821,216.573,28.6967,1239.13,1910.38,1351.72
2008-10-27,968.75,845.27,1278.7,1321.37,16.3865,17.7692,216.573,28.6967,1369.91,2112,1493.53
2008-11-03,930.99,899.73,1269.22,1320.1,16.0883,17.4758,212.425,28.5433,1317.29,2070.53,1463.34
2008-11-10,873.29,818.69,1257.26,1318.54,15.0912,16.3927,212.425,28.5433,1236.42,1943.43,1372.65
2008-11-17,800.03,741.02,1244.05,1316.7,13.8252,15.0175,212.425,28.5433,1133.48,1781.61,1257.5
2008-11-24,896.24,801.2,1234.49,1315.33,15.4878,16.8235,212.425,28.5433,1270.56,1997.09,1408.72
2008-12-01,876.07,815.69,1222.01,1313.69,15.35,16.7044,210.228,28.39,1242.74,1973.77,1391.41
2008-12-08,879.73,851.35,1210.1,1312.06,15.4141,16.7742,210.228,28.39,1248.71,1983.25,1397.22
2008-12-15,887.88,857.72,1199.45,1310.5,15.5569,16.9296,210.228,28.39,1261.05,2002.85,1410.17
2008-12-22,872.8,857.09,1190.74,1308.8,15.2927,16.6421,210.228,28.39,1240.41,1970.07,1386.22
2008-12-29,931.8,857.07,1182.75,1307.35,16.3264,17.7671,210.228,28.39,1325.04,2104.48,1479.92
2009-01-05,890.35,888.31,1172.09,1305.8,15.6089,17.0195,211.143,28.0133,1266.86,2003.36,1407.96
2009-01-12,850.12,817.04,1159.76,1304.1,14.9036,16.2505,211.143,28.0133,1210.38,1914.05,1344.34
2009-01-20,831.95,804.3,1148.97,1302.41,14.5851,15.9031,211.143,28.0133,1185.28,1874.35,1315.61
2009-01-26,825.88,821.67,1136.5,1300.67,14.4787,15.7871,211.143,28.0133,1177.4,1861.89,1306.01
2009-02-02,868.6,812.87,1123.06,1299.11,15.2336,16.6459,212.193,27.6367,1239.06,1949.7,1366.77
2009-02-09,826.84,808.06,1109.22,1297.53,14.5012,15.8456,212.193,27.6367,1180.25,1857.16,1301.06
2009-02-17,770.05,754.25,1096.61,1295.62,13.5052,14.7573,212.193,27.6367,1099.94,1730.8,1211.7
2009-02-23,735.09,734.52,1080.53,1293.51,12.8921,14.0873,212.193,27.6367,1050.77,1653.41,1156.69
2009-03-02,683.38,666.79,1062.43,1291.07,12.0258,13.1713,212.709,27.26,977.599,1534.55,1072.71
2009-03-09,756.55,672.88,1045.86,1289.08,13.3135,14.5815,212.709,27.26,1083.02,1700.03,1187.57
2009-03-16,768.54,749.93,1030.56,1286.98,13.5245,14.8126,212.709,27.26,1100.94,1728.16,1206.39
2009-03-23,815.94,772.31,1016.92,1285.07,14.3586,15.7262,212.709,27.26,1169.59,1835.92,1280.79
2009-03-30,842.5,779.81,1003.54,1283.3,14.826,16.2381,212.709,27.26,1208.41,1896.86,1322.48
2009-04-06,856.56,814.53,993.74,1281.59,15.1304,16.6042,213.24,26.7033,1229.31,1924.87,1341.21
2009-04-13,869.6,835.58,982.934,1279.85,15.3608,16.857,213.24,26.7033,1248.77,1955.32,1361.62
2009-04-20,866.23,826.83,972.679,1278.23,15.3012,16.7917,213.24,26.7033,1244.66,1948.9,1356.35
2009-04-27,877.52,847.12,963.455,1276.64,15.5007,17.0106,213.24,26.7033,1261.62,1975.46,1374.03
2009-05-04,929.23,879.21,954.59,1275.23,16.4718,18.1079,213.856,26.1467,1336.69,2086.97,1450.8
2009-05-11,882.88,878.94,945.517,1273.5,15.6502,17.2047,213.856,26.1467,1270.74,1984,1378.44
2009-05-18,887,879.61,936.246,1271.77,15.7232,17.2849,213.856,26.1467,1277.39,1994.39,1384.87
2009-05-26,919.14,881.46,928.606,1270.2,16.2929,17.9112,213.856,26.1467,1324.4,2067.79,1435.05
2009-06-01,940.09,923.26,920.005,1268.76,16.6313,18.3129,215.693,25.59,1355.3,2098,1455.26
2009-06-08,946.21,926.44,911.65,1267.34,16.7396,18.4321,215.693,25.59,1364.83,2112.76,1464.73
2009-06-15,921.23,903.78,902.491,1265.85,16.2977,17.9455,215.693,25.59,1329.51,2058.08,1426.06
2009-06-22,918.9,888.86,894.115,1264.42,16.2565,17.9001,215.693,25.59,1326.86,2053.97,1422.46
2009-06-29,896.42,896.42,887.911,1262.81,15.8588,17.4622,215.693,25.59,1295.11,2004.83,1387.66
2009-07-06,879.13,869.32,879.95,1261,15.6833,17.2953,215.351,25.0267,1270.82,1970.36,1363.05
2009-07-13,940.38,875.32,873.648,1259.51,16.776,18.5003,215.351,25.0267,1360.06,2108.71,1458.02
2009-07-20,979.26,940.99,870.586,1258.33,17.4696,19.2652,215.351,25.0267,1416.99,2196.98,1518.3
2009-07-27,987.48,968.65,871.165,1257.13,17.6162,19.4269,215.351,25.0267,1429.58,2216.5,1531.05
2009-08-03,1010.48,990.22,872.581,1256.2,18.1075,19.9941,215.834,24.4633,1463.56,2264.1,1563.2
2009-08-10,1004.09,992.4,875.346,1255.29,17.993,19.8677,215.834,24.4633,1454.98,2250.84,1553.31
2009-08-17,1026.13,978.51,876.218,1254.52,18.388,20.3038,215.834,24.4633,1487.6,2301.3,1587.41
2009-08-24,1028.93,1016.2,878.892,1253.67,18.4381,20.3592,215.834,24.4633,1492.34,2308.63,1591.74
2009-08-31,1016.4,991.97,882.324,1252.65,18.2136,20.1112,215.834,24.4633,1474.85,2281.58,1572.36
2009-09-08,1042.73,1018.67,886.998,1251.69,18.7991,20.7809,215.969,23.9,1513.72,2340.25,1612.08
2009-09-14,1068.3,1035,891.989,1250.79,19.2601,21.2905,215.969,23.9,1551.51,2398.67,1651.61
2009-09-21,1044.38,1041.17,896.498,1249.67,18.8288,20.8138,215.969,23.9,1517.44,2345.99,1614.63
2009-09-28,1025.21,1019.95,900.505,1248.47,18.4832,20.4317,215.969,23.9,1490.25,2303.96,1585
2009-10-05,1071.49,1025.92,904.892,1247.53,19.4275,21.4969,216.177,23.4033,1558.18,2406.66,1654.95
2009-10-12,1087.68,1066.71,909.999,1246.64,19.721,21.8217,216.177,23.4033,1582.38,2444.04,1679.96
2009-10-19,1079.6,1074.31,914.162,1245.69,19.5745,21.6596,216.177,23.4033,1571.28,2426.89,1667.48
2009-10-26,1036.19,1033.38,918.945,1244.63,18.7874,20.7886,216.177,23.4033,1508.75,2330.32,1600.43
2009-11-02,1069.3,1029.38,924.523,1243.55,19.471,21.5599,216.33,22.9067,1557.61,2404.07,1650.4
2009-11-09,1093.48,1072.31,930.713,1242.58,19.9113,22.0474,216.33,22.9067,1593.47,2459.43,1687.72
2009-11-16,1091.38,1086.81,937.238,1241.73,19.873,22.0051,216.33,22.9067,1591.05,2455.69,1684.48
2009-11-23,1091.49,1083.74,942.478,1240.77,19.875,22.0073,216.33,22.9067,1591.85,2456.93,1684.65
2009-11-30,1105.98,1086.25,950.309,1239.98,20.1389,22.2995,216.33,22.9067,1613.63,2490.54,1707.01
2009-12-07,1106.41,1085.89,958.962,1239.17,20.2497,22.4308,215.949,22.41,1614.88,2496.88,1710.69
2009-12-14,1102.47,1093.88,969.231,1238.25,20.1776,22.3509,215.949,22.41,1609.76,2488.96,1704.6
2009-12-21,1126.48,1105.31,977.286,1237.44,20.617,22.8377,215.949,22.41,1645.45,2544.14,1741.72
2009-12-28,1115.1,1114.81,984.349,1236.58,20.4088,22.607,215.949,22.41,1629.46,2519.41,1724.13
2010-01-04,1144.98,1116.56,992.838,1235.89,20.9188,23.1746,216.687,22.24,1673.74,2579.07,1764.3
2010-01-11,1136.03,1131.39,1001.18,1235.04,20.7553,22.9934,216.687,22.24,1661.29,2559.87,1750.51
2010-01-19,1091.76,1090.18,1007.02,1233.98,19.9465,22.0974,216.687,22.24,1597.17,2461.08,1682.29
2010-01-25,1073.87,1071.59,1013.08,1232.88,19.6197,21.7353,216.687,22.24,1571.63,2421.72,1654.72
2010-02-01,1066.19,1044.5,1018.87,1231.73,19.5004,21.6049,216.741,22.07,1561.01,2404.76,1642.48
2010-02-08,1075.51,1056.51,1024.09,1230.66,19.6709,21.7938,216.741,22.07,1575.28,2426.73,1656.84
2010-02-16,1109.17,1079.13,1028.34,1229.65,20.2865,22.4759,216.741,22.07,1625.2,2503.64,1708.69
2010-02-22,1104.49,1086.02,1033.04,1228.62,20.2009,22.381,216.741,22.07,1618.96,2494.03,1701.48
2010-03-01,1138.7,1105.36,1038.73,1227.68,20.7612,22.9996,217.631,21.9,1669.72,2561.72,1747.01
2010-03-08,1149.99,1134.9,1044.94,1226.98,20.967,23.2276,217.631,21.9,1686.9,2588.06,1764.33
2010-03-15,1159.9,1141.45,1050.72,1226.44,21.1477,23.4278,217.631,21.9,1702.05,2611.31,1779.53
2010-03-22,1166.59,1152.88,1056.41,1225.88,21.2697,23.5629,217.631,21.9,1712.49,2627.32,1789.8
2010-03-29,1178.1,1165.77,1061.24,1225.32,21.4796,23.7954,217.631,21.9,1730,2654.19,1807.46
2010-04-05,1194.37,1175.12,1068.25,1225.03,21.7511,24.091,218.009,21.9467,1754.51,2687.13,1829.24
2010-04-12,1192.13,1186.77,1075.36,1224.74,21.7103,24.0458,218.009,21.9467,1751.84,2683.04,1825.81
2010-04-19,1217.28,1183.68,1083.15,1224.6,22.1683,24.5531,218.009,21.9467,1789.42,2740.59,1864.33
2010-04-26,1186.69,1181.62,1090.54,1224.18,21.6113,23.9361,218.009,21.9467,1745.07,2672.67,1817.48
2010-05-03,1110.88,1065.79,1095.74,1223.41,20.2219,22.3938,218.178,21.9933,1634.21,2500.95,1700.05
2010-05-10,1135.68,1122.27,1100.18,1222.91,20.6734,22.8937,218.178,21.9933,1671.32,2557.73,1738.01
2010-05-17,1087.69,1055.9,1102.92,1222.15,19.7998,21.9263,218.178,21.9933,1601.32,2450.6,1664.57
2010-05-24,1089.41,1040.78,1104.88,1221.2,19.8311,21.961,218.178,21.9933,1604.47,2455.43,1667.2
2010-06-01,1064.88,1060.5,1106.63,1220.13,19.4053,21.4865,217.965,22.04,1568.97,2403.45,1631.25
2010-06-07,1091.6,1042.17,1107.95,1219.25,19.8922,22.0257,217.965,22.04,1608.96,2464.71,1672.18
2010-06-14,1117.51,1089.03,1110.18,1218.33,20.3644,22.5485,217.965,22.04,1647.78,2524.17,1711.87
2010-06-21,1076.76,1067.89,1112.07,1217.24,19.6218,21.7262,217.965,22.04,1588.32,2433.08,1649.45
2010-06-28,1022.58,1010.91,1111.77,1215.79,18.6344,20.633,217.965,22.04,1509.02,2311.61,1566.45
2010-07-06,1077.96,1018.35,1111.6,1214.69,19.6351,21.7376,218.011,22.1433,1591.37,2437.25,1650.94
2010-07-12,1064.88,1063.32,1112.35,1213.42,19.3969,21.4738,218.011,22.1433,1572.69,2408.64,1630.91
2010-07-19,1102.66,1056.88,1113.42,1212.35,20.0851,22.2356,218.011,22.1433,1629.12,2495.06,1688.77
2010-07-26,1101.6,1088.01,1114.39,1211.18,20.0657,22.2143,218.011,22.1433,1628.18,2493.62,1687.14
2010-08-02,1121.64,1107.17,1115.17,1210.04,20.3951,22.5743,218.312,22.2467,1658.43,2536.45,1715.47
2010-08-09,1079.25,1076.69,1115.75,1208.61,19.6243,21.7211,218.312,22.2467,1596.39,2441.56,1650.64
2010-08-16,1071.69,1063.91,1116.65,1207.13,19.4868,21.569,218.312,22.2467,1585.84,2425.43,1639.07
2010-08-23,1064.59,1039.7,1116.24,1205.56,19.3577,21.4261,218.312,22.2467,1575.96,2410.32,1628.21
2010-08-30,1104.51,1040.88,1115.62,1204.26,20.0836,22.2295,218.312,22.2467,1635.69,2501.68,1689.27
2010-09-07,1109.55,1091.15,1115.63,1202.91,20.1538,22.3008,218.439,22.35,1643.79,2512.6,1695.99
2010-09-13,1125.59,1113.38,1116.16,1201.53,20.4452,22.6232,218.439,22.35,1668.19,2549.9,1720.51
2010-09-20,1148.67,1122.79,1117.06,1200.27,20.8644,23.087,218.439,22.35,1703.04,2603.16,1755.79
2010-09-27,1146.24,1132.09,1118.03,1199.02,20.8202,23.0382,218.439,22.35,1700.07,2598.63,1752.07
2010-10-04,1165.15,1131.87,1119.24,1197.79,21.1236,23.3649,218.711,22.4767,1728.76,2639.19,1778.76
2010-10-11,1176.19,1155.71,1120.42,1196.54,21.3237,23.5863,218.711,22.4767,1745.78,2665.18,1795.62
2010-10-18,1183.08,1159.71,1121.56,1195.4,21.4486,23.7244,218.711,22.4767,1756.65,2681.77,1806.13
2010-10-25,1183.26,1171.7,1122.55,1194.22,21.4519,23.728,218.711,22.4767,1757.56,2683.16,1806.41
2010-11-01,1225.85,1177.65,1124.5,1193.31,22.1887,24.5327,218.803,22.6033,1821.47,2779.55,1870.64
2010-11-08,1199.21,1194.08,1127.62,1192.15,21.7065,23.9996,218.803,22.6033,1782.53,2720.13,1829.99
2010-11-15,1199.73,1173,1130.28,1190.99,21.7159,24.01,218.803,22.6033,1783.95,2722.29,1830.78
2010-11-22,1189.4,1176.91,1132.74,1189.83,21.5289,23.8033,218.803,22.6033,1769.23,2699.84,1815.02
2010-11-29,1224.71,1173.64,1135.42,1188.71,22.1681,24.5099,218.803,22.6033,1822.4,2780.98,1868.9
2010-12-06,1240.4,1219.5,1138.58,1187.72,22.376,24.728,219.179,22.73,1846.4,2812.77,1889.6
2010-12-13,1243.91,1232.85,1141.53,1186.67,22.4393,24.798,219.179,22.73,1852.28,2821.72,1894.95
2010-12-20,1256.77,1241.51,1143.74,1185.69,22.6713,25.0544,219.179,22.73,1872.08,2851.88,1914.54
2010-12-27,1257.64,1251.48,1146.24,1185.05,22.687,25.0717,219.179,22.73,1874.02,2854.85,1915.86
2011-01-03,1271.5,1257.62,1148.89,1184.39,22.7791,25.1605,220.223,22.9633,1895.33,2873.62,1927.79
2011-01-10,1293.24,1262.18,1151.63,1183.92,23.1686,25.5907,220.223,22.9633,1928.4,2923.75,1960.75
2011-01-18,1283.35,1271.26,1153.6,1183.16,22.9914,25.395,220.223,22.9633,1914.31,2902.39,1945.76
2011-01-24,1276.34,1275.1,1155.82,1182.43,22.8658,25.2563,220.223,22.9633,1904.51,2887.54,1935.13
2011-01-31,1310.87,1276.5,1158.34,1181.77,23.4844,25.9396,220.223,22.9633,1956.7,2966.66,1987.48
2011-02-07,1329.15,1311.74,1161.36,1181.15,23.6326,26.0895,221.309,23.1967,1984.65,2994.27,2005.31
2011-02-14,1343.01,1324.61,1165.48,1180.44,23.879,26.3616,221.309,23.1967,2006.01,3026.5,2026.22
2011-02-22,1319.88,1294.26,1168.73,1179.57,23.4678,25.9076,221.309,23.1967,1972.13,2975.38,1991.32
2011-02-28,1321.15,1302.58,1173.38,1178.65,23.4904,25.9325,221.309,23.1967,1974.69,2979.25,1993.24
2011-03-07,1304.28,1291.99,1179.26,1177.64,22.8957,25.2639,223.467,23.43,1950.15,2913.81,1948.79
2011-03-14,1279.21,1249.05,1183.88,1176.43,22.4556,24.7783,223.467,23.43,1913.34,2858.81,1911.33
2011-03-21,1313.8,1281.65,1189.84,1175.42,23.0628,25.4483,223.467,23.43,1965.75,2937.12,1963.01
2011-03-28,1332.41,1305.26,1195.29,1174.4,23.3895,25.8088,223.467,23.43,1994.27,2979.73,1990.82
2011-04-04,1328.17,1322.94,1201.14,1173.5,23.0859,25.462,224.906,23.7333,1988.61,2952.26,1971.78
2011-04-11,1319.68,1302.42,1207.83,1172.43,22.9383,25.2993,224.906,23.7333,1976.58,2934.4,1959.18
2011-04-18,1337.38,1294.7,1213.35,1171.61,23.246,25.6386,224.906,23.7333,2003.77,2974.77,1985.46
2011-04-25,1363.61,1331.47,1219.94,1170.91,23.7019,26.1414,224.906,23.7333,2043.75,3034.13,2024.4
2011-05-02,1340.2,1329.17,1226.73,1169.96,23.0921,25.4587,225.964,24.0367,2009.36,2969.1,1980.33
2011-05-09,1337.77,1332.03,1232.69,1168.88,23.0502,25.4125,225.964,24.0367,2006.41,2964.74,1976.74
2011-05-16,1333.27,1318.51,1238.07,1167.88,22.9727,25.327,225.964,24.0367,2000.35,2955.8,1970.09
2011-05-23,1331.1,1311.8,1243.4,1167.24,22.9353,25.2858,225.964,24.0367,1997.79,2952.01,1966.88
2011-05-31,1300.16,1297.9,1248.04,1166.57,22.4022,24.698,225.964,24.0367,1952.05,2884.42,1921.16
2011-06-06,1270.98,1268.28,1253.48,1165.66,21.8208,24.0506,225.722,24.34,1908.94,2823.74,1880.06
2011-06-13,1271.5,1258.07,1258.85,1164.79,21.8297,24.0604,225.722,24.34,1910.43,2825.94,1880.83
2011-06-20,1268.45,1262.87,1263.47,1163.73,21.7774,24.0027,225.722,24.34,1906.55,2820.2,1876.32
2011-06-27,1339.67,1267.53,1268.18,1163.06,23.0001,25.3504,225.722,24.34,2014.3,2979.59,1981.67
2011-07-05,1343.8,1330.92,1272.34,1162.51,22.9285,25.265,225.922,24.62,2021.22,2987.18,1986.02
2011-07-11,1316.14,1306.51,1276.68,1161.67,22.4566,24.7449,225.922,24.62,1980.33,2926.75,1945.14
2011-07-18,1345.02,1295.92,1281.19,1160.77,22.9493,25.2879,225.922,24.62,2024.49,2992.02,1987.82
2011-07-25,1292.28,1282.86,1284.84,1159.6,22.0495,24.2963,225.922,24.62,1945.82,2875.75,1909.87
2011-08-01,1199.38,1168.09,1286.45,1157.81,20.2879,22.3549,226.545,24.9,1806.66,2662.74,1767.7
2011-08-08,1178.81,1101.54,1285.69,1155.89,19.9399,21.9715,226.545,24.9,1776.4,2618.14,1737.38
2011-08-15,1123.53,1122.05,1285.25,1154.01,19.0048,20.9411,226.545,24.9,1693.82,2496.43,1655.91
2011-08-22,1176.8,1121.09,1283.74,1152.21,19.9059,21.934,226.545,24.9,1774.85,2615.85,1734.42
2011-08-29,1173.97,1170.56,1284,1150.54,19.858,21.8813,226.545,24.9,1771.3,2610.63,1730.25
2011-09-06,1154.23,1140.13,1283.65,1149.04,19.3684,21.343,226.889,25.18,1742.25,2563.91,1698.58
2011-09-12,1216.01,1136.07,1283.58,1147.82,20.4051,22.4854,226.889,25.18,1836.23,2702.22,1789.49
2011-09-19,1136.43,1114.22,1282.17,1146.3,19.0697,21.0139,226.889,25.18,1716.79,2526.45,1672.38
2011-09-26,1131.42,1131.07,1280.12,1144.55,18.9856,20.9213,226.889,25.18,1709.96,2516.39,1665.01
2011-10-03,1155.46,1074.77,1277.32,1142.81,19.2916,21.2603,226.421,25.5967,1747.03,2576.27,1703.9
2011-10-10,1224.58,1158.15,1276,1141.59,20.4457,22.5321,226.421,25.5967,1852.29,2731.48,1805.83
2011-10-17,1238.25,1191.48,1274.7,1140.36,20.6739,22.7836,226.421,25.5967,1873.71,2763.07,1825.99
2011-10-24,1285.09,1221.06,1274.25,1139.39,21.4559,23.6455,226.421,25.5967,1945.33,2868.69,1895.06
2011-10-31,1253.23,1215.42,1273.2,1138.6,20.924,23.0592,226.421,25.5967,1897.85,2798.67,1848.08
2011-11-07,1263.85,1226.64,1272.27,1137.92,20.9662,23.1083,226.23,26.0133,1914.69,2825.88,1865.31
2011-11-14,1215.65,1209.43,1270.59,1137.37,20.1666,22.227,226.23,26.0133,1842.42,2719.23,1794.18
2011-11-21,1158.67,1158.66,1267.66,1136.51,19.2213,21.1851,226.23,26.0133,1756.82,2592.89,1710.08
2011-11-28,1244.28,1158.67,1264.95,1135.75,20.6415,22.7504,226.23,26.0133,1887.39,2785.59,1836.43
2011-12-05,1255.19,1231.47,1263.32,1135.37,20.7195,22.8396,225.672,26.43,1904.71,2818.11,1857.11
2011-12-12,1219.66,1209.47,1260.9,1134.72,20.133,22.1931,225.672,26.43,1851.56,2739.48,1804.55
2011-12-19,1265.33,1202.37,1259.19,1134.28,20.8869,23.0241,225.672,26.43,1921.67,2843.2,1872.12
2011-12-27,1257.6,1248.64,1258.82,1133.92,20.7593,22.8834,225.672,26.43,1910.7,2826.97,1860.68
2012-01-03,1277.81,1258.86,1258.54,1133.84,20.8416,22.9766,226.665,26.7367,1942.19,2860.97,1882.3
2012-01-09,1289.09,1274.55,1257.89,1133.84,21.0256,23.1794,226.665,26.7367,1960.11,2887.37,1898.91
2012-01-17,1315.38,1290.22,1257.42,1133.77,21.4544,23.6522,226.665,26.7367,2000.87,2947.41,1937.64
2012-01-23,1316.33,1306.06,1257.2,1133.78,21.4699,23.6692,226.665,26.7367,2003.1,2950.69,1939.04
2012-01-30,1344.9,1300.49,1257.47,1133.65,21.9359,24.183,226.665,26.7367,2047.35,3015.89,1981.13
2012-02-06,1342.64,1335.92,1257.62,1133.7,21.6387,23.8569,227.663,27.0433,2044.71,2998.78,1969.13
2012-02-13,1361.23,1340.8,1257.5,1133.55,21.9383,24.1872,227.663,27.0433,2073.81,3041.46,1996.39
2012-02-21,1365.74,1352.28,1257.85,1133.39,22.011,24.2674,227.663,27.0433,2081.47,3052.7,2003.01
2012-02-27,1369.63,1354.92,1258.66,1133.17,22.0737,24.3365,227.663,27.0433,2088.19,3062.56,2008.71
2012-03-05,1370.87,1340.03,1259.39,1133.09,21.7623,23.9944,229.392,27.35,2090.88,3043.4,1995.38
2012-03-12,1404.17,1366.69,1261.05,1132.98,22.291,24.5773,229.392,27.35,2142.48,3118.49,2043.85
2012-03-19,1397.11,1386.87,1263.77,1133.09,22.1789,24.4537,229.392,27.35,2132.51,3103.98,2033.57
2012-03-26,1408.47,1391.56,1267.07,1133.13,22.3592,24.6525,229.392,27.35,2150.65,3130.39,2050.1
2012-04-02,1398.08,1392.92,1269.66,1133.31,21.9623,24.2169,230.085,27.6733,2135.6,3099.11,2028.85
2012-04-09,1370.26,1357.38,1271.91,1133.36,21.5252,23.735,230.085,27.6733,2093.91,3038.63,1988.48
2012-04-16,1378.53,1365.38,1273.19,1133.67,21.6551,23.8783,230.085,27.6733,2107.37,3058.15,2000.48
2012-04-23,1403.36,1358.79,1274.62,1134.29,22.0452,24.3084,230.085,27.6733,2146.14,3114.41,2036.51
2012-04-30,1369.1,1367.96,1276.54,1134.82,21.507,23.7149,230.085,27.6733,2094.56,3039.56,1986.8
2012-05-07,1353.39,1343.13,1277.22,1135.39,21.1307,23.3039,229.815,27.9967,2071.35,3009.41,1966.31
2012-05-14,1295.22,1291.98,1278.22,1135.57,20.2225,22.3023,229.815,27.9967,1983.14,2881.26,1881.79
2012-05-21,1317.82,1295.73,1282.11,1135.87,20.5753,22.6915,229.815,27.9967,2018.57,2932.73,1914.63
2012-05-29,1278.04,1277.25,1284.53,1135.95,19.9542,22.0065,229.815,27.9967,1958.46,2845.4,1856.83
2012-06-04,1325.66,1266.74,1288.41,1136.1,20.5813,22.7029,229.478,28.32,2032.27,2956.97,1928.85
2012-06-11,1342.84,1306.62,1291.82,1136.32,20.8481,22.9971,229.478,28.32,2059.44,2996.5,1953.84
2012-06-18,1335.02,1324.41,1295.61,1136.54,20.7267,22.8632,229.478,28.32,2048.28,2980.27,1942.47
2012-06-25,1362.16,1309.27,1299.58,1136.93,21.148,23.328,229.478,28.32,2090.76,3042.07,1981.95
2012-07-02,1354.68,1348.03,1302.73,1137.5,20.9206,23.0814,229.104,28.7433,2080.13,3031.54,1974.29
2012-07-09,1356.78,1325.41,1307.51,1138.02,20.953,23.1172,229.104,28.7433,2084.2,3037.48,1977.35
2012-07-16,1362.66,1345.07,1313.33,1138.56,21.0438,23.2174,229.104,28.7433,2094.08,3051.88,1985.92
2012-07-23,1385.97,1329.24,1317.91,1139.42,21.4038,23.6145,229.104,28.7433,2130.75,3105.32,2019.89
2012-07-30,1390.99,1354.65,1322.09,1140.88,21.4813,23.7001,229.104,28.7433,2139.32,3117.81,2027.21
2012-08-06,1405.87,1391.04,1326.38,1143.42,21.4473,23.6662,230.379,29.1667,2163.07,3134.97,2037.55
2012-08-13,1418.16,1397.32,1330.2,1145.8,21.6348,23.8731,230.379,29.1667,2182.84,3163.63,2055.37
2012-08-20,1411.13,1398.04,1334.05,1148.48,21.5276,23.7547,230.379,29.1667,2172.88,3149.2,2045.18
2012-08-27,1406.58,1397.01,1338.02,1150.66,21.4582,23.6782,230.379,29.1667,2166.74,3140.3,2038.58
2012-09-04,1437.92,1396.56,1342.1,1153.2,21.7007,23.949,231.407,29.59,2215.89,3197.27,2074.75
2012-09-10,1465.77,1428.98,1348.75,1156.16,22.121,24.4128,231.407,29.59,2259.69,3260.46,2114.93
2012-09-17,1460.15,1449.98,1354,1159.46,22.0362,24.3192,231.407,29.59,2251.9,3249.22,2106.82
2012-09-24,1440.67,1430.53,1359.03,1162.18,21.7422,23.9948,231.407,29.59,2222.74,3207.14,2078.71
2012-10-01,1460.93,1439.01,1364.88,1165.11,21.9239,24.1996,231.317,30.1433,2254.89,3254.8,2108.77
2012-10-08,1428.59,1425.53,1369.45,1167.85,21.4386,23.6639,231.317,30.1433,2205.87,3184.04,2062.09
2012-10-15,1433.19,1427.24,1373.9,1170.58,21.5076,23.7401,231.317,30.1433,2213.87,3195.59,2068.73
2012-10-22,1411.94,1403.28,1377.11,1173.28,21.1887,23.3881,231.317,30.1433,2181.94,3149.5,2038.05
2012-10-31,1414.2,1405.95,1378.93,1175.69,21.2226,23.4256,231.317,30.1433,2186.32,3155.83,2041.31
2012-11-05,1379.85,1373.03,1380.98,1178.13,20.6785,22.8314,230.221,30.6967,2134.13,3095.16,2001.21
2012-11-12,1359.88,1343.35,1382.18,1180.68,20.3792,22.5009,230.221,30.6967,2104.16,3051.69,1972.25
2012-11-19,1409.15,1359.88,1383.24,1183.57,21.1176,23.3162,230.221,30.6967,2181.31,3163.58,2043.71
2012-11-26,1416.18,1385.43,1384.74,1186.52,21.2229,23.4325,230.221,30.6967,2193.11,3180.69,2053.9
2012-12-03,1418.07,1398.23,1386.12,1189.27,21.1752,23.3867,229.601,31.25,2196.96,3194.89,2062.2
2012-12-10,1413.58,1411.88,1387.49,1192.2,21.1082,23.3127,229.601,31.25,2190.94,3186.13,2055.67
2012-12-17,1430.15,1413.54,1389.4,1195.5,21.3556,23.5859,229.601,31.25,2217.55,3224.83,2079.77
2012-12-24,1402.43,1401.58,1390.22,1198.84,20.9417,23.1288,229.601,31.25,2175.5,3163.68,2039.45
2012-12-31,1466.47,1398.11,1391.23,1202.75,21.898,24.1849,229.601,31.25,2275.77,3309.5,2132.58
2013-01-07,1472.05,1451.64,1392.78,1206.33,21.7769,24.0573,230.28,31.5367,2285.38,3313.66,2134.39
2013-01-14,1485.98,1463.76,1394.45,1209.92,21.983,24.285,230.28,31.5367,2307.94,3346.38,2154.58
2013-01-22,1502.96,1481.16,1396.41,1213.35,22.2342,24.5625,230.28,31.5367,2335.26,3385.99,2179.2
2013-01-28,1513.17,1496.33,1399.75,1216.71,22.3853,24.7293,230.28,31.5367,2352.06,3410.36,2194.01
2013-02-04,1517.93,1495.02,1402.99,1220.01,22.1347,24.458,232.166,31.8233,2360.41,3394.66,2183.03
2013-02-11,1519.79,1513.61,1406.16,1223.27,22.1618,24.4879,232.166,31.8233,2364.26,3400.19,2185.71
2013-02-19,1515.6,1497.29,1408.62,1226.51,22.1007,24.4204,232.166,31.8233,2358.69,3392.18,2179.68
2013-02-25,1518.2,1485.01,1412.29,1229.72,22.1386,24.4623,232.166,31.8233,2363.69,3399.37,2183.42
2013-03-04,1551.18,1512.29,1417.83,1232.83,22.4243,24.7828,232.773,32.11,2416,3465.54,2225.03
2013-03-11,1560.7,1547.36,1423.81,1236.21,22.5619,24.9349,232.773,32.11,2431.79,3488.19,2238.69
2013-03-18,1556.89,1538.57,1430.06,1239.56,22.5068,24.874,232.773,32.11,2426.81,3481.05,2233.22
2013-03-25,1569.19,1546.22,1435.09,1242.81,22.6846,25.0705,232.773,32.11,2446.95,3509.93,2250.87
2013-04-01,1553.28,1539.5,1440.99,1245.88,22.3451,24.6999,232.531,32.4967,2423.11,3479.36,2230.36
2013-04-08,1588.85,1548.63,1446.9,1249.09,22.8568,25.2655,232.531,32.4967,2479.58,3560.44,2281.44
2013-04-15,1555.25,1536.03,1452.5,1252.26,22.3734,24.7312,232.531,32.4967,2428.12,3486.55,2233.19
2013-04-22,1582.24,1548.19,1457.87,1255.58,22.7617,25.1604,232.531,32.4967,2471.23,3548.45,2271.95
2013-04-29,1614.42,1581.28,1464.15,1259.17,23.2246,25.6722,232.531,32.4967,2522.47,3622.02,2318.15
2013-05-06,1633.7,1614.21,1470.71,1262.94,23.3242,25.785,232.945,32.8833,2553.58,3660.18,2341.67
2013-05-13,1667.47,1626.74,1477.97,1266.58,23.8063,26.318,232.945,32.8833,2607.35,3737.26,2390.07
2013-05-20,1649.6,1635.53,1484.9,1269.93,23.5512,26.036,232.945,32.8833,2580.4,3698.62,2364.46
2013-05-28,1630.74,1630.74,1489.81,1273.15,23.2819,25.7383,232.945,32.8833,2551.89,3657.75,2337.43
2013-06-03,1643.38,1598.23,1495.31,1276.31,23.2739,25.7326,233.504,33.27,2572.67,3678.71,2349.91
2013-06-10,1626.73,1608.07,1500.74,1279.42,23.0381,25.4719,233.504,33.27,2547.6,3642.87,2326.1
2013-06-17,1592.43,1577.7,1506.06,1282.26,22.5523,24.9348,233.504,33.27,2494.89,3567.5,2277.05
2013-06-24,1606.28,1560.33,1510.44,1285.14,22.7484,25.1516,233.504,33.27,2517.59,3599.96,2296.86
2013-07-01,1631.89,1604.57,1513.84,1288.22,22.9745,25.4033,233.596,33.6467,2558.74,3657.36,2332.56
2013-07-08,1680.19,1634.2,1518.84,1291.41,23.6545,26.1552,233.596,33.6467,2635.49,3767.06,2401.59
2013-07-15,1692.09,1671.84,1524.84,1294.53,23.822,26.3404,233.596,33.6467,2655.17,3795.19,2418.6
2013-07-22,1691.65,1676.03,1530.81,1297.76,23.8158,26.3336,233.596,33.6467,2655.5,3795.66,2417.97
2013-07-29,1709.67,1681.86,1537.22,1301.19,24.0695,26.6141,233.596,33.6467,2684.8,3837.54,2443.73
2013-08-05,1691.42,1684.91,1543.41,1304.28,23.655,26.1573,233.877,34.0233,2657.17,3793.48,2414.74
2013-08-12,1655.83,1652.61,1549.93,1307.13,23.1572,25.6069,233.877,34.0233,2602.29,3715.13,2363.93
2013-08-19,1663.5,1639.43,1555.74,1310.04,23.2645,25.7255,233.877,34.0233,2615.37,3733.81,2374.88
2013-08-26,1632.97,1627.47,1562.18,1313.03,22.8375,25.2533,233.877,34.0233,2568.4,3666.75,2331.3
2013-09-03,1655.17,1633.41,1567.92,1315.96,22.9977,25.4314,234.149,34.4,2604.35,3713.77,2360.24
2013-09-09,1687.99,1656.85,1575.03,1318.93,23.4537,25.9357,234.149,34.4,2657.04,3788.89,2407.05
2013-09-16,1709.91,1691.7,1582.54,1322.02,23.7582,26.2725,234.149,34.4,2692.58,3839.58,2438.3
2013-09-23,1691.75,1687.11,1589.51,1325.02,23.5059,25.9935,234.149,34.4,2665.03,3800.28,2412.41
2013-09-30,1690.5,1670.36,1596.02,1327.95,23.4886,25.9743,234.149,34.4,2664.1,3798.96,2410.62
2013-10-07,1703.2,1646.47,1602.16,1330.93,23.6015,26.099,233.546,34.5967,2685.16,3838.88,2435.01
2013-10-14,1744.5,1692.13,1609.35,1334.14,24.1738,26.7319,233.546,34.5967,2751.32,3933.47,2494.05
2013-10-21,1759.77,1740.5,1616.54,1337.31,24.3854,26.9659,233.546,34.5967,2776.45,3969.4,2515.88
2013-10-28,1761.64,1752.7,1623.78,1340.54,24.4113,26.9945,233.546,34.5967,2780.45,3975.12,2518.55
2013-11-04,1770.61,1746.2,1630.52,1343.67,24.4634,27.0488,233.069,34.7933,2795.67,4005.05,2536.56
2013-11-11,1798.18,1760.64,1637.46,1346.98,24.8443,27.47,233.069,34.7933,2840.26,4068.92,2576.06
2013-11-18,1804.76,1777.23,1644.54,1350.54,24.9353,27.5705,233.069,34.7933,2851.71,4085.33,2585.48
2013-11-25,1805.81,1800.58,1650.24,1354.2,24.9498,27.5865,233.069,34.7933,2854.42,4089.22,2586.99
2013-12-02,1805.09,1779.09,1657.23,1357.9,24.8249,27.4429,233.049,34.99,2854.35,4089.46,2586.18
2013-12-09,1775.32,1772.28,1664.28,1361.4,24.4155,26.9903,233.049,34.99,2808.34,4023.54,2543.53
2013-12-16,1818.32,1767.99,1670.8,1364.94,25.0068,27.644,233.049,34.99,2877.42,4122.52,2605.13
2013-12-23,1841.4,1822.92,1676.4,1368.63,25.3242,27.9949,233.049,34.99,2915.01,4176.38,2638.2
2013-12-30,1831.37,1827.74,1682.06,1372.09,25.1863,27.8424,233.049,34.99,2900.2,4155.15,2623.83
2014-01-06,1842.37,1823.73,1689.07,1375.55,25.1326,27.7758,233.916,35.4033,2918.7,4166.16,2629.81
2014-01-13,1838.7,1815.52,1695.95,1378.95,25.0825,27.7204,233.916,35.4033,2913.96,4159.4,2624.57
2014-01-21,1790.29,1790.29,1701.12,1382.07,24.4221,26.9906,233.916,35.4033,2838.32,4051.43,2555.47
2014-01-27,1782.59,1770.45,1706.44,1385.09,24.3171,26.8745,233.916,35.4033,2827.19,4035.54,2544.48
2014-02-03,1797.02,1737.92,1711.45,1388.1,24.32,26.8713,234.781,35.8167,2851.17,4054.78,2555.62
2014-02-10,1838.63,1791.83,1717.28,1391.33,24.8831,27.4935,234.781,35.8167,2918.28,4150.22,2614.8
2014-02-18,1836.25,1824.58,1721.73,1394.43,24.8509,27.4579,234.781,35.8167,2915.6,4146.4,2611.41
2014-02-24,1859.45,1836.78,1727.1,1397.79,25.1649,27.8048,234.781,35.8167,2953.53,4200.34,2644.41
2014-03-03,1878.04,1834.44,1732.29,1401.63,25.1505,27.7816,236.293,36.23,2984.16,4216.75,2653.75
2014-03-10,1841.13,1839.57,1737.47,1405.16,24.6562,27.2356,236.293,36.23,2926.62,4135.44,2601.6
2014-03-17,1866.52,1842.81,1743.29,1409.05,24.9962,27.6112,236.293,36.23,2968.09,4194.04,2637.48
2014-03-24,1857.62,1842.11,1748.97,1412.89,24.877,27.4795,236.293,36.23,2955.04,4175.61,2624.9
2014-03-31,1865.09,1859.16,1755.07,1416.89,24.9771,27.59,236.293,36.23,2968.03,4193.96,2635.45
2014-04-07,1815.69,1814.36,1761.43,1420.51,24.1406,26.6595,237.072,36.6133,2890.54,4071.04,2557.22
2014-04-14,1864.85,1815.8,1766.19,1424.25,24.7942,27.3813,237.072,36.6133,2969.92,4182.84,2626.46
2014-04-21,1863.4,1859.7,1772.07,1428.18,24.7749,27.36,237.072,36.6133,2968.74,4181.17,2624.41
2014-04-28,1881.14,1850.61,1777.08,1432.48,25.0107,27.6205,237.072,36.6133,2998.12,4222.56,2649.4
2014-05-05,1878.48,1859.79,1781.73,1436.48,24.7943,27.3741,237.9,36.9967,2995.02,4203.5,2636.45
2014-05-12,1877.86,1862.36,1786.69,1440.54,24.7861,27.3651,237.9,36.9967,2995.16,4203.71,2635.58
2014-05-19,1900.53,1868.14,1791.32,1444.53,25.0853,27.6954,237.9,36.9967,3032.45,4256.05,2667.39
2014-05-27,1923.57,1902.01,1795.79,1448.64,25.3894,28.0312,237.9,36.9967,3070.35,4309.24,2699.73
2014-06-02,1949.44,1915.98,1802.62,1452.78,25.5889,28.2426,238.343,37.38,3112.79,4360.68,2730.95
2014-06-09,1936.16,1925.78,1809.93,1457.07,25.4145,28.0503,238.343,37.38,3092.74,4332.58,2712.35
2014-06-16,1962.87,1930.91,1817.73,1461.52,25.7651,28.4372,238.343,37.38,3136.55,4393.96,2749.77
2014-06-23,1960.96,1944.69,1824.9,1466,25.7401,28.4095,238.343,37.38,3134.65,4391.3,2747.09
2014-06-30,1985.44,1958.22,1830.5,1470.41,26.0614,28.7642,238.343,37.38,3174.93,4447.72,2781.38
2014-07-07,1967.57,1952.86,1836.95,1474.7,25.7452,28.4058,238.25,37.75,3147.51,4411.04,2757.43
2014-07-14,1978.22,1955.59,1843.99,1478.96,25.8845,28.5596,238.25,37.75,3165.71,4436.54,2772.35
2014-07-21,1978.34,1965.77,1851.57,1483.11,25.8861,28.5613,238.25,37.75,3167.06,4438.44,2772.52
2014-07-28,1925.15,1916.37,1858.14,1487,25.1901,27.7934,238.25,37.75,3083.08,4320.74,2697.98
2014-08-04,1931.59,1904.78,1862.75,1490.84,25.2266,27.8248,237.852,38.12,3094.56,4344.09,2711.53
2014-08-11,1955.06,1928.29,1867.43,1494.73,25.5331,28.1629,237.852,38.12,3133.34,4398.53,2744.48
2014-08-18,1988.4,1958.36,1872.97,1498.76,25.9685,28.6431,237.852,38.12,3187.95,4475.18,2791.28
2014-08-25,2003.37,1990.52,1878.82,1502.86,26.164,28.8588,237.852,38.12,3213.12,4510.53,2812.3
2014-09-02,2007.71,1990.1,1883.05,1506.77,26.1067,28.7858,238.031,38.49,3221.27,4518.56,2816.27
2014-09-08,1985.54,1980.26,1888.04,1510.7,25.8184,28.4679,238.031,38.49,3186.89,4470.33,2785.17
2014-09-15,2010.4,1978.48,1893.01,1514.75,26.1417,28.8243,238.031,38.49,3227.98,4527.97,2820.04
2014-09-22,1982.85,1965.99,1897.66,1518.72,25.7835,28.4293,238.031,38.49,3184.93,4467.59,2781.4
2014-09-29,1967.9,1926.03,1902.21,1522.44,25.5891,28.215,238.031,38.49,3162.11,4435.57,2760.43
2014-10-06,1906.13,1906.05,1905.22,1525.76,24.7583,27.2911,237.433,38.8067,3064.05,4308.85,2680.51
2014-10-13,1886.76,1820.66,1906.02,1528.98,24.5067,27.0138,237.433,38.8067,3034.11,4266.75,2653.27
2014-10-20,1964.58,1882.3,1908.6,1532.52,25.5175,28.128,237.433,38.8067,3160.46,4444.42,2762.71
2014-10-27,2018.05,1951.37,1912.34,1536.32,26.212,28.8935,237.433,38.8067,3247.67,4567.07,2837.9
2014-11-03,2031.92,2001.01,1917.19,1540.12,26.4422,29.1373,236.151,39.1233,3271.21,4625.14,2872.92
2014-11-10,2039.82,2030.17,1923.54,1543.85,26.545,29.2505,236.151,39.1233,3285.14,4644.83,2884.09
2014-11-17,2063.5,2034.46,1930.74,1547.75,26.8532,29.5901,236.151,39.1233,3324.48,4700.47,2917.57
2014-11-24,2067.56,2064.75,1935.78,1551.71,26.906,29.6483,236.151,39.1233,3332.24,4711.43,2923.31
2014-12-01,2075.37,2049.57,1941.57,1555.53,27.0693,29.8185,234.812,39.44,3346.05,4757.93,2951.09
2014-12-08,2002.33,2002.33,1946.23,1558.9,26.1166,28.7691,234.812,39.44,3229.51,4592.22,2847.23
2014-12-15,2070.65,1972.56,1950.02,1562.54,27.0077,29.7507,234.812,39.44,3340.93,4750.65,2944.37
2014-12-22,2088.77,2069.28,1954.38,1566.38,27.2441,30.011,234.812,39.44,3371.39,4793.96,2970.14
2014-12-29,2058.2,2046.04,1958.65,1570.07,26.8453,29.5718,234.812,39.44,3323.27,4725.54,2926.67
2015-01-05,2044.81,1992.44,1962.86,1573.77,26.7095,29.4139,233.707,39.8967,3302.89,4718.77,2921.38
2015-01-12,2019.42,1988.12,1966.46,1577.47,26.3779,29.0487,233.707,39.8967,3263.11,4661.95,2885.1
2015-01-20,2051.82,2004.49,1970.05,1581.16,26.8011,29.5147,233.707,39.8967,3316.71,4738.51,2931.39
2015-01-26,1994.99,1989.18,1974.61,1584.47,26.0588,28.6972,233.707,39.8967,3226.08,4609.04,2850.2
2015-02-02,2055.47,1980.9,1978.99,1588.11,26.649,29.3384,234.722,40.3533,3325.14,4730.02,2923.91
2015-02-09,2096.99,2041.88,1983.97,1592,27.1873,29.931,234.722,40.3533,3393.56,4827.35,2982.97
2015-02-17,2110.3,2085.44,1988.42,1595.86,27.3598,30.121,234.722,40.3533,3416.36,4859.78,3001.91
2015-02-23,2104.5,2103,1994.06,1599.57,27.2846,30.0382,234.722,40.3533,3408.23,4848.21,2993.66
2015-03-02,2071.26,2067.27,1999.56,1603.22,26.6164,29.2949,236.119,40.81,3355.66,4745.2,2928.94
2015-03-09,2053.4,2039.69,2003.47,1606.8,26.3869,29.0423,236.119,40.81,3328,4706.08,2903.68
2015-03-16,2108.1,2055.35,2007.62,1610.67,27.0898,29.8159,236.119,40.81,3417.93,4833.24,2981.03
2015-03-23,2061.02,2045.5,2010.82,1614.32,26.4848,29.1501,236.119,40.81,3342.87,4727.1,2914.46
2015-03-30,2066.96,2048.38,2013.49,1618.16,26.5612,29.2341,236.119,40.81,3353.77,4742.52,2922.86
2015-04-06,2102.06,2056.52,2016.69,1622.31,26.8835,29.5817,236.599,41.12,3412.01,4815.09,2966.46
2015-04-13,2081.18,2072.37,2020.04,1626.36,26.6164,29.2879,236.599,41.12,3379.4,4769.07,2937
2015-04-20,2117.69,2084.11,2023.35,1630.61,27.0833,29.8017,236.599,41.12,3439.97,4854.54,2988.52
2015-04-27,2108.29,2077.59,2026.65,1634.45,26.9631,29.6694,236.599,41.12,3425.99,4834.81,2975.25
2015-05-04,2116.1,2067.93,2029.69,1638.31,26.8589,29.548,237.805,41.43,3439.97,4829.93,2971.13
2015-05-11,2122.73,2085.57,2033,1642.34,26.9431,29.6406,237.805,41.43,3452.04,4846.88,2980.44
2015-05-18,2126.06,2120.01,2038.02,1646.25,26.9853,29.6871,237.805,41.43,3458.76,4856.3,2985.12
2015-05-26,2107.39,2099.18,2041.74,1650.33,26.7484,29.4264,237.805,41.43,3429.68,4815.47,2958.9
2015-06-01,2092.83,2085.67,2045.31,1654.79,26.4144,29.0533,238.638,41.74,3407.29,4767.34,2928.2
2015-06-08,2094.11,2072.14,2047.82,1659.37,26.4305,29.071,238.638,41.74,3410.68,4772.08,2929.99
2015-06-15,2109.99,2072.49,2050.36,1664.3,26.6309,29.2915,238.638,41.74,3437.85,4810.1,2952.21
2015-06-22,2101.49,2095.38,2053.21,1668.92,26.5237,29.1735,238.638,41.74,3425.31,4792.55,2940.32
2015-06-29,2076.78,2056.32,2054.75,1673.44,26.2118,28.8304,238.638,41.74,3386.34,4738.03,2905.75
2015-07-06,2076.62,2044.02,2056.37,1678.05,26.1604,28.769,238.654,41.9967,3387.4,4739.19,2905.33
2015-07-13,2126.64,2080.03,2059.72,1682.6,26.7906,29.4619,238.654,41.9967,3470.31,4855.19,2975.31
2015-07-20,2079.65,2077.09,2063.64,1687.32,26.1986,28.811,238.654,41.9967,3394.95,4749.75,2909.57
2015-07-27,2103.84,2063.52,2068.27,1692.18,26.5033,29.1461,238.654,41.9967,3435.75,4806.84,2943.41
2015-08-03,2077.57,2067.91,2073.24,1696.79,26.1685,28.7747,238.316,42.2533,3394.18,4755.41,2910.78
2015-08-10,2091.54,2052.09,2076.54,1701.13,26.3445,28.9682,238.316,42.2533,3418.33,4789.25,2930.35
2015-08-17,1970.89,1970.89,2077.85,1704.79,24.8248,27.2971,238.316,42.2533,3222.47,4514.84,2761.31
2015-08-24,1988.87,1867.01,2075.41,1708.31,25.0513,27.5462,238.316,42.2533,3253.2,4557.89,2786.51
2015-08-31,1921.22,1903.07,2072.9,1711.65,24.1992,26.6092,238.316,42.2533,3143.87,4404.72,2691.72
2015-09-08,1961.05,1927.3,2070.85,1715.14,24.7064,27.1666,237.945,42.51,3210.39,4504.93,2751.81
2015-09-14,1958.03,1948.27,2068.59,1718.85,24.6683,27.1248,237.945,42.51,3206.78,4499.87,2747.57
2015-09-21,1931.34,1908.92,2065.44,1722.71,24.3321,26.755,237.945,42.51,3164.41,4440.41,2710.12
2015-09-28,1951.36,1871.91,2063.11,1726.25,24.5843,27.0324,237.945,42.51,3198.55,4488.32,2738.21
2015-10-05,2014.89,1954.33,2061.54,1730.04,25.3666,27.8908,237.838,42.8033,3304.04,4638.42,2828.63
2015-10-12,2033.11,1990.73,2059.9,1734.11,25.5959,28.143,237.838,42.8033,3335.26,4682.26,2854.21
2015-10-19,2075.15,2017.22,2060.11,1738.16,26.1252,28.7249,237.838,42.8033,3405.58,4780.97,2913.23
2015-10-26,2079.36,2058.84,2061.59,1742.27,26.1782,28.7832,237.838,42.8033,3413.84,4792.57,2919.14
2015-11-02,2099.2,2080.76,2063.22,1746.38,26.46,29.0903,237.336,43.0967,3447.77,4850.44,2953.23
2015-11-09,2023.04,2022.02,2064.22,1750.05,25.5001,28.0349,237.336,43.0967,3324.05,4676.38,2846.08
2015-11-16,2089.17,2019.39,2064.85,1753.92,26.3336,28.9513,237.336,43.0967,3434.07,4831.16,2939.12
2015-11-23,2090.11,2070.29,2065.26,1757.78,26.3455,28.9643,237.336,43.0967,3436.97,4835.25,2940.44
2015-11-30,2091.69,2042.35,2064.76,1761.52,26.3654,28.9862,237.336,43.0967,3440.93,4840.82,2942.66
2015-12-07,2012.37,2008.8,2063.25,1764.87,25.4382,27.9648,236.525,43.39,3311.82,4675.16,2840.78
2015-12-14,2005.55,1993.26,2061.7,1768.09,25.352,27.87,236.525,43.39,3301.97,4661.25,2831.15
2015-12-21,2060.99,2005.93,2061.48,1771.57,26.0528,28.6404,236.525,43.39,3394.62,4792.05,2909.41
2015-12-28,2043.94,2043.62,2061.15,1774.94,25.8372,28.4035,236.525,43.39,3367.91,4754.34,2885.34
2016-01-04,1922.03,1918.46,2058.3,1777.69,24.2494,26.6593,236.916,43.5533,3168.42,4465.34,2708.77
2016-01-11,1880.33,1857.83,2054.42,1780.07,23.7233,26.0809,236.916,43.5533,3101.05,4370.41,2650
2016-01-19,1906.9,1812.29,2050.47,1782.62,24.0586,26.4494,236.916,43.5533,3146.26,4434.11,2687.45
2016-01-25,1940.24,1872.7,2045.52,1785.28,24.4792,26.9118,236.916,43.5533,3202.65,4513.58,2734.44
2016-02-01,1880.05,1872.23,2040.81,1787.69,23.6955,26.0519,237.111,43.7167,3104.68,4371.92,2647.43
2016-02-08,1864.78,1810.1,2034.26,1790.16,23.503,25.8403,237.111,43.7167,3080.85,4338.36,2625.93
2016-02-16,1917.78,1871.44,2030.56,1792.86,24.171,26.5747,237.111,43.7167,3169.81,4463.62,2700.56
2016-02-22,1948.05,1891,2026.6,1795.58,24.5525,26.9941,237.111,43.7167,3221.23,4536.03,2743.18
2016-02-29,1999.99,1931.81,2023.06,1798.74,25.2071,27.7139,237.111,43.7167,3308.5,4658.93,2816.33
2016-03-07,2022.19,1969.25,2019.92,1802.08,25.3753,27.8973,238.132,43.88,3346.62,4692.41,2835.38
2016-03-14,2049.58,2005.23,2017.86,1805.85,25.719,28.2751,238.132,43.88,3393.35,4757.92,2873.78
2016-03-21,2035.94,2022.49,2016.99,1809.44,25.5479,28.087,238.132,43.88,3372.16,4728.22,2854.66
2016-03-28,2072.78,2028.31,2015.99,1813.42,26.0101,28.5952,238.132,43.88,3434.58,4815.73,2906.31
2016-04-04,2047.6,2033.8,2014.43,1817.03,25.5734,28.1122,239.261,44.0733,3394.26,4736.74,2857.46
2016-04-11,2080.73,2039.74,2014.02,1820.72,25.9872,28.5671,239.261,44.0733,3450.58,4815.35,2903.69
2016-04-18,2091.58,2073.65,2014.66,1824.5,26.1227,28.7161,239.261,44.0733,3469.98,4842.42,2918.83
2016-04-25,2065.3,2052.28,2014.52,1828.02,25.7944,28.3553,239.261,44.0733,3427.79,4783.54,2882.16
2016-05-02,2057.14,2039.45,2012.98,1831.53,25.5901,28.1283,240.229,44.2667,3415.66,4747.4,2859.2
2016-05-09,2046.61,2043.13,2012.31,1834.98,25.4591,27.9843,240.229,44.2667,3399.59,4725.06,2844.57
2016-05-16,2052.32,2025.91,2011.07,1838.43,25.5301,28.0624,240.229,44.2667,3410.49,4740.21,2852.5
2016-05-23,2099.06,2047.26,2010.91,1841.99,26.1116,28.7015,240.229,44.2667,3489.57,4850.13,2917.47
2016-05-31,2099.13,2085.1,2011.04,1845.53,26.1124,28.7024,240.229,44.2667,3491.11,4852.26,2917.57
2016-06-06,2096.07,2089.96,2014.57,1848.98,25.9914,28.5667,241.018,44.46,3487.44,4831.3,2903.78
2016-06-13,2071.22,2050.37,2017.43,1852.25,25.6833,28.2281,241.018,44.46,3447.52,4775.99,2869.35
2016-06-20,2037.41,2032.57,2020.8,1855.38,25.264,27.7673,241.018,44.46,3392.66,4700,2822.51
2016-06-27,2102.95,1991.68,2023.15,1858.86,26.0767,28.6605,241.018,44.46,3503.22,4853.16,2913.31
2016-07-05,2129.9,2074.02,2025.94,1862.32,26.458,29.0753,240.628,44.65,3549.55,4925.31,2955.42
2016-07-11,2161.74,2131.72,2031.94,1865.8,26.8535,29.5099,240.628,44.65,3604.04,5000.92,2999.6
2016-07-18,2175.03,2159.01,2037.35,1869.37,27.0186,29.6914,240.628,44.65,3627.63,5033.66,3018.05
2016-07-25,2173.6,2159.07,2041.36,1873.04,27.0008,29.6718,240.628,44.65,3626.68,5032.33,3016.06
2016-08-01,2182.87,2147.58,2044.97,1876.65,27.0968,29.7719,240.849,44.84,3643.58,5051.15,3026.14
2016-08-08,2184.05,2172,2048.1,1880.43,27.1115,29.788,240.849,44.84,3646.99,5055.88,3027.78
2016-08-15,2183.87,2168.5,2050.34,1884.18,27.1093,29.7855,240.849,44.84,3648.13,5057.46,3027.53
2016-08-22,2169.04,2160.39,2052.46,1887.97,26.9252,29.5833,240.849,44.84,3624.8,5025.11,3006.97
2016-08-29,2179.98,2157.09,2055.61,1891.79,27.061,29.7325,240.849,44.84,3644.52,5052.45,3022.14
2016-09-06,2127.81,2127.81,2057.32,1895.53,26.3577,28.9544,241.428,45.03,3558.75,4921.72,2942.74
2016-09-12,2139.16,2119.12,2058.56,1899.43,26.4983,29.1088,241.428,45.03,3579.18,4949.97,2958.44
2016-09-19,2164.69,2135.91,2060.67,1903.21,26.8146,29.4562,241.428,45.03,3623.35,5011.05,2993.74
2016-09-26,2168.27,2141.55,2063.76,1906.97,26.8589,29.5049,241.428,45.03,3630.79,5021.34,2998.7
2016-10-03,2153.74,2144.01,2066.79,1910.65,26.6578,29.2782,241.729,45.2533,3607.92,4983.5,2974.89
2016-10-10,2132.98,2114.72,2068.7,1914.24,26.4009,28.996,241.729,45.2533,3574.6,4937.48,2946.22
2016-10-17,2141.16,2124.43,2072.13,1917.8,26.5021,29.1072,241.729,45.2533,3589.76,4958.42,2957.52
2016-10-24,2126.41,2119.36,2077.61,1921.42,26.3196,28.9067,241.729,45.2533,3566.49,4926.28,2937.14
2016-10-31,2085.18,2083.79,2083.18,1924.51,25.8092,28.3462,241.729,45.2533,3498.8,4832.78,2880.19
2016-11-07,2164.45,2100.59,2089.52,1927.97,26.8443,29.4756,241.353,45.4767,3633.28,5026.35,2994.34
2016-11-14,2181.9,2156.08,2096.22,1931.45,27.0607,29.7133,241.353,45.4767,3664.04,5068.9,3018.48
2016-11-21,2213.35,2186.43,2103.39,1935.01,27.4507,30.1416,241.353,45.4767,3718.32,5144,3061.99
2016-11-28,2191.95,2187.44,2110.71,1938.4,27.1853,29.8501,241.353,45.4767,3683.84,5096.29,3032.39
2016-12-05,2259.53,2199.97,2118.05,1942.11,28.0251,30.7618,241.432,45.7,3798.89,5253.74,3124.86
2016-12-12,2258.07,2248.44,2125.11,1945.8,28.007,30.7419,241.432,45.7,3797.91,5252.39,3122.84
2016-12-19,2263.79,2256.08,2131.82,1949.54,28.0779,30.8198,241.432,45.7,3809.01,5267.74,3130.75
2016-12-27,2238.83,2233.62,2136.33,1953.14,27.7684,30.48,241.432,45.7,3768.5,5211.7,3096.23
2017-01-03,2276.98,2245.13,2140.77,1956.77,28.0865,30.8173,242.839,45.9267,3834.2,5271.85,3130.74
2017-01-09,2274.64,2254.25,2146.3,1960.34,28.0577,30.7856,242.839,45.9267,3831.74,5268.47,3127.53
2017-01-17,2271.31,2258.41,2150.42,1963.91,28.0166,30.7406,242.839,45.9267,3827.62,5262.81,3122.95
2017-01-23,2294.69,2257.02,2156.22,1967.54,28.305,31.057,242.839,45.9267,3868.51,5319.03,3155.09
2017-01-30,2297.42,2267.21,2161,1971.26,28.3386,31.094,242.839,45.9267,3874.6,5327.4,3158.85
2017-02-06,2316.1,2285.38,2166.23,1974.9,28.4853,31.2412,243.603,46.1533,3907.6,5355.93,3174.54
2017-02-13,2351.16,2321.42,2173.12,1978.88,28.9165,31.7141,243.603,46.1533,3968.25,5439.05,3222.6
2017-02-21,2367.34,2352.87,2179.16,1982.8,29.1155,31.9324,243.603,46.1533,3997.06,5478.54,3244.78
2017-02-27,2383.12,2358.96,2187.18,1986.65,29.3095,32.1452,243.603,46.1533,4025.2,5517.11,3266.4
2017-03-06,2372.6,2354.54,2195.09,1990.34,29.158,31.9639,243.801,46.38,4008.94,5490.36,3249.34
2017-03-13,2378.25,2358.18,2202.12,1993.9,29.2274,32.04,243.801,46.38,4019.99,5505.49,3257.08
2017-03-20,2343.98,2335.74,2208.18,1997.37,28.8062,31.5783,243.801,46.38,3963.57,5428.23,3210.15
2017-03-27,2362.72,2322.25,2214.95,2001.03,29.0365,31.8308,243.801,46.38,3996.77,5473.69,3235.81
2017-04-03,2355.54,2344.73,2221.84,2004.59,28.8581,31.6202,244.524,46.66,3986.14,5442.99,3216.44
2017-04-10,2328.95,2328.95,2227.83,2008.1,28.5323,31.2633,244.524,46.66,3942.66,5383.63,3180.13
2017-04-17,2348.69,2332.51,2234.19,2011.88,28.7741,31.5283,244.524,46.66,3977.6,5431.33,3207.09
2017-04-24,2384.2,2369.19,2240.46,2015.77,29.2092,32.0049,244.524,46.66,4039.26,5515.52,3255.58
2017-05-01,2399.29,2379.75,2246.1,2019.61,29.3616,32.1559,244.733,46.94,4066.35,5547.78,3273.38
2017-05-08,2390.9,2381.74,2251.78,2023.16,29.2589,32.0435,244.733,46.94,4053.66,5530.46,3261.94
2017-05-15,2381.73,2352.72,2257.14,2026.61,29.1467,31.9206,244.733,46.94,4039.64,5511.34,3249.43
2017-05-22,2415.82,2386.92,2262.86,2030.23,29.5638,32.3775,244.733,46.94,4099,5592.32,3295.94
2017-05-30,2439.07,2403.59,2267.64,2033.88,29.8484,32.6891,244.733,46.94,4139.98,5648.23,3327.66
2017-06-05,2431.77,2415.7,2273.84,2037.58,29.7214,32.5329,244.955,47.22,4129.13,5628.32,3314.69
2017-06-12,2433.15,2418.53,2280.34,2041.47,29.7382,32.5513,244.955,47.22,4133.01,5633.61,3316.57
2017-06-19,2438.3,2430.74,2286.86,2045.34,29.8012,32.6202,244.955,47.22,4143.3,5647.64,3323.59
2017-06-26,2423.41,2405.7,2293.97,2049.29,29.6192,32.421,244.955,47.22,4119.54,5615.25,3303.29
2017-07-03,2425.18,2407.7,2299.63,2053.14,29.6487,32.4356,244.786,47.5367,4124.11,5625.36,3307.99
2017-07-10,2459.27,2412.79,2306.59,2057,30.0654,32.8916,244.786,47.5367,4183.63,5706.55,3354.49
2017-07-17,2472.54,2450.34,2314.27,2060.81,30.2277,33.0691,244.786,47.5367,4207.76,5739.46,3372.59
2017-07-24,2472.1,2459.93,2322.26,2064.71,30.2223,33.0632,244.786,47.5367,4208.57,5740.56,3371.99
2017-07-31,2476.83,2466.48,2330.77,2068.64,30.2801,33.1264,244.786,47.5367,4218.18,5753.67,3378.44
2017-08-07,2441.32,2437.75,2338.71,2072.34,29.7335,32.5117,245.519,47.8533,4159.27,5656.38,3320.06
2017-08-14,2425.55,2420.69,2346.8,2075.74,29.5414,32.3017,245.519,47.8533,4133.97,5621.97,3298.62
2017-08-21,2443.05,2417.35,2355.12,2079.16,29.7546,32.5347,245.519,47.8533,4165.36,5664.67,3322.42
2017-08-28,2476.55,2428.2,2362.4,2082.73,30.1626,32.9809,245.519,47.8533,4224.05,5744.48,3367.97
2017-09-05,2461.43,2446.55,2367.93,2086.19,29.788,32.5549,246.819,48.17,4199.84,5681.47,3329.78
2017-09-11,2500.23,2474.52,2375.19,2089.7,30.2575,33.068,246.819,48.17,4267.63,5773.17,3382.27
2017-09-18,2502.22,2496.54,2382.8,2093.18,30.2816,33.0943,246.819,48.17,4272.6,5779.9,3384.96
2017-09-25,2519.36,2488.03,2389.08,2096.75,30.4891,33.321,246.819,48.17,4303.45,5821.64,3408.15
2017-10-02,2549.33,2520.4,2396.06,2100.47,30.8276,33.674,246.663,48.4233,4356.24,5896.77,3450.87
2017-10-09,2553.17,2541.6,2403.29,2104.36,30.8741,33.7248,246.663,48.4233,4364.39,5907.8,3456.07
2017-10-16,2575.21,2547.92,2410.94,2108.15,31.1406,34.0159,246.663,48.4233,4403.66,5960.96,3485.9
2017-10-23,2581.07,2544,2418.3,2111.84,31.2115,34.0933,246.663,48.4233,4415.27,5976.68,3493.84
2017-10-30,2587.84,2566.17,2426.03,2115.63,31.2933,34.1827,246.663,48.4233,4428.44,5994.51,3503
2017-11-06,2582.3,2566.33,2433.57,2119.33,31.1624,34.0239,246.669,48.6767,4420.56,5983.7,3495.42
2017-11-13,2578.85,2557.45,2440.94,2123.03,31.1208,33.9785,246.669,48.6767,4416.26,5977.88,3490.75
2017-11-20,2602.42,2578.24,2446.9,2127.09,31.4052,34.289,246.669,48.6767,4458.23,6034.68,3522.65
2017-11-27,2642.22,2598.87,2454.23,2131.39,31.8855,34.8134,246.669,48.6767,4528.01,6129.14,3576.52
2017-12-04,2651.5,2624.75,2461.12,2135.66,31.9315,34.8484,246.524,48.93,4545.53,6156.47,3591.2
2017-12-11,2675.81,2651.47,2468.22,2139.84,32.2243,35.1679,246.524,48.93,4588.82,6215.1,3624.12
2017-12-18,2683.34,2676.11,2476.09,2144.08,32.3149,35.2669,246.524,48.93,4603.34,6234.78,3634.32
2017-12-26,2673.61,2673.61,2482.18,2148.15,32.1978,35.139,246.524,48.93,4588.27,6214.36,3621.14
2018-01-02,2743.15,2682.36,2489.34,2152.48,32.7504,35.7264,247.867,49.2867,4709.23,6343.63,3695.2
2018-01-08,2786.24,2736.06,2499.59,2157.2,33.2648,36.2876,247.867,49.2867,4784.83,6445.47,3753.24
2018-01-16,2810.3,2768.64,2508.28,2161.92,33.5521,36.6009,247.867,49.2867,4827.78,6503.32,3785.65
2018-01-22,2872.87,2808.12,2520.5,2167,34.2991,37.4158,247.867,49.2867,4936.9,6650.31,3869.94
2018-01-29,2762.13,2759.97,2532.41,2171.48,32.977,35.9736,247.867,49.2867,4748.22,6396.16,3720.76
2018-02-05,2619.55,2532.69,2539.27,2175.5,31.0216,33.8285,248.991,49.6433,4504.76,6040.81,3512.77
2018-02-12,2732.22,2622.45,2546.97,2179.84,32.3558,35.2835,248.991,49.6433,4700.16,6302.83,3663.86
2018-02-20,2747.3,2697.77,2553.39,2184.26,32.5344,35.4783,248.991,49.6433,4727.74,6339.82,3684.08
2018-02-26,2691.25,2647.32,2561.48,2188.31,31.8707,34.7545,248.991,49.6433,4632.93,6212.68,3608.92
2018-03-05,2786.57,2675.75,2570.5,2192.85,32.7946,35.7509,249.554,50,4798.68,6420.43,3728.31
2018-03-12,2752.01,2741.47,2579.19,2197.22,32.3879,35.3075,249.554,50,4740.82,6343.01,3682.07
2018-03-19,2588.26,2585.89,2585.22,2200.66,30.4608,33.2066,249.554,50,4460.39,5967.81,3462.98
2018-03-26,2640.87,2593.06,2589.13,2204.24,31.0799,33.8816,249.554,50,4552.71,6091.33,3533.37
2018-04-02,2604.47,2553.8,2593.7,2207.52,30.3964,33.1284,250.546,50.33,4491.63,5985.81,3470.87
2018-04-09,2656.3,2610.79,2599.03,2211.12,31.0013,33.7877,250.546,50.33,4582.68,6107.15,3539.94
2018-04-16,2670.14,2660.61,2605.58,2214.66,31.1629,33.9637,250.546,50.33,4608.23,6141.2,3558.39
2018-04-23,2669.91,2612.67,2611.33,2218.2,31.1602,33.9608,250.546,50.33,4609.5,6142.89,3558.08
2018-04-30,2663.42,2594.62,2615.98,2221.59,31.0844,33.8782,250.546,50.33,4599.97,6130.19,3549.43
2018-05-07,2727.72,2655.2,2621.6,2225.39,31.547,34.3747,251.588,50.66,4712.7,6254.41,3620.07
2018-05-14,2712.97,2701.91,2627.72,2229.07,31.3764,34.1889,251.588,50.66,4688.9,6222.83,3600.49
2018-05-21,2721.33,2707.38,2634.03,2232.78,31.4731,34.2942,251.588,50.66,4705.03,6244.24,3611.59
2018-05-29,2734.62,2676.81,2639.25,2236.83,31.6268,34.4617,251.588,50.66,4729.7,6276.97,3629.22
2018-06-04,2779.03,2739.51,2647.31,2241.06,31.914,34.7677,251.989,50.99,4808.2,6371,3682.29
2018-06-11,2779.66,2761.73,2655.76,2245.19,31.9212,34.7756,251.989,50.99,4810.99,6374.69,3683.13
2018-06-18,2754.88,2743.19,2663.16,2249.02,31.6366,34.4655,251.989,50.99,4769.8,6320.11,3650.29
2018-06-25,2718.37,2691.99,2668.98,2252.6,31.2174,34.0088,251.989,50.99,4708.28,6238.6,3601.92
2018-07-02,2759.82,2698.95,2673.63,2256.36,31.5003,34.3113,252.006,51.44,4781.79,6335.57,3656.59
2018-07-09,2801.31,2770.73,2680.87,2260.43,31.9739,34.8271,252.006,51.44,4855.39,6433.09,3711.56
2018-07-16,2801.83,2789.24,2688.02,2264.39,31.9798,34.8336,252.006,51.44,4858,6436.56,3712.25
2018-07-23,2818.82,2795.14,2694.99,2268.57,32.1738,35.0448,252.006,51.44,4889.18,6477.86,3734.76
2018-07-30,2840.35,2796.34,2701.61,2272.93,32.4195,35.3125,252.006,51.44,4928.24,6529.61,3763.29
2018-08-06,2833.28,2825.81,2708.71,2277.57,32.1121,34.9717,252.146,51.89,4917.7,6512.03,3751.84
2018-08-13,2850.13,2802.49,2715.33,2282.39,32.3031,35.1797,252.146,51.89,4948.68,6553.06,3774.15
2018-08-20,2874.69,2850.62,2722.26,2286.94,32.5815,35.4829,252.146,51.89,4993.06,6611.82,3806.67
2018-08-27,2901.52,2884.69,2730.19,2291.35,32.8856,35.814,252.146,51.89,5041.39,6675.82,3842.2
2018-09-04,2871.68,2864.12,2736.31,2295.55,32.2876,35.1569,252.439,52.34,4991.29,6601.81,3798.27
2018-09-10,2904.98,2866.78,2743.49,2299.88,32.662,35.5646,252.439,52.34,5050.92,6680.68,3842.32
2018-09-17,2929.67,2886.16,2750.37,2304.21,32.9396,35.8669,252.439,52.34,5095.6,6739.78,3874.98
2018-09-24,2913.98,2903.28,2757.01,2308.44,32.7632,35.6748,252.439,52.34,5070.06,6706,3854.22
2018-10-01,2885.57,2869.29,2763,2312.49,32.1535,35.0083,252.885,52.81,5022.4,6631.24,3809.91
2018-10-08,2767.13,2710.51,2766.18,2316.32,30.8337,33.5714,252.885,52.81,4818.02,6361.39,3653.53
2018-10-15,2767.78,2749.03,2768.24,2319.8,30.841,33.5792,252.885,52.81,4820.92,6365.22,3654.39
2018-10-22,2658.69,2628.16,2767.03,2322.65,29.6254,32.2557,252.885,52.81,4632.67,6116.67,3510.36
2018-10-29,2723.06,2603.54,2764.66,2325.98,30.3426,33.0367,252.885,52.81,4746.6,6267.1,3595.35
2018-11-05,2781.01,2717.94,2763.03,2329.66,30.8363,33.578,252.038,53.28,4849.4,6424.35,3684.2
2018-11-12,2736.27,2670.75,2760.69,2333.24,30.3402,33.0378,252.038,53.28,4773.17,6323.36,3624.93
2018-11-19,2632.56,2631.09,2760.73,2336.15,29.1902,31.7856,252.038,53.28,4594.05,6086.06,3487.54
2018-11-26,2760.17,2649.97,2761.88,2339.97,30.6052,33.3263,252.038,53.28,4818.53,6383.44,3656.59
2018-12-03,2633.08,2621.53,2761.71,2342.86,29.0166,31.6078,251.233,53.75,4598.47,6111.43,3499.4
2018-12-10,2599.95,2583.23,2759.27,2345.37,28.6516,31.2101,251.233,53.75,4542.41,6036.94,3455.37
2018-12-17,2416.62,2408.55,2753.66,2346.91,26.6312,29.0094,251.233,53.75,4223.92,5613.66,3211.73
2018-12-24,2485.74,2346.58,2747.2,2348.81,27.393,29.8392,251.233,53.75,4346.54,5776.62,3303.59
2018-12-31,2531.94,2443.96,2742.54,2351.12,27.9021,30.3937,251.233,53.75,4429.13,5886.38,3364.99
2019-01-07,2596.26,2524.56,2740.98,2353.83,28.259,30.7971,251.712,54.1467,4543.47,6026.85,3443.9
2019-01-14,2670.71,2570.41,2741.12,2356.64,29.0694,31.6802,251.712,54.1467,4675.58,6202.09,3542.66
2019-01-22,2664.76,2612.86,2741.33,2359.66,29.0046,31.6096,251.712,54.1467,4666.99,6190.69,3534.77
2019-01-28,2706.53,2624.06,2741.47,2362.86,29.4593,32.1051,251.712,54.1467,4741.96,6290.15,3590.17
2019-02-04,2707.88,2681.83,2742.63,2365.89,29.0378,31.6594,252.776,54.5433,4746.17,6269.22,3576.85
2019-02-11,2775.6,2703.79,2744.88,2369.36,29.764,32.4511,252.776,54.5433,4866.7,6428.44,3666.3
2019-02-19,2792.67,2764.55,2747.53,2372.74,29.947,32.6507,252.776,54.5433,4898.47,6470.4,3688.85
2019-02-25,2803.69,2775.13,2749.63,2376.21,30.0652,32.7795,252.776,54.5433,4919.64,6498.36,3703.4
2019-03-04,2743.07,2722.27,2750.86,2379.35,28.9337,31.5602,254.202,54.94,4815.12,6324.63,3603
2019-03-11,2822.48,2747.61,2752.96,2382.85,29.7713,32.4739,254.202,54.94,4956.37,6510.16,3707.31
2019-03-18,2800.71,2800.47,2755.39,2386.22,29.5417,32.2234,254.202,54.94,4920,6462.38,3678.71
2019-03-25,2834.4,2785.02,2756.3,2389.85,29.8971,32.611,254.202,54.94,4981.04,6542.56,3722.96
2019-04-01,2892.74,2848.63,2758.82,2393.85,30.0187,32.7584,255.548,55.3191,5085.43,6644.49,3779.58
2019-04-08,2907.41,2873.33,2762.55,2397.92,30.171,32.9246,255.548,55.3191,5113.09,6680.63,3798.75
2019-04-15,2905.03,2891.9,2766.34,2401.9,30.1463,32.8976,255.548,55.3191,5110.78,6677.61,3795.64
2019-04-22,2939.88,2896.35,2770.58,2406.09,30.5079,33.2923,255.548,55.3191,5173.96,6760.16,3841.17
2019-04-29,2945.64,2900.5,2774.05,2410.43,30.5677,33.3575,255.548,55.3191,5185.97,6775.85,3848.7
2019-05-06,2881.4,2825.39,2776.04,2414.46,29.5154,32.2251,256.092,55.6982,5074.76,6616.46,3756.77
2019-05-13,2859.53,2801.43,2776.6,2418.12,29.2914,31.9806,256.092,55.6982,5038.12,6568.7,3728.25
2019-05-20,2826.06,2805.49,2776.7,2421.85,28.9486,31.6062,256.092,55.6982,4981.04,6494.28,3684.61
2019-05-28,2752.06,2750.52,2775.5,2425.09,28.1905,30.7786,256.092,55.6982,4852.5,6326.69,3588.13
2019-06-03,2873.34,2728.81,2774.92,2429.07,29.1133,31.8017,256.143,56.0773,5068.25,6606.66,3745.51
2019-06-10,2886.98,2874.68,2775.31,2433.05,29.2515,31.9526,256.143,56.0773,5094.21,6640.5,3763.29
2019-06-17,2950.46,2887.3,2775.94,2437.95,29.8947,32.6552,256.143,56.0773,5208.12,6789,3846.04
2019-06-24,2941.76,2912.99,2777.14,2442.71,29.8065,32.5589,256.143,56.0773,5194.67,6771.46,3834.7
2019-07-01,2990.41,2952.22,2778.83,2448.06,29.9296,32.708,256.571,56.4582,5282.5,6874.46,3891.61
2019-07-08,3013.77,2963.44,2780.68,2453.32,30.1634,32.9635,256.571,56.4582,5325.68,6930.65,3922.01
2019-07-15,2976.61,2973.09,2782.68,2458.41,29.7915,32.5571,256.571,56.4582,5261.93,6847.69,3873.66
2019-07-22,3025.86,2976.65,2785.28,2463.89,30.2844,33.0957,256.571,56.4582,5350.91,6963.49,3937.75
2019-07-29,2932.05,2914.11,2790.21,2468.79,29.3455,32.0697,256.571,56.4582,5186.94,6750.1,3815.67
2019-08-05,2918.65,2822.12,2792.99,2473.31,28.9149,31.6152,256.558,56.8391,5165.17,6722.11,3798.42
2019-08-12,2888.68,2825.51,2797.91,2477.59,28.618,31.2906,256.558,56.8391,5114.06,6655.6,3759.42
2019-08-19,2847.11,2834.97,2802.52,2481.45,28.2062,30.8403,256.558,56.8391,5042.41,6562.34,3705.32
2019-08-26,2926.46,2853.05,2805.54,2485.68,28.9923,31.6998,256.558,56.8391,5184.87,6747.76,3808.59
2019-09-03,2978.71,2891.85,2810.08,2490.08,29.1957,31.9372,256.759,57.22,5279.4,6865.39,3873.55
2019-09-09,3007.39,2957.01,2818.52,2495,29.4768,32.2447,256.759,57.22,5332.18,6934.03,3910.85
2019-09-16,2992.07,2978.57,2824.99,2499.52,29.3267,32.0804,256.759,57.22,5306.97,6901.24,3890.92
2019-09-23,2961.79,2945.53,2832.89,2503.87,29.0299,31.7558,256.759,57.22,5255.21,6833.94,3851.55
2019-09-30,2952.01,2855.94,2841.26,2508.18,28.934,31.6509,256.759,57.22,5239.81,6813.91,3838.83
2019-10-07,2970.27,2892.66,2853.51,2512.97,28.7694,31.4857,257.346,57.56,5274.19,6842.97,3853.76
2019-10-14,2986.2,2962.94,2865.99,2517.87,28.9236,31.6546,257.346,57.56,5304.44,6882.22,3874.43
2019-10-21,3022.55,2991.21,2877,2522.68,29.2757,32.0399,257.346,57.56,5370.97,6968.55,3921.6
2019-10-28,3066.91,3023.19,2887.93,2527.79,29.7054,32.5101,257.346,57.56,5451.77,7073.37,3979.15
2019-11-04,3093.08,3065.89,2898.72,2533.65,29.7232,32.5389,257.208,57.9,5500.27,7140.13,4015.26
2019-11-11,3120.46,3075.82,2909.3,2539.85,29.9863,32.827,257.208,57.9,5550.94,7205.9,4050.8
2019-11-18,3110.29,3091.41,2919.08,2545.86,29.8886,32.72,257.208,57.9,5534.83,7184.99,4037.6
2019-11-25,3140.98,3117.44,2927.15,2551.87,30.1835,33.0428,257.208,57.9,5591.42,7258.46,4077.44
2019-12-02,3145.91,3070.33,2935.53,2558.2,30.0374,32.8869,256.974,58.24,5602.19,7279.06,4087.56
2019-12-09,3168.8,3126.09,2944.42,2564.72,30.2559,33.1262,256.974,58.24,5644.95,7334.62,4117.3
2019-12-16,3221.22,3183.63,2955.2,2571.23,30.7564,33.6742,256.974,58.24,5740.32,7458.54,4185.41
2019-12-23,3240.02,3220.51,2963.86,2577.69,30.9359,33.8707,256.974,58.24,5775.82,7504.66,4209.84
2019-12-30,3234.85,3212.03,2972.02,2583.87,30.8866,33.8167,256.974,58.24,5768.6,7495.28,4203.12
2020-01-06,3265.35,3214.64,2983.02,2590.08,30.8637,33.7902,257.971,58.6869,5825,7539.32,4226.35
2020-01-13,3329.62,3268.43,2994.26,2596.48,31.4712,34.4552,257.971,58.6869,5941.67,7690.32,4309.54
2020-01-21,3295.47,3281.53,3002.85,2602.78,31.1484,34.1018,257.971,58.6869,5882.74,7614.05,4265.33
2020-01-27,3225.52,3214.68,3011.88,2608.55,30.4873,33.378,257.971,58.6869,5759.89,7455.04,4174.8
2020-02-03,3327.71,3235.66,3021.78,2614.95,31.2022,34.161,258.678,59.1337,5944.4,7672.83,4295.29
2020-02-10,3380.16,3317.77,3032.61,2621.44,31.694,34.6994,258.678,59.1337,6040.13,7796.38,4362.99
2020-02-18,3337.75,3328.45,3041.55,2627.67,31.2964,34.2641,258.678,59.1337,5966.38,7701.19,4308.25
2020-02-24,2954.22,2855.84,3047.17,2632.12,27.7002,30.3269,258.678,59.1337,5282.83,6818.89,3813.2
2020-03-02,2972.37,2901.54,3051.82,2636.7,27.811,30.4607,258.115,59.5806,5317.34,6878.4,3845
2020-03-09,2711.02,2478.86,3049.18,2640.02,25.3657,27.7824,258.115,59.5806,4851.85,6276.26,3506.92
2020-03-16,2304.92,2280.52,3039.74,2641.28,21.566,23.6207,258.115,59.5806,4127.11,5338.75,2981.6
2020-03-23,2541.47,2191.86,3029.55,2643.49,23.7793,26.0449,258.115,59.5806,4552.72,5889.31,3287.6
2020-03-30,2488.65,2447.49,3020.48,2645.44,23.2851,25.5036,258.115,59.5806,4460.16,5769.57,3219.27
2020-04-06,2789.82,2574.57,3015.96,2648.91,26.1887,28.6944,256.389,59.6137,5001.97,6514.01,3633.15
2020-04-13,2874.56,2721.17,3012.69,2652.93,26.9842,29.5659,256.389,59.6137,5155.96,6714.54,3743.51
2020-04-20,2836.74,2727.1,3007.99,2656.92,26.6292,29.1769,256.389,59.6137,5090.18,6628.88,3694.25
2020-04-27,2830.71,2821.61,3005.03,2660.56,26.5726,29.1149,256.389,59.6137,5081.41,6617.47,3686.4
2020-05-04,2929.8,2797.85,3001.97,2664.56,27.4238,30.0563,256.394,59.6469,5261.35,6851.66,3815.37
2020-05-11,2863.7,2766.64,2998.43,2668.07,26.8051,29.3782,256.394,59.6469,5144.71,6699.76,3729.29
2020-05-18,2955.45,2913.86,2999.71,2671.97,27.6639,30.3194,256.394,59.6469,5311.6,6917.1,3848.77
2020-05-26,3044.31,2969.75,3001.9,2676.33,28.4957,31.231,256.394,59.6469,5473.36,7127.76,3964.49
2020-06-01,3193.93,3031.54,3007.72,2681.38,29.6675,32.5223,257.797,59.68,5744.43,7440.04,4136.7
2020-06-08,3041.31,2984.47,3013.87,2685.67,28.2499,30.9682,257.797,59.68,5472,7087.2,3939.03
2020-06-15,3097.74,2965.66,3018.55,2690.24,28.774,31.5428,257.797,59.68,5575.59,7221.37,4012.12
2020-06-22,3009.05,3004.63,3020.94,2694.44,27.9502,30.6397,257.797,59.68,5418.03,7017.3,3897.25
2020-06-29,3130.01,2999.74,3022.84,2699.19,29.0738,31.8714,257.797,59.68,5637.89,7302.06,4053.91
2020-07-06,3185.04,3115.7,3027.18,2704.47,29.3908,32.2249,259.101,59.4033,5739.07,7395.7,4104.43
2020-07-13,3224.73,3127.66,3033.07,2709.9,29.7571,32.6265,259.101,59.4033,5812.64,7490.51,4155.57
2020-07-20,3215.63,3200.05,3041.34,2715.16,29.6731,32.5344,259.101,59.4033,5798.3,7472.02,4143.85
2020-07-27,3271.12,3204.13,3048.56,2720.67,30.1852,33.0958,259.101,59.4033,5900.42,7603.62,4215.35
2020-08-03,3351.28,3284.53,3056.82,2726.66,30.7868,33.7584,259.918,59.1267,6047.06,7768.1,4305.08
2020-08-10,3372.85,3326.44,3065.36,2732.86,30.985,33.9757,259.918,59.1267,6088.03,7820.73,4332.79
2020-08-17,3397.16,3354.69,3073.49,2739.14,31.2083,34.2206,259.918,59.1267,6133.97,7879.74,4364.02
2020-08-24,3508.01,3413.13,3083.05,2746.04,32.2266,35.3372,259.918,59.1267,6336.17,8139.49,4506.41
2020-08-31,3426.96,3349.63,3092.73,2752.75,31.482,34.5207,259.918,59.1267,6191.83,7954.07,4402.3
2020-09-08,3340.97,3310.47,3097.5,2758.64,30.6145,33.5723,260.28,58.85,6038.51,7746.32,4285.86
2020-09-14,3319.47,3292.4,3103.53,2764.32,30.4175,33.3563,260.28,58.85,6001.7,7699.1,4258.28
2020-09-21,3298.46,3209.45,3107.2,2769.75,30.225,33.1452,260.28,58.85,5965.76,7652.99,4231.33
2020-09-28,3348.42,3323.69,3111.78,2775.53,30.6828,33.6472,260.28,58.85,6058.16,7771.54,4295.42
2020-10-05,3477.14,3354.54,3117.02,2781.62,31.8185,34.8944,260.388,58.6596,6293.09,8069.56,4458.7
2020-10-12,3483.81,3440.89,3123.58,2787.75,31.8795,34.9613,260.388,58.6596,6307.21,8087.66,4467.25
2020-10-19,3465.39,3415.34,3128.47,2793.76,31.7109,34.7764,260.388,58.6596,6275.9,8047.51,4443.63
2020-10-26,3269.96,3233.94,3129.47,2798.91,29.9226,32.8152,260.388,58.6596,5924.01,7596.29,4193.03
2020-11-02,3509.44,3279.74,3132.22,2805.07,32.1113,35.2151,260.229,58.4692,6359.9,8160.21,4502.86
2020-11-09,3585.15,3511.91,3139.66,2811.63,32.804,35.9748,260.229,58.4692,6499.15,8338.87,4600
2020-11-16,3557.54,3543.84,3146.61,2818.06,32.5514,35.6978,260.229,58.4692,6451.13,8277.27,4564.58
2020-11-23,3638.35,3552.77,3151.69,2824.78,33.2908,36.5087,260.229,58.4692,6599.71,8467.9,4668.26
2020-11-30,3699.12,3594.39,3159.05,2831.79,33.8469,37.1185,260.229,58.4692,6711.98,8611.96,4746.24
2020-12-07,3663.46,3633.4,3174.03,2838.52,33.4746,36.7075,260.474,58.2788,6649.31,8523.52,4696.06
2020-12-14,3709.41,3645.84,3190.3,2845.31,33.8944,37.1679,260.474,58.2788,6734.75,8633.04,4754.96
2020-12-21,3703.06,3636.48,3209.92,2851.99,33.8364,37.1043,260.474,58.2788,6725.25,8620.87,4746.82
2020-12-28,3756.07,3723.03,3234.56,2858.86,34.3208,37.6354,260.474,58.2788,6823.56,8746.88,4814.77
2021-01-04,3824.68,3662.71,3269.2,2866.12,34.7938,38.1497,261.582,58.0637,6950.23,8871.52,4881.96
2021-01-11,3768.25,3749.62,3299.81,2873.07,34.2805,37.5868,261.582,58.0637,6849.72,8743.22,4809.93
2021-01-19,3841.47,3780.37,3324.84,2880.55,34.9466,38.3172,261.582,58.0637,6984.84,8915.7,4903.39
2021-01-25,3714.24,3694.12,3349.97,2887.31,33.7891,37.0481,261.582,58.0637,6755.53,8623,4740.99
2021-02-01,3886.83,3725.62,3375.75,2894.97,35.1346,38.5143,263.014,57.8485,7071.47,8977.13,4934.28
2021-02-08,3934.83,3884.94,3402.11,2903,35.5685,38.9899,263.014,57.8485,7160.82,9090.56,4995.21
2021-02-16,3906.71,3885.03,3423.26,2910.79,35.3143,38.7113,263.014,57.8485,7111.67,9028.16,4959.51
2021-02-22,3811.15,3789.54,3447.58,2917.92,34.4505,37.7644,263.014,57.8485,6939.74,8809.9,4838.2
2021-03-01,3841.94,3723.34,3471.53,2925.14,34.4281,37.7273,264.877,57.6334,6997.82,8821.15,4842.98
2021-03-08,3943.34,3819.25,3494.4,2932.9,35.3368,38.7231,264.877,57.6334,7184.53,9056.51,4970.8
2021-03-15,3913.1,3886.75,3516.41,2940.56,35.0658,38.4261,264.877,57.6334,7131.46,8989.61,4932.68
2021-03-22,3974.54,3853.5,3534.85,2948.35,35.6163,39.0295,264.877,57.6334,7245.45,9133.3,5010.13
2021-03-29,4019.87,3943.25,3553.29,2956.25,36.0226,39.4746,264.877,57.6334,7330.11,9240.01,5067.27
2021-04-05,4128.8,4034.44,3577.7,2964.74,36.6101,40.0995,267.054,57.7106,7530.76,9415.56,5162.16
2021-04-12,4185.47,4114.82,3604.97,2973.5,37.1126,40.6499,267.054,57.7106,7636.15,9547.33,5233.01
2021-04-19,4180.17,4118.38,3630.2,2982.21,37.0656,40.5985,267.054,57.7106,7628.5,9537.77,5226.39
2021-04-26,4181.17,4174.85,3655.37,2991,37.0744,40.6082,267.054,57.7106,7632.35,9542.58,5227.64
2021-05-03,4232.6,4128.59,3679.03,3000.03,37.12,40.6363,269.195,57.7878,7728.26,9585.65,5249.85
2021-05-10,4173.85,4056.88,3701.65,3008.61,36.6048,40.0723,269.195,57.7878,7623.02,9455.11,5176.98
2021-05-17,4155.86,4061.41,3723.02,3017.02,36.447,39.8996,269.195,57.7878,7592.19,9416.88,5154.67
2021-05-24,4204.11,4170.16,3744.08,3025.68,36.8701,40.3628,269.195,57.7878,7682.37,9528.73,5214.51
2021-06-01,4229.89,4167.93,3760.65,3034.45,36.6218,40.0666,271.696,57.865,7731.51,9501.41,5198.19
2021-06-07,4247.44,4208.41,3781.29,3043.48,36.7737,40.2328,271.696,57.865,7765.62,9543.33,5219.76
2021-06-14,4166.45,4164.4,3799.37,3052.18,36.0726,39.4657,271.696,57.865,7619.59,9363.86,5120.23
2021-06-21,4280.7,4173.4,3819.7,3061.37,37.0617,40.5479,271.696,57.865,7830.56,9623.13,5260.64
2021-06-28,4352.34,4274.67,3843.21,3070.75,37.682,41.2265,271.696,57.865,7963.64,9786.68,5348.68
2021-07-06,4369.55,4289.37,3863.81,3080.29,37.4935,40.9921,273.003,58.3282,7997.19,9780.85,5344.12
2021-07-12,4327.16,4322.53,3890.54,3089.43,37.1297,40.5944,273.003,58.3282,7921.66,9688.47,5292.27
2021-07-19,4411.79,4233.13,3914.83,3098.98,37.8559,41.3884,273.003,58.3282,8078.64,9880.47,5395.78
2021-07-26,4395.26,4372.51,3938.07,3108.35,37.7141,41.2333,273.003,58.3282,8050.43,9845.96,5375.56
2021-08-02,4436.52,4373,3961.84,3117.79,37.8227,41.3221,273.567,58.7913,8128.07,9920.43,5414.84
2021-08-09,4468,4424.74,3987.31,3127.36,38.0911,41.6153,273.567,58.7913,8187.81,9993.35,5453.26
2021-08-16,4441.67,4367.73,4015.53,3136.7,37.8666,41.3701,273.567,58.7913,8141.64,9936.98,5421.12
2021-08-23,4509.37,4450.29,4039.94,3146.34,38.4438,42.0006,273.567,58.7913,8267.8,10091,5503.75
2021-08-30,4535.43,4513.76,4063.52,3156.08,38.666,42.2434,273.567,58.7913,8317.66,10151.8,5535.56
2021-09-07,4458.58,4457.66,4082.03,3165.46,37.7307,41.1911,274.31,59.2545,8178.81,9955.32,5427.02
2021-09-13,4432.99,4427.76,4102.59,3174.73,37.5141,40.9547,274.31,59.2545,8133.96,9900.72,5395.87
2021-09-20,4455.48,4305.91,4120.5,3183.99,37.7044,41.1625,274.31,59.2545,8177.31,9953.5,5423.25
2021-09-27,4357.04,4288.52,4137.87,3192.57,36.8714,40.253,274.31,59.2545,7998.73,9736.13,5303.43
2021-10-04,4391.34,4278.94,4154.3,3201.27,36.6737,40.0069,276.589,59.6354,8063.81,9734.46,5301.13
2021-10-11,4471.37,4329.92,4171.29,3210.24,37.3421,40.736,276.589,59.6354,8212.87,9914.41,5397.75
2021-10-18,4544.9,4447.47,4190.79,3219.55,37.9562,41.4059,276.589,59.6354,8350.04,10080,5486.51
2021-10-25,4605.38,4537.36,4210.11,3229.21,38.4612,41.9569,276.589,59.6354,8463.26,10216.7,5559.52
2021-11-01,4697.53,4595.06,4230.96,3238.98,38.8318,42.3265,277.948,60.0162,8634.72,10372.7,5643.03
2021-11-08,4682.85,4630.86,4253,3248.47,38.7105,42.1942,277.948,60.0162,8609.86,10342.8,5625.4
2021-11-15,4697.96,4672.78,4274.43,3257.9,38.8354,42.3303,277.948,60.0162,8639.77,10378.7,5643.55
2021-11-22,4594.62,4585.43,4289.51,3266.51,37.9811,41.3992,277.948,60.0162,8451.84,10153,5519.41
2021-11-29,4538.43,4495.12,4305.67,3275.4,37.5166,40.8929,277.948,60.0162,8350.6,10031.4,5451.91
2021-12-06,4712.02,4540.51,4325.85,3285.86,38.6101,42.0497,278.802,60.3971,8672.14,10385.7,5643.1
2021-12-13,4620.64,4600.22,4346.35,3295.3,37.8613,41.2342,278.802,60.3971,8506.1,10186.9,5533.67
2021-12-20,4725.79,4531.1,4361.87,3305.19,38.7229,42.1725,278.802,60.3971,8701.81,10421.3,5659.59
2021-12-27,4766.18,4733.99,4382.62,3315.57,39.0538,42.533,278.802,60.3971,8778.32,10512.9,5707.96
2022-01-03,4677.03,4662.74,4403.13,3325.02,37.7703,41.1013,281.148,60.9214,8616.28,10232.7,5554.46
2022-01-10,4662.85,4582.24,4420.8,3334.57,37.6558,40.9767,281.148,60.9214,8592.32,10204.3,5537.62
2022-01-18,4397.94,4395.34,4429.11,3343.62,35.5164,38.6487,281.148,60.9214,8106.32,9627.1,5223.01
2022-01-24,4431.85,4222.62,4435.02,3352.58,35.7903,38.9467,281.148,60.9214,8170.98,9703.89,5263.28
2022-01-31,4500.53,4414.02,4444.2,3362.06,36.3449,39.5502,281.148,60.9214,8299.77,9856.84,5344.85
2022-02-07,4418.64,4401.41,4452.04,3370.87,35.1492,38.2205,283.716,61.4457,8150.93,9592.46,5200.1
2022-02-14,4348.87,4327.22,4457.88,3379.26,34.5942,37.617,283.716,61.4457,8024.4,9443.56,5117.99
2022-02-22,4384.65,4114.65,4460.72,3387.84,34.8788,37.9265,283.716,61.4457,8092.6,9523.82,5160.1
2022-02-28,4328.87,4279.54,4466.05,3396.16,34.4351,37.444,283.716,61.4457,7991.83,9405.23,5094.45
2022-03-07,4204.31,4157.87,4467.13,3403.55,32.8117,35.654,287.504,61.97,7764.08,9016.8,4882.67
2022-03-14,4463.12,4161.72,4470.44,3412.3,34.8316,37.8488,287.504,61.97,8244.22,9574.42,5183.24
2022-03-21,4543.06,4424.3,4477.19,3421.41,35.4555,38.5267,287.504,61.97,8394.08,9748.46,5276.08
2022-03-28,4545.86,4507.57,4485.64,3430.46,35.4773,38.5504,287.504,61.97,8401.46,9757.03,5279.33
2022-04-04,4488.28,4450.04,4492.8,3439.01,34.6376,37.6136,289.109,62.6533,8297.27,9582.53,5183.52
2022-04-11,4392.59,4381.34,4495.24,3447.07,33.8991,36.8117,289.109,62.6533,8122.6,9380.8,5073.01
2022-04-18,4271.78,4267.62,4496.66,3454.66,32.9668,35.7993,289.109,62.6533,7901.43,9125.38,4933.49
2022-04-25,4131.93,4124.28,4492.75,3461.72,31.8875,34.6273,289.109,62.6533,7644.98,8829.2,4771.97
2022-05-02,4123.34,4062.51,4489.08,3468.54,31.3031,33.9759,292.296,63.3367,7631.34,8717.35,4710.13
2022-05-09,4023.89,3858.87,4478.21,3474.66,30.5481,33.1564,292.296,63.3367,7449.54,8509.68,4596.53
2022-05-16,3901.36,3810.32,4467.13,3480.15,29.6179,32.1468,292.296,63.3367,7224.95,8253.13,4456.56
2022-05-23,4158.24,3875.13,4456.64,3486.85,31.5681,34.2634,292.296,63.3367,7702.92,8799.12,4750
2022-05-31,4108.54,4073.85,4450.25,3493.19,31.1908,33.8539,292.296,63.3367,7613.11,8696.53,4693.22
2022-06-06,3900.86,3900.16,4440.29,3498.53,29.062,31.531,296.311,64.02,7230.56,8147.62,4395.61
2022-06-13,3674.84,3636.87,4420.6,3502.65,27.3781,29.704,296.311,64.02,6813.9,7678.11,4140.92
2022-06-21,3911.74,3715.31,4406.23,3507.84,29.143,31.6189,296.311,64.02,7255.44,8175.66,4407.87
2022-06-27,3825.33,3738.67,4390.26,3512.46,28.4993,30.9205,296.311,64.02,7097.45,7997.63,4310.5
2022-07-05,3899.38,3742.06,4379.56,3517.6,28.913,31.3584,296.276,64.4528,7237.14,8156,4394.46
2022-07-11,3863.16,3721.56,4364.72,3522.39,28.6445,31.0671,296.276,64.4528,7172.22,8082.84,4353.64
2022-07-18,3961.63,3818.63,4354.81,3527.55,29.3746,31.859,296.276,64.4528,7357.34,8291.46,4464.62
2022-07-25,4130.29,3910.74,4346.05,3533.63,30.6252,33.2154,296.276,64.4528,7672.87,8647.05,4654.69
2022-08-01,4145.19,4079.81,4337.96,3539.93,30.6,33.1749,296.171,64.8855,7702.87,8683.93,4673.14
2022-08-08,4280.15,4112.09,4328.9,3547.49,31.5963,34.255,296.171,64.8855,7955.98,8969.28,4825.29
2022-08-15,4228.48,4218.7,4320.86,3554.79,31.2149,33.8415,296.171,64.8855,7862.25,8863.62,4767.04
2022-08-22,4057.66,4057.66,4307.05,3561.79,29.9539,32.4743,296.171,64.8855,7546.95,8508.16,4574.46
2022-08-29,3924.26,3903.65,4289.56,3567.8,28.9691,31.4067,296.171,64.8855,7301.16,8231.07,4424.07
2022-09-06,4067.36,3886.75,4275.49,3574.23,29.8196,32.3205,296.808,65.3183,7569.74,8515.54,4575.55
2022-09-12,3873.33,3837.08,4258.27,3579.91,28.3971,30.7787,296.808,65.3183,7210.97,8111.94,4357.28
2022-09-19,3693.23,3647.47,4238.72,3585.22,27.0767,29.3476,296.808,65.3183,6878.02,7737.38,4154.68
2022-09-26,3585.62,3584.13,4213.04,3589.34,26.2878,28.4925,296.808,65.3183,6679.95,7514.57,4033.62
2022-10-03,3639.66,3604.93,4190.14,3594.38,26.4529,28.6666,298.012,65.8522,6782.98,7599.65,4077.87
2022-10-10,3583.07,3491.58,4161.33,3599.29,26.0416,28.2209,298.012,65.8522,6679.88,7484.14,4014.47
2022-10-17,3752.75,3638.65,4134.71,3605.97,27.2748,29.5573,298.012,65.8522,6998.58,7841.2,4204.58
2022-10-24,3901.06,3741.65,4113.27,3613.05,28.3527,30.7254,298.012,65.8522,7277.52,8153.73,4370.75
2022-10-31,3770.55,3698.15,4093.59,3619.24,27.4042,29.6975,298.012,65.8522,7036.42,7883.6,4224.52
2022-11-07,3992.93,3744.22,4081.05,3626.22,28.9255,31.3401,297.711,66.3861,7453.79,8359.67,4478.2
2022-11-14,3965.34,3906.54,4067.34,3632.7,28.7256,31.1235,297.711,66.3861,7404.67,8304.58,4447.26
2022-11-21,4026.12,3933.34,4056.91,3639.5,29.1659,31.6006,297.711,66.3861,7520.55,8434.54,4515.42
2022-11-28,4071.7,3937.65,4046.31,3646.33,29.4961,31.9583,297.711,66.3861,7608.08,8532.71,4566.54
2022-12-05,3934.38,3918.39,4037.43,3652.46,28.4761,30.8486,296.797,66.92,7353.9,8273.03,4426.12
2022-12-12,3852.36,3827.91,4027.12,3657.85,27.8825,30.2055,296.797,66.92,7203,8103.27,4333.85
2022-12-19,3844.82,3764.49,4016.86,3663.11,27.8279,30.1464,296.797,66.92,7191.31,8090.12,4325.37
2022-12-27,3839.5,3780.78,4008.38,3668.29,27.7894,30.1047,296.797,66.92,7183.76,8081.63,4319.38
2023-01-03,3895.08,3794.33,3996.04,3674.05,27.8657,30.1835,299.17,67.35,7290.18,8136.29,4347.15
2023-01-09,3999.09,3877.29,3981.22,3679.93,28.6098,30.9895,299.17,67.35,7487.27,8356.26,4463.24
2023-01-17,3972.61,3885.54,3968.87,3685.79,28.4203,30.7843,299.17,67.35,7440.12,8303.64,4433.68
2023-01-23,4070.56,3949.06,3957.76,3691.97,29.1211,31.5433,299.17,67.35,7625.99,8511.08,4543
2023-01-30,4136.48,4015.55,3949.95,3698.19,29.5927,32.0541,299.17,67.35,7751.91,8651.62,4616.57
2023-02-06,4090.46,4060.79,3944.8,3704.1,28.9961,31.4033,300.84,67.78,7668.11,8510.59,4539.87
2023-02-13,4079.09,4047.95,3943.08,3709.97,28.9155,31.316,300.84,67.78,7649.24,8489.64,4527.25
2023-02-21,3970.04,3943.08,3940.12,3715.13,28.1425,30.4788,300.84,67.78,7447.19,8265.4,4406.22
2023-02-27,4045.64,3928.16,3940.29,3720.63,28.6784,31.0592,300.84,67.78,7591.45,8425.5,4490.12
2023-03-06,3861.59,3846.32,3940.38,3725.53,27.1851,29.4392,301.836,68.21,7248.55,8018.38,4271.71
2023-03-13,3916.64,3808.86,3936.75,3730.81,27.5726,29.8588,301.836,68.21,7354.35,8135.42,4332.61
2023-03-20,3970.99,3909.16,3932.47,3736.54,27.9552,30.2732,301.836,68.21,7458.86,8251.03,4392.73
2023-03-27,4109.31,3951.53,3935.55,3743.32,28.929,31.3277,301.836,68.21,7721.14,8541.16,4545.74
2023-04-03,4105.02,4069.84,3943.17,3749.48,28.6501,31.0214,303.363,68.3767,7715.55,8492.02,4518.14
2023-04-10,4137.64,4072.55,3950.2,3755.73,28.8777,31.2679,303.363,68.3767,7779.33,8562.22,4554.04
2023-04-17,4133.52,4113.86,3958.29,3761.65,28.849,31.2368,303.363,68.3767,7774.06,8556.41,4549.5
2023-04-24,4169.48,4049.35,3964.75,3767.79,29.0999,31.5085,303.363,68.3767,7844.16,8633.57,4589.08
2023-05-01,4136.25,4048.28,3970.72,3773.52,28.6932,31.0636,304.127,68.5433,7784.13,8545.97,4541.07
2023-05-08,4124.08,4098.92,3974.61,3779.07,28.6088,30.9722,304.127,68.5433,7763.7,8523.55,4527.71
2023-05-15,4191.98,4109.86,3975.75,3785.15,29.0798,31.4821,304.127,68.5433,7894.01,8666.61,4602.26
2023-05-22,4205.45,4103.98,3975.95,3791.04,29.1733,31.5833,304.127,68.5433,7921.86,8697.18,4617.05
2023-05-30,4282.37,4166.15,3974.94,3797.8,29.7069,32.161,304.127,68.5433,8069.23,8858.99,4701.49
2023-06-05,4298.86,4261.07,3976.77,3804.7,29.6196,32.0597,305.109,68.71,8102.8,8867.2,4704.41
2023-06-12,4409.59,4304.37,3984.28,3812.3,30.3825,32.8855,305.109,68.71,8314,9098.33,4825.58
2023-06-20,4348.33,4341.34,3992.93,3819.81,29.9604,32.4286,305.109,68.71,8200.99,8974.66,4758.54
2023-06-26,4450.38,4328.08,4002.1,3827.43,30.6635,33.1897,305.109,68.71,8395.95,9188.01,4870.22
2023-07-03,4398.95,4385.05,4012.56,3834.53,30.1439,32.6187,305.691,68.911,8301.42,9067.27,4804.78
2023-07-10,4505.42,4389.92,4030.48,3842.02,30.8735,33.4082,305.691,68.911,8504.85,9289.46,4921.07
2023-07-17,4536.34,4504.9,4052.7,3849.74,31.0853,33.6375,305.691,68.911,8565.71,9355.94,4954.84
2023-07-24,4582.23,4528.56,4073.89,3857.84,31.3998,33.9777,305.691,68.911,8654.87,9453.32,5004.96
2023-07-31,4478.03,4474.55,4096.7,3865.47,30.6858,33.2051,305.691,68.911,8460.56,9241.09,4891.15
2023-08-07,4464.05,4443.98,4115.64,3872.94,30.3502,32.834,307.026,69.1121,8436.66,9174.91,4854.68
2023-08-14,4369.71,4335.31,4129.65,3879.86,29.7088,32.1401,307.026,69.1121,8260.88,8983.75,4752.08
2023-08-21,4405.71,4356.29,4145.11,3886.77,29.9536,32.4049,307.026,69.1121,8331.45,9060.49,4791.23
2023-08-28,4515.77,4414.98,4160.04,3894.02,30.7019,33.2144,307.026,69.1121,8542.09,9289.57,4910.93
2023-09-05,4457.49,4430.46,4170.08,3900.84,30.1268,32.5849,307.789,69.3131,8434.37,9149.68,4835.53
2023-09-11,4450.32,4447.21,4182.09,3907.49,30.0783,32.5324,307.789,69.3131,8423.32,9137.7,4827.75
2023-09-18,4320.06,4316.49,4190.91,3913.54,29.1979,31.5802,307.789,69.3131,8179.3,8872.98,4686.44
2023-09-25,4288.05,4238.63,4199.46,3919.27,28.9816,31.3462,307.789,69.3131,8121.21,8809.97,4651.72
2023-10-02,4308.5,4216.45,4208.3,3925.09,29.0325,31.3957,307.671,69.6433,8162.48,8858.13,4675.7
2023-10-09,4327.78,4283.79,4221.06,3930.88,29.1624,31.5362,307.671,69.6433,8201.54,8900.53,4696.62
2023-10-16,4224.16,4223.03,4233.13,3935.9,28.4642,30.7811,307.671,69.6433,8007.71,8690.18,4584.17
2023-10-23,4117.37,4103.78,4240.24,3940.28,27.7446,30.003,307.671,69.6433,7807.81,8473.24,4468.28
2023-10-30,4358.34,4132.94,4247.61,3945.9,29.3684,31.7589,307.671,69.6433,8267.3,8971.89,4729.78
2023-11-06,4415.24,4343.94,4256.63,3951.65,29.7116,32.122,307.051,69.9735,8377.79,9110.15,4801.21
2023-11-13,4514.02,4393.82,4266.47,3957.57,30.3763,32.8406,307.051,69.9735,8567.78,9316.75,4908.62
2023-11-20,4559.34,4510.36,4274.83,3963.89,30.6813,33.1703,307.051,69.9735,8656.35,9413.06,4957.9
2023-11-27,4594.63,4537.24,4285.96,3970.74,30.9188,33.4271,307.051,69.9735,8725.9,9488.7,4996.28
2023-12-04,4604.37,4546.5,4299.49,3977.12,30.9107,33.4073,306.746,70.3037,8746.97,9521.06,5011.85
2023-12-11,4719.19,4593.39,4317.27,3983.82,31.6815,34.2404,306.746,70.3037,8967.66,9761.29,5136.83
2023-12-18,4754.63,4697.82,4335.86,3990.9,31.9194,34.4975,306.746,70.3037,9037.58,9837.39,5175.41
2023-12-26,4769.83,4751.99,4353.77,3999.98,32.0215,34.6078,306.746,70.3037,9069.04,9871.63,5191.95
2024-01-02,4697.24,4682.11,4368.78,4008.6,31.2574,33.7693,308.417,70.4774,8933.6,9671.52,5085.24
2024-01-08,4783.83,4699.82,4389.09,4018.97,31.8336,34.3918,308.417,70.4774,9100.86,9852.6,5178.98
2024-01-16,4839.81,4714.82,4403.15,4031.64,32.2061,34.7943,308.417,70.4774,9209.94,9970.69,5239.58
2024-01-22,4890.97,4844.05,4422.43,4043.39,32.5466,35.1621,308.417,70.4774,9309.87,10078.9,5294.97
2024-01-29,4958.61,4845.15,4441.83,4055.74,32.9967,35.6483,308.417,70.4774,9441.2,10221.1,5368.2
2024-02-05,5026.61,4918.09,4463.29,4066.92,33.1337,35.7819,310.326,70.6511,9573.26,10300.3,5408.34
2024-02-12,5005.57,4920.31,4485.1,4077.58,32.9951,35.6321,310.326,70.6511,9535.78,10259.9,5385.7
2024-02-20,5088.8,4946,4503.63,4088.84,33.5437,36.2246,310.326,70.6511,9696.92,10433.3,5475.25
2024-02-26,5137.08,5057.29,4527.65,4100.37,33.8619,36.5683,310.326,70.6511,9791.51,10535.1,5527.2
2024-03-04,5123.69,5056.82,4551.37,4111.34,33.4489,36.107,312.332,70.8248,9768.58,10442.9,5477.38
2024-03-11,5117.09,5091.14,4575.88,4122.61,33.4058,36.0604,312.332,70.8248,9758.6,10432.2,5470.33
2024-03-18,5234.18,5131.59,4599.82,4134,34.1702,36.8856,312.332,70.8248,9984.49,10673.7,5595.5
2024-03-25,5254.35,5203.42,4618.45,4145.05,34.3018,37.0277,312.332,70.8248,10025.6,10717.6,5617.06
2024-04-01,5204.34,5146.06,4638.68,4155.1,33.737,36.4041,313.548,71.2085,9932.76,10577.2,5542.02
2024-04-08,5123.41,5107.94,4659.14,4165.51,33.2124,35.838,313.548,71.2085,9780.91,10415.5,5455.84
2024-04-15,4967.23,4953.56,4674.08,4174.86,32.1999,34.7455,313.548,71.2085,9485.37,10100.8,5289.53
2024-04-22,5099.96,4969.4,4689.93,4185.31,33.0603,35.6739,313.548,71.2085,9741.44,10373.5,5430.87
2024-04-29,5127.79,5011.05,4703.45,4195.3,33.2408,35.8686,313.548,71.2085,9797.22,10432.9,5460.51
2024-05-06,5222.68,5142.42,4719.61,4205.49,33.6927,36.3417,314.069,71.5921,9981.15,10611.1,5552.33
2024-05-13,5303.27,5211.16,4737.5,4215.88,34.2126,36.9025,314.069,71.5921,10137.8,10777.7,5638
2024-05-20,5304.72,5256.93,4757.72,4226.33,34.222,36.9126,314.069,71.5921,10143.2,10783.4,5639.55
2024-05-28,5277.51,5191.68,4773.85,4236.36,34.0464,36.7232,314.069,71.5921,10093.8,10730.9,5610.62
2024-06-03,5346.99,5234.32,4797.33,4246.34,34.3725,37.0589,314.175,71.9758,10229.3,10871.3,5682.57
2024-06-10,5431.6,5327.25,4821.7,4256.63,34.9164,37.6453,314.175,71.9758,10393.9,11046.2,5772.49
2024-06-17,5464.62,5420.4,4841.01,4266.97,35.1286,37.8742,314.175,71.9758,10459.7,11116.1,5807.58
2024-06-24,5460.48,5446.56,4866.09,4276.73,35.102,37.8455,314.175,71.9758,10454.4,11110.5,5803.18
2024-07-01,5567.19,5446.53,4887.15,4287.43,35.6303,38.3978,314.54,72.4505,10661.4,11317.3,5909.72
2024-07-08,5615.35,5562.51,4917.9,4298.81,35.9386,38.73,314.54,72.4505,10756.3,11418.1,5960.84
2024-07-15,5505,5497.04,4950.46,4309.73,35.2323,37.9689,314.54,72.4505,10547.6,11196.5,5843.7
2024-07-22,5459.1,5390.95,4980.51,4320.54,34.9386,37.6523,314.54,72.4505,10462.3,11106,5794.98
2024-07-29,5346.56,5302.03,5007.65,4330.53,34.2183,36.8761,314.54,72.4505,10249.3,10879.9,5675.51
2024-08-05,5344.16,5119.26,5032.07,4339.86,34.0651,36.6952,314.796,72.9253,10247.4,10869,5668.35
2024-08-12,5554.25,5324.37,5064.44,4350.21,35.4043,38.1377,314.796,72.9253,10652.9,11299.1,5891.19
2024-08-19,5634.61,5550.74,5097.23,4361.06,35.9165,38.6895,314.796,72.9253,10809.7,11465.5,5976.42
2024-08-26,5648.4,5560.95,5127.93,4372.95,36.0044,38.7842,314.796,72.9253,10838.9,11496.4,5991.05
2024-09-03,5408.42,5402.62,5147.63,4382.45,34.31,36.9421,315.301,73.4,10381.1,10993.2,5727.32
2024-09-09,5626.02,5406.96,5172.58,4392.65,35.6904,38.4284,315.301,73.4,10801.5,11438.4,5957.75
2024-09-16,5702.55,5604.53,5199.91,4403.38,36.1759,38.9512,315.301,73.4,10951.1,11596.8,6038.8
2024-09-23,5738.17,5698.99,5228.55,4413.88,36.4018,39.1945,315.301,73.4,11022.2,11672.1,6076.52
2024-09-30,5751.07,5674,5254.06,4424.14,36.4837,39.2826,315.301,73.4,11049.7,11701.2,6090.18
2024-10-07,5815.03,5686.85,5279.51,4434.89,36.7307,39.5296,315.664,73.8774,11175.3,11820.7,6150.83
2024-10-14,5864.67,5804.48,5306.72,4445.67,37.0442,39.8671,315.664,73.8774,11273.4,11924.4,6203.33
2024-10-21,5808.12,5762.41,5333.88,4456.2,36.687,39.4826,315.664,73.8774,11167.5,11812.4,6143.52
2024-10-28,5728.8,5702.86,5359.15,4466.06,36.186,38.9434,315.664,73.8774,11017.7,11653.9,6059.62
2024-11-04,5995.54,5696.51,5384.52,4476.91,37.7635,40.6213,315.493,74.3548,11533.4,12206.1,6345.2
2024-11-11,5870.62,5853.01,5411,4487.43,36.9767,39.7749,315.493,74.3548,11295.9,11954.7,6212.99
2024-11-18,5969.34,5855.29,5434.98,4498.06,37.5985,40.4437,315.493,74.3548,11488.6,12158.6,6317.47
2024-11-25,6032.38,5963.91,5455.17,4509.66,37.9956,40.8709,315.493,74.3548,11612.7,12289.9,6384.19
2024-12-02,6090.27,6033.39,5481.52,4520.67,38.2091,41.0802,315.605,74.8323,11726.9,12406.4,6443.17
2024-12-09,6051.09,6029.89,5505.88,4531.25,37.9633,40.8159,315.605,74.8323,11654.2,12329.5,6401.72
2024-12-16,5930.85,5832.3,5526.81,4541.37,37.2089,40.0048,315.605,74.8323,11425.4,12087.4,6274.51
2024-12-23,5970.84,5902.57,5544.01,4552.17,37.4598,40.2746,315.605,74.8323,11505.2,12171.9,6316.82
2024-12-30,5942.47,5829.53,5559.03,4562.68,37.2818,40.0832,315.605,74.8323,11453.3,12117,6286.8
2025-01-06,5827.04,5807.78,5572.59,4572.09,36.1824,38.8825,317.671,75.2699,11233.6,11807.3,6124.59
2025-01-13,5996.66,5773.31,5589.62,4582.51,37.2357,40.0144,317.671,75.2699,11563.4,12153.9,6302.87
2025-01-21,6101.24,6006.88,5607.57,4593.15,37.8851,40.7122,317.671,75.2699,11767.9,12368.8,6412.79
2025-01-27,6040.53,5962.92,5629.95,4603.25,37.5081,40.3071,317.671,75.2699,11653.6,12248.7,6348.98
2025-02-03,6025.99,5923.93,5655.66,4612.74,37.109,39.8594,319.082,75.7076,11628.3,12168.1,6305.69
2025-02-10,6114.63,6003,5680.71,4622.38,37.6548,40.4457,319.082,75.7076,11802.2,12350,6398.45
2025-02-18,6013.13,6008.56,5701.5,4631.55,37.0298,39.7743,319.082,75.7076,11609.1,12147.9,6292.24
2025-02-24,5954.5,5837.66,5720.09,4640.41,36.6687,39.3865,319.082,75.7076,11498.7,12032.4,6230.88
2025-03-03,5770.2,5666.29,5733.1,4648.1,35.3124,37.9151,319.799,76.1453,11145.6,11636.8,6024.49
2025-03-10,5638.94,5504.65,5740.29,4655.43,34.5091,37.0526,319.799,76.1453,10894.9,11375.1,5887.45
2025-03-17,5667.56,5597.76,5749.92,4662.98,34.6842,37.2407,319.799,76.1453,10953,11435.7,5917.33
2025-03-24,5580.94,5572.42,5759.04,4669.87,34.1541,36.6715,319.799,76.1453,10788.5,11263.9,5826.89
2025-03-31,5074.08,5069.9,5760.3,4674.09,31.0523,33.341,319.799,76.1453,9811.5,10243.9,5297.69
2025-04-07,5363.36,4835.04,5754.26,4679.67,32.584,34.9753,320.795,76.5469,10373.7,10797.3,5582.34
2025-04-14,5282.7,5220.79,5751.58,4685.25,32.094,34.4493,320.795,76.5469,10220.6,10637.8,5498.38
2025-04-21,5525.21,5101.63,5746.92,4691.47,33.5673,36.0308,320.795,76.5469,10692.6,11129.1,5750.79
2025-04-28,5686.67,5433.24,5746.01,4698.14,34.5482,37.0837,320.795,76.5469,11007.9,11457.3,5918.85
2025-05-05,5659.91,5578.64,5748.28,4704.6,34.1652,36.6592,321.465,76.9484,10959,11382.6,5878.72
2025-05-12,5958.38,5786.08,5759.85,4712.75,35.9668,38.5924,321.465,76.9484,11539.7,11985.9,6188.72
2025-05-19,5802.82,5767.41,5773.1,4719.71,35.0278,37.5849,321.465,76.9484,11241.3,11675.9,6027.15
2025-05-27,5911.69,5843.66,5785.24,4727.29,35.685,38.29,321.465,76.9484,11455.1,11897.9,6140.23
2025-06-02,6000.36,5861.43,5796.34,4735.11,35.9339,38.5425,322.561,77.35,11629.8,12038.4,6211.15
2025-06-09,5976.97,5963.21,5806.59,4742.65,35.7938,38.3923,322.561,77.35,11587.3,11994.4,6186.94
2025-06-16,5967.84,5952.56,5814.12,4750.28,35.7391,38.3337,322.561,77.35,11572.5,11979.1,6177.49
2025-06-23,6173.07,5943.23,5829.58,4758.6,36.9682,39.6519,322.561,77.35,11973.4,12394,6389.93
2025-06-30,6279.35,6174.97,5842.77,4767.32,37.6046,40.3346,322.561,77.35,12182.4,12610.4,6499.94
2025-07-07,6259.75,6201,5857.56,4776.33,37.2555,39.9443,323.048,77.7267,12147.3,12555.1,6469.89
2025-07-14,6296.79,6201.59,5871.12,4785.65,37.476,40.1806,323.048,77.7267,12222.1,12632.4,6508.17
2025-07-21,6388.64,6281.71,5886.59,4795.31,38.0226,40.7667,323.048,77.7267,12403.3,12819.6,6603.1
2025-07-28,6238.01,6212.69,5900.93,4804.72,37.1261,39.8055,323.048,77.7267,12113.7,12520.4,6447.42
2025-08-04,6389.45,6271.71,5913.32,4814.71,37.731,40.4378,323.976,78.1033,12410.7,12790.6,6585.02
2025-08-11,6449.8,6364.06,5928.74,4824.6,38.0874,40.8197,323.976,78.1033,12530.9,12914.4,6647.22
2025-08-18,6466.91,6343.86,5944.69,4834.21,38.1884,40.928,323.976,78.1033,12567,12951.7,6664.85
2025-08-25,6460.26,6429.21,5959.47,4843.49,38.1491,40.8859,323.976,78.1033,12557,12941.4,6658
2025-09-02,6481.5,6360.58,5969.1,4852.41,37.9797,40.6874,324.8,78.48,12601.2,12954,6662.94
2025-09-08,6584.29,6483.08,5984.93,4861.91,38.582,41.3326,324.8,78.48,12804,13162.4,6768.61
2025-09-15,6664.36,6551.15,6000.47,4871.74,39.0512,41.8353,324.8,78.48,12962.6,13325.5,6850.92
2025-09-22,6643.7,6569.22,6014.91,4881.99,38.9301,41.7056,324.8,78.48,12925.4,13287.2,6829.68
2025-09-29,6715.79,6641,6031,4892.88,39.3525,42.1581,324.8,78.48,13068.6,13434.4,6903.79
2025-10-06,6552.51,6550.78,6049.51,4902.08,38.1395,40.8413,325.212,78.8267,12753.8,13094.2,6727.41
2025-10-13,6664.01,6555.07,6066.18,4912.3,38.7885,41.5363,325.212,78.8267,12973.8,13320.1,6841.88
2025-10-20,6791.69,6655.69,6086.79,4922.63,39.5316,42.3321,325.212,78.8267,13225.3,13578.3,6972.97
2025-10-27,6840.2,6814.26,6111.52,4933,39.814,42.6345,325.212,78.8267,13322.7,13678.3,7022.78
2025-11-03,6728.8,6631.44,6129.92,4943.25,39.0794,41.831,324.122,79.1733,13108.7,13503.9,6931.64
2025-11-10,6734.11,6646.87,6148.47,4953.61,39.1102,41.864,324.122,79.1733,13122,13517.6,6937.11
2025-11-17,6602.99,6521.92,6162.75,4964.64,38.3487,41.0489,324.122,79.1733,12869.5,13257.4,6802.03
2025-11-24,6849.09,6630.7,6177.35,4976.72,39.778,42.5788,324.122,79.1733,13352.1,13754.6,7055.55
2025-12-01,6870.4,6799.94,6195.34,4988.57,39.682,42.4591,324.054,79.52,13396.6,13803.4,7078.99
2025-12-08,6827.41,6801.79,6218,5000.62,39.4337,42.1935,324.054,79.52,13315.8,13720.1,7034.69
2025-12-15,6834.5,6720.43,6241.92,5013.04,39.4746,42.2373,324.054,79.52,13332.6,13737.4,7042
2025-12-22,6929.94,6855.74,6267.39,5025.77,40.0259,42.8271,324.054,79.52,13521.8,13932.3,7140.34
2025-12-29,6858.47,6824.31,6292.67,5038.42,39.6131,42.3854,324.054,79.52,13385.3,13791.7,7066.7
2026-01-05,6966.28,6891.56,6323.2,5052.23,39.8534,42.6259,325.252,79.8018,13598.7,13960,7151.34
2026-01-12,6940.01,6885.74,6355.8,5064.61,39.7031,42.4651,325.252,79.8018,13550.4,13910.4,7124.37
2026-01-20,6915.61,6789.05,6387.29,5076.47,39.5635,42.3158,325.252,79.8018,13505.8,13864.6,7099.33
2026-01-26,6939.03,6870.8,6428.98,5088.44,39.6975,42.4591,325.252,79.8018,13554.5,13914.6,7123.37
2026-02-02,6932.3,6780.13,6469.51,5100.66,39.2318,41.9449,326.785,80.0835,13544.4,13838.9,7083.08
2026-02-09,6836.17,6794.55,6504.72,5112.88,38.6878,41.3632,326.785,80.0835,13359.6,13650.1,6984.86
2026-02-17,6909.51,6775.5,6529.65,5126.07,39.1029,41.807,326.785,80.0835,13505.9,13799.6,7059.79
2026-02-23,6878.88,6815.43,6559.93,5139.8,38.9295,41.6216,326.785,80.0835,13449,13741.5,7028.49
2026-03-02,6740.02,6710.42,6582.53,5152.89,37.508,40.0878,330.213,80.3653,13180.6,13327.4,6815.12
2026-03-09,6632.19,6623.92,6604.06,5165.93,36.9079,39.4464,330.213,80.3653,12972.7,13117.3,6706.09
2026-03-16,6506.48,6473.52,6621.73,5178.95,36.2083,38.6987,330.213,80.3653,12729.8,12871.7,6578.98
2026-03-23,6368.85,6356.08,6634.83,5190.01,35.4424,37.8802,330.213,80.3653,12463.6,12602.5,6439.82
2026-03-30,6582.69,6316.91,6644.6,5202.38,36.6324,39.152,330.213,80.3653,12885.1,13028.7,6656.04
2026-04-06,6816.89,6534.55,6662.62,5216.96,37.3702,39.9251,333.02,80.8113,13346.6,13381.5,6834.75
2026-04-13,7126.06,6790.02,6683.79,5234.21,39.065,41.7359,333.02,80.8113,13954.9,13991.5,7144.73
2026-04-20,7165.08,7046.55,6705.59,5250.48,39.2789,41.9644,333.02,80.8113,14034.4,14071.1,7183.85
2026-04-27,7230.12,7107.86,6728.45,5267.5,39.6355,42.3453,333.02,80.8113,14164.8,14201.9,7249.06
2026-05-04,7398.93,7174.12,6753.41,5285,40.0277,42.7452,335.123,81.2572,14498.6,14445.4,7371.76
2026-05-11,7408.5,7338.54,6779.87,5302.73,40.0794,42.8004,335.123,81.2572,14520.4,14467.1,7381.3
2026-05-18,7473.47,7333.68,6807.66,5320.29,40.4309,43.1758,335.123,81.2572,14650.8,14597,7446.03
2026-05-26,7580.06,7499.72,6830.83,5337.54,41.0076,43.7916,335.123,81.2572,14862.8,14808.3,7552.23
2026-06-01,7383.74,7368.63,6858.26,5353.73,39.7929,42.475,333.952,81.7032,14481,14478.4,7382.42
2026-06-08,7431.46,7237.85,6881.99,5369.49,40.0501,42.7495,333.952,81.7032,14577.6,14575.1,7430.14
2026-06-15,7500.58,7402.61,6902.63,5385.85,40.4226,43.1471,333.952,81.7032,14716.3,14713.7,7499.24
2026-06-22,7354.02,7294.18,6924.97,5402.33,39.6327,42.304,333.952,81.7032,14431.8,14429.3,7352.71
2026-06-29,7483.24,7348.88,6942.91,5420.12,40.3291,43.0474,333.952,81.7032,14688.5,14685.9,7481.91
2026-07-06,7575.39,7421.82,6965.14,5437.66,40.5116,43.1821,333.918,81.7032,14872.5,14871.3,7574.81
2026-07-13,7457.69,7431.26,6987.23,5455.58,39.8822,42.5112,333.918,81.7032,14644.5,14643.4,7457.12
2026-07-20,7411.98,7376,7005.73,5474.18,39.6377,42.2506,333.918,81.7032,14557.8,14556.7,7411.41
2026-07-27,7489.72,7313.92,7024.11,5493.7,40.0535,42.6938,333.918,81.7032,14713.6,14712.5,7489.15
2026-08-03,7757.64,7504.78,7050.03,5514.29,41.3668,44.0713,333.901,81.7032,15243,15242.6,7757.44
2026-08-10,7785.76,7717.25,7074.9,5535.3,41.5168,44.2311,333.901,81.7032,15301.3,15301,7785.56
2026-08-17,7674.37,7639.01,7095.72,5554.91,40.9228,43.5983,333.901,81.7032,15085.5,15085.1,7674.17
2026-08-24,7711.76,7638.17,7118.72,5573.96,41.1222,43.8107,333.901,81.7032,15162.1,15161.7,7711.56
2026-08-31,7718.6,7611.2,7141.76,5593.7,41.1586,43.8495,333.901,81.7032,15178.6,15178.3,7718.4
2026-09-08,7656.98,7580.06,7162.55,5612.02,40.7115,43.3511,333.892,81.7032,15060.6,15060.6,7656.98
2026-09-14,7650.5,7507.77,7183.05,5630.45,40.677,43.3144,333.892,81.7032,15050.9,15050.9,7650.5
2026-09-21,7743.41,7662.57,7205.2,5649.04,41.171,43.8404,333.892,81.7032,15236.8,15236.8,7743.41
